-- phpMyAdmin SQL Dump
-- version 3.5.3
-- http://www.phpmyadmin.net
--
-- Host: localhost
-- Generation Time: Dec 24, 2012 at 01:31 AM
-- Server version: 5.1.66-cll
-- PHP Version: 5.2.17

SET SQL_MODE="NO_AUTO_VALUE_ON_ZERO";
SET time_zone = "+00:00";


/*!40101 SET @OLD_CHARACTER_SET_CLIENT=@@CHARACTER_SET_CLIENT */;
/*!40101 SET @OLD_CHARACTER_SET_RESULTS=@@CHARACTER_SET_RESULTS */;
/*!40101 SET @OLD_COLLATION_CONNECTION=@@COLLATION_CONNECTION */;
/*!40101 SET NAMES utf8 */;

--
-- Database: `a23app_vend`
--

-- --------------------------------------------------------

--
-- Table structure for table `fipoma_ana_category`
--

CREATE TABLE IF NOT EXISTS `fipoma_ana_category` (
  `id` mediumint(9) NOT NULL AUTO_INCREMENT,
  `id_parent` int(11) NOT NULL,
  `name` varchar(25) COLLATE utf8_unicode_ci NOT NULL,
  PRIMARY KEY (`id`)
) ENGINE=InnoDB  DEFAULT CHARSET=utf8 COLLATE=utf8_unicode_ci AUTO_INCREMENT=3 ;

--
-- Dumping data for table `fipoma_ana_category`
--

INSERT INTO `fipoma_ana_category` (`id`, `id_parent`, `name`) VALUES
(1, 1, 'THỨC ĂN'),
(2, 2, 'THUỐC');

-- --------------------------------------------------------

--
-- Table structure for table `fipoma_ana_order_export`
--

CREATE TABLE IF NOT EXISTS `fipoma_ana_order_export` (
  `id` mediumint(9) NOT NULL AUTO_INCREMENT,
  `id_pond` mediumint(9) NOT NULL,
  `id_store` mediumint(9) NOT NULL,
  `date` date NOT NULL,
  `note` varchar(50) COLLATE utf8_unicode_ci NOT NULL,
  PRIMARY KEY (`id`,`id_pond`,`id_store`),
  KEY `fipoma_ana_order_export_1` (`id_pond`),
  KEY `fipoma_ana_order_export_2` (`id_store`)
) ENGINE=InnoDB  DEFAULT CHARSET=utf8 COLLATE=utf8_unicode_ci AUTO_INCREMENT=444 ;

--
-- Dumping data for table `fipoma_ana_order_export`
--

INSERT INTO `fipoma_ana_order_export` (`id`, `id_pond`, `id_store`, `date`, `note`) VALUES
(1, 11, 1, '2012-08-15', 'TA'),
(2, 11, 1, '2012-08-17', 'TA'),
(3, 11, 1, '2012-08-18', 'TA'),
(4, 11, 1, '2012-08-19', 'TA'),
(5, 11, 1, '2012-08-20', 'TA'),
(6, 11, 1, '2012-08-21', 'TA'),
(7, 11, 1, '2012-08-22', 'TA'),
(8, 11, 1, '2012-08-23', 'TA'),
(9, 11, 1, '2012-08-24', 'TA'),
(10, 11, 1, '2012-08-25', 'TA'),
(11, 11, 1, '2012-08-26', 'TA'),
(12, 11, 1, '2012-08-27', 'TA'),
(13, 11, 1, '2012-08-28', 'TA'),
(14, 11, 1, '2012-08-29', 'TA'),
(15, 11, 1, '2012-08-29', 'TA'),
(16, 11, 1, '2012-08-30', 'TA'),
(17, 11, 1, '2012-08-31', 'TA'),
(18, 11, 1, '2012-09-01', 'TA'),
(19, 11, 1, '2012-09-02', 'TA'),
(20, 11, 1, '2012-09-03', 'TA'),
(21, 11, 1, '2012-09-04', 'TA'),
(22, 11, 1, '2012-09-05', 'TA'),
(23, 11, 1, '2012-09-06', 'TA'),
(24, 11, 1, '2012-09-07', 'TA'),
(25, 11, 1, '2012-09-08', 'TA'),
(26, 11, 1, '2012-09-09', 'TA'),
(27, 11, 1, '2012-09-10', 'TA'),
(28, 11, 1, '2012-09-11', 'TA'),
(29, 11, 1, '2012-09-12', 'TA'),
(30, 11, 1, '2012-09-13', 'TA'),
(31, 11, 1, '2012-09-14', 'TA'),
(32, 11, 1, '2012-09-15', 'TA'),
(33, 11, 1, '2012-09-16', 'TA'),
(34, 11, 1, '2012-09-17', 'TA'),
(35, 11, 1, '2012-09-18', 'TA'),
(36, 11, 1, '2012-09-19', 'TA'),
(37, 11, 1, '2012-09-20', 'TA'),
(38, 11, 1, '2012-09-21', 'TA'),
(39, 11, 1, '2012-09-22', 'TA'),
(40, 11, 1, '2012-09-23', 'TA'),
(41, 11, 1, '2012-09-24', 'TA'),
(42, 11, 1, '2012-09-25', 'TA'),
(43, 11, 1, '2012-09-26', 'TA'),
(44, 11, 1, '2012-09-27', 'TA'),
(45, 11, 1, '2012-09-28', 'TA'),
(46, 11, 1, '2012-09-29', 'TA'),
(47, 11, 1, '2012-09-30', 'TA'),
(48, 11, 1, '2012-10-01', 'TA'),
(49, 11, 1, '2012-10-02', 'TA'),
(50, 11, 1, '2012-10-03', 'TA'),
(51, 11, 1, '2012-10-04', 'TA'),
(52, 11, 1, '2012-10-05', 'TA'),
(53, 11, 1, '2012-10-06', 'TA'),
(54, 11, 1, '2012-10-07', 'TA'),
(55, 11, 1, '2012-10-08', 'TA'),
(56, 11, 1, '2012-10-09', 'TA'),
(57, 11, 1, '2012-10-10', 'TA'),
(58, 11, 1, '2012-10-11', 'TA'),
(59, 11, 1, '2012-10-12', 'TA'),
(60, 11, 1, '2012-10-13', 'TA'),
(61, 11, 1, '2012-10-14', 'TA'),
(62, 11, 1, '2012-10-15', 'TA'),
(63, 11, 1, '2012-10-16', 'TA'),
(64, 11, 1, '2012-10-17', 'TA'),
(65, 11, 1, '2012-10-18', 'TA'),
(66, 12, 1, '2012-08-17', 'TA'),
(67, 12, 1, '2012-08-18', 'TA'),
(68, 12, 1, '2012-08-19', 'TA'),
(69, 12, 1, '2012-08-20', 'TA'),
(70, 12, 1, '2012-08-21', 'TA'),
(71, 12, 1, '2012-08-22', 'TA'),
(72, 12, 1, '2012-08-23', 'TA'),
(73, 12, 1, '2012-08-24', 'TA'),
(74, 12, 1, '2012-08-25', 'TA'),
(75, 12, 1, '2012-08-26', 'TA'),
(76, 12, 1, '2012-08-27', 'TA'),
(77, 12, 1, '2012-08-28', 'TA'),
(78, 12, 1, '2012-08-29', 'TA'),
(79, 12, 1, '2012-08-29', 'TA'),
(80, 12, 1, '2012-08-30', 'TA'),
(81, 12, 1, '2012-08-31', 'TA'),
(82, 12, 1, '2012-09-01', 'TA'),
(83, 12, 1, '2012-09-02', 'TA'),
(84, 12, 1, '2012-09-03', 'TA'),
(85, 12, 1, '2012-09-04', 'TA'),
(86, 12, 1, '2012-09-05', 'TA'),
(87, 12, 1, '2012-09-06', 'TA'),
(88, 12, 1, '2012-09-07', 'TA'),
(89, 12, 1, '2012-09-08', 'TA'),
(90, 12, 1, '2012-09-09', 'TA'),
(91, 12, 1, '2012-09-10', 'TA'),
(92, 12, 1, '2012-09-11', 'TA'),
(93, 12, 1, '2012-09-12', 'TA'),
(94, 12, 1, '2012-09-13', 'TA'),
(95, 12, 1, '2012-09-14', 'TA'),
(96, 12, 1, '2012-09-15', 'TA'),
(97, 12, 1, '2012-09-16', 'TA'),
(98, 12, 1, '2012-09-17', 'TA'),
(99, 12, 1, '2012-09-18', 'TA'),
(100, 12, 1, '2012-09-19', 'TA'),
(101, 12, 1, '2012-09-20', 'TA'),
(102, 12, 1, '2012-09-21', 'TA'),
(103, 12, 1, '2012-09-22', 'TA'),
(104, 12, 1, '2012-09-23', 'TA'),
(105, 12, 1, '2012-09-24', 'TA'),
(106, 12, 1, '2012-09-25', 'TA'),
(107, 12, 1, '2012-09-26', 'TA'),
(108, 12, 1, '2012-09-27', 'TA'),
(109, 12, 1, '2012-09-28', 'TA'),
(110, 12, 1, '2012-09-29', 'TA'),
(111, 12, 1, '2012-09-30', 'TA'),
(112, 12, 1, '2012-10-01', 'TA'),
(113, 12, 1, '2012-10-02', 'TA'),
(114, 12, 1, '2012-10-03', 'TA'),
(115, 12, 1, '2012-10-04', 'TA'),
(116, 12, 1, '2012-10-05', 'TA'),
(117, 12, 1, '2012-10-06', 'TA'),
(118, 12, 1, '2012-10-07', 'TA'),
(119, 12, 1, '2012-10-08', 'TA'),
(120, 12, 1, '2012-10-09', 'TA'),
(121, 12, 1, '2012-10-10', 'TA'),
(122, 12, 1, '2012-10-11', 'TA'),
(123, 12, 1, '2012-10-12', 'TA'),
(124, 12, 1, '2012-10-13', 'TA'),
(125, 12, 1, '2012-10-14', 'TA'),
(126, 12, 1, '2012-10-15', 'TA'),
(127, 12, 1, '2012-10-16', 'TA'),
(128, 12, 1, '2012-10-17', 'TA'),
(129, 12, 1, '2012-10-18', 'TA'),
(130, 13, 1, '2012-08-19', 'TA'),
(131, 13, 1, '2012-08-20', 'TA'),
(132, 13, 1, '2012-08-21', 'TA'),
(133, 13, 1, '2012-08-22', 'TA'),
(134, 13, 1, '2012-08-23', 'TA'),
(135, 13, 1, '2012-08-24', 'TA'),
(136, 13, 1, '2012-08-25', 'TA'),
(137, 13, 1, '2012-08-26', 'TA'),
(138, 13, 1, '2012-08-27', 'TA'),
(139, 13, 1, '2012-08-28', 'TA'),
(140, 13, 1, '2012-08-29', 'TA'),
(141, 13, 1, '2012-08-30', 'TA'),
(142, 13, 1, '2012-08-31', 'TA'),
(143, 13, 1, '2012-09-01', 'TA'),
(144, 13, 1, '2012-09-02', 'TA'),
(145, 13, 1, '2012-09-03', 'TA'),
(146, 13, 1, '2012-09-04', 'TA'),
(147, 13, 1, '2012-09-05', 'TA'),
(148, 13, 1, '2012-09-06', 'TA'),
(149, 13, 1, '2012-09-07', 'TA'),
(150, 13, 1, '2012-09-08', 'TA'),
(151, 13, 1, '2012-09-09', 'TA'),
(152, 13, 1, '2012-09-10', 'TA'),
(153, 13, 1, '2012-09-11', 'TA'),
(154, 13, 1, '2012-09-12', 'TA'),
(155, 13, 1, '2012-09-13', 'TA'),
(156, 13, 1, '2012-09-14', 'TA'),
(157, 13, 1, '2012-09-15', 'TA'),
(158, 13, 1, '2012-09-16', 'TA'),
(159, 13, 1, '2012-09-17', 'TA'),
(160, 13, 1, '2012-09-18', 'TA'),
(161, 13, 1, '2012-09-19', 'TA'),
(162, 13, 1, '2012-09-20', 'TA'),
(163, 13, 1, '2012-09-21', 'TA'),
(164, 13, 1, '2012-09-22', 'TA'),
(165, 13, 1, '2012-09-23', 'TA'),
(166, 13, 1, '2012-09-24', 'TA'),
(167, 13, 1, '2012-09-25', 'TA'),
(168, 13, 1, '2012-09-26', 'TA'),
(169, 13, 1, '2012-09-27', 'TA'),
(170, 13, 1, '2012-09-28', 'TA'),
(171, 13, 1, '2012-09-29', 'TA'),
(172, 13, 1, '2012-09-30', 'TA'),
(173, 13, 1, '2012-10-01', 'TA'),
(174, 13, 1, '2012-10-02', 'TA'),
(175, 13, 1, '2012-10-03', 'TA'),
(176, 13, 1, '2012-10-04', 'TA'),
(177, 13, 1, '2012-10-05', 'TA'),
(178, 13, 1, '2012-10-06', 'TA'),
(179, 13, 1, '2012-10-07', 'TA'),
(180, 13, 1, '2012-10-08', 'TA'),
(181, 13, 1, '2012-10-09', 'TA'),
(182, 13, 1, '2012-10-10', 'TA'),
(183, 13, 1, '2012-10-11', 'TA'),
(184, 13, 1, '2012-10-12', 'TA'),
(185, 13, 1, '2012-10-13', 'TA'),
(186, 13, 1, '2012-10-14', 'TA'),
(187, 13, 1, '2012-10-15', 'TA'),
(188, 13, 1, '2012-10-16', 'TA'),
(189, 13, 1, '2012-10-17', 'TA'),
(190, 13, 1, '2012-10-18', 'TA'),
(191, 14, 1, '2012-08-16', 'TA'),
(192, 14, 1, '2012-08-17', 'TA'),
(193, 14, 1, '2012-08-18', 'TA'),
(194, 14, 1, '2012-08-19', 'TA'),
(195, 14, 1, '2012-08-20', 'TA'),
(196, 14, 1, '2012-08-21', 'TA'),
(197, 14, 1, '2012-08-22', 'TA'),
(198, 14, 1, '2012-08-23', 'TA'),
(199, 14, 1, '2012-08-24', 'TA'),
(200, 14, 1, '2012-08-25', 'TA'),
(201, 14, 1, '2012-08-26', 'TA'),
(202, 14, 1, '2012-08-27', 'TA'),
(203, 14, 1, '2012-08-28', 'TA'),
(204, 14, 1, '2012-08-29', 'TA'),
(205, 14, 1, '2012-08-30', 'TA'),
(206, 14, 1, '2012-08-31', 'TA'),
(207, 14, 1, '2012-09-01', 'TA'),
(208, 14, 1, '2012-09-02', 'TA'),
(209, 14, 1, '2012-09-03', 'TA'),
(210, 14, 1, '2012-09-04', 'TA'),
(211, 14, 1, '2012-09-05', 'TA'),
(212, 14, 1, '2012-09-06', 'TA'),
(213, 14, 1, '2012-09-07', 'TA'),
(214, 14, 1, '2012-09-08', 'TA'),
(215, 14, 1, '2012-09-09', 'TA'),
(216, 14, 1, '2012-09-10', 'TA'),
(217, 14, 1, '2012-09-11', 'TA'),
(218, 14, 1, '2012-09-12', 'TA'),
(219, 14, 1, '2012-09-13', 'TA'),
(220, 14, 1, '2012-09-14', 'TA'),
(221, 14, 1, '2012-09-15', 'TA'),
(222, 14, 1, '2012-09-16', 'TA'),
(223, 14, 1, '2012-09-17', 'TA'),
(224, 14, 1, '2012-09-18', 'TA'),
(225, 14, 1, '2012-09-19', 'TA'),
(226, 14, 1, '2012-09-20', 'TA'),
(227, 14, 1, '2012-09-21', 'TA'),
(228, 14, 1, '2012-09-22', 'TA'),
(229, 14, 1, '2012-09-23', 'TA'),
(230, 14, 1, '2012-09-24', 'TA'),
(231, 14, 1, '2012-09-25', 'TA'),
(232, 14, 1, '2012-09-26', 'TA'),
(233, 14, 1, '2012-09-27', 'TA'),
(234, 14, 1, '2012-09-28', 'TA'),
(235, 14, 1, '2012-09-29', 'TA'),
(236, 14, 1, '2012-09-30', 'TA'),
(237, 14, 1, '2012-10-01', 'TA'),
(238, 14, 1, '2012-10-02', 'TA'),
(239, 14, 1, '2012-10-03', 'TA'),
(240, 14, 1, '2012-10-04', 'TA'),
(241, 14, 1, '2012-10-05', 'TA'),
(242, 14, 1, '2012-10-06', 'TA'),
(243, 14, 1, '2012-10-07', 'TA'),
(244, 14, 1, '2012-10-08', 'TA'),
(245, 14, 1, '2012-10-09', 'TA'),
(246, 14, 1, '2012-10-10', 'TA'),
(247, 14, 1, '2012-10-11', 'TA'),
(248, 14, 1, '2012-10-12', 'TA'),
(249, 14, 1, '2012-10-13', 'TA'),
(250, 14, 1, '2012-10-14', 'TA'),
(251, 14, 1, '2012-10-15', 'TA'),
(252, 14, 1, '2012-10-16', 'TA'),
(253, 14, 1, '2012-10-17', 'TA'),
(254, 14, 1, '2012-10-18', 'TA'),
(255, 2, 1, '2012-08-16', 'TA'),
(256, 2, 1, '2012-08-17', 'TA'),
(257, 2, 1, '2012-08-18', 'TA'),
(258, 2, 1, '2012-08-19', 'TA'),
(259, 2, 1, '2012-08-20', 'TA'),
(260, 2, 1, '2012-08-21', 'TA'),
(261, 2, 1, '2012-08-22', 'TA'),
(262, 2, 1, '2012-08-23', 'TA'),
(263, 2, 1, '2012-08-24', 'TA'),
(264, 2, 1, '2012-08-25', 'TA'),
(265, 2, 1, '2012-08-26', 'TA'),
(266, 2, 1, '2012-08-27', 'TA'),
(267, 2, 1, '2012-08-28', 'TA'),
(268, 2, 1, '2012-08-29', 'TA'),
(269, 2, 1, '2012-08-30', 'TA'),
(270, 2, 1, '2012-08-31', 'TA'),
(271, 2, 1, '2012-09-01', 'TA'),
(272, 2, 1, '2012-09-02', 'TA'),
(273, 2, 1, '2012-09-03', 'TA'),
(274, 2, 1, '2012-09-04', 'TA'),
(275, 2, 1, '2012-09-05', 'TA'),
(276, 2, 1, '2012-09-06', 'TA'),
(277, 2, 1, '2012-09-07', 'TA'),
(278, 2, 1, '2012-09-08', 'TA'),
(279, 2, 1, '2012-09-09', 'TA'),
(280, 2, 1, '2012-09-10', 'TA'),
(281, 2, 1, '2012-09-11', 'TA'),
(282, 2, 1, '2012-09-12', 'TA'),
(283, 2, 1, '2012-09-13', 'TA'),
(284, 2, 1, '2012-09-14', 'TA'),
(285, 2, 1, '2012-09-15', 'TA'),
(286, 2, 1, '2012-09-16', 'TA'),
(287, 2, 1, '2012-09-17', 'TA'),
(288, 2, 1, '2012-09-18', 'TA'),
(289, 2, 1, '2012-09-19', 'TA'),
(290, 2, 1, '2012-09-20', 'TA'),
(291, 2, 1, '2012-09-21', 'TA'),
(292, 2, 1, '2012-09-22', 'TA'),
(293, 2, 1, '2012-09-22', 'TA'),
(294, 2, 1, '2012-09-23', 'TA'),
(295, 2, 1, '2012-09-24', 'TA'),
(296, 2, 1, '2012-09-25', 'TA'),
(297, 2, 1, '2012-09-26', 'TA'),
(298, 2, 1, '2012-09-27', 'TA'),
(299, 2, 1, '2012-09-28', 'TA'),
(300, 2, 1, '2012-09-29', 'TA'),
(301, 2, 1, '2012-09-30', 'TA'),
(302, 2, 1, '2012-10-01', 'TA'),
(303, 2, 1, '2012-10-02', 'TA'),
(304, 2, 1, '2012-10-03', 'TA'),
(305, 2, 1, '2012-10-04', 'TA'),
(306, 2, 1, '2012-10-05', 'TA'),
(307, 2, 1, '2012-10-06', 'TA'),
(308, 2, 1, '2012-10-07', 'TA'),
(309, 2, 1, '2012-10-08', 'TA'),
(310, 2, 1, '2012-10-09', 'TA'),
(311, 2, 1, '2012-10-10', 'TA'),
(312, 2, 1, '2012-10-11', 'TA'),
(313, 2, 1, '2012-10-12', 'TA'),
(314, 2, 1, '2012-10-13', 'TA'),
(315, 2, 1, '2012-10-14', 'TA'),
(316, 2, 1, '2012-10-15', 'TA'),
(317, 2, 1, '2012-10-16', 'TA'),
(318, 2, 1, '2012-10-17', 'TA'),
(319, 2, 1, '2012-10-18', 'TA'),
(320, 10, 1, '2012-08-19', 'TA'),
(321, 10, 1, '2012-08-20', 'TA'),
(322, 10, 1, '2012-08-21', 'TA'),
(323, 10, 1, '2012-08-22', 'TA'),
(324, 10, 1, '2012-08-23', 'TA'),
(325, 10, 1, '2012-08-24', 'TA'),
(326, 10, 1, '2012-08-25', 'TA'),
(327, 10, 1, '2012-08-26', 'TA'),
(328, 10, 1, '2012-08-27', 'TA'),
(329, 10, 1, '2012-08-28', 'TA'),
(330, 10, 1, '2012-08-29', 'TA'),
(331, 10, 1, '2012-09-01', 'TA'),
(332, 10, 1, '2012-09-02', 'TA'),
(333, 10, 1, '2012-09-03', 'TA'),
(334, 10, 1, '2012-09-04', 'TA'),
(335, 10, 1, '2012-09-05', 'TA'),
(336, 10, 1, '2012-09-06', 'TA'),
(337, 10, 1, '2012-09-07', 'TA'),
(338, 10, 1, '2012-09-08', 'TA'),
(339, 10, 1, '2012-09-09', 'TA'),
(340, 10, 1, '2012-09-10', 'TA'),
(341, 10, 1, '2012-09-11', 'TA'),
(342, 10, 1, '2012-09-12', 'TA'),
(343, 10, 1, '2012-09-13', 'TA'),
(344, 10, 1, '2012-09-14', 'TA'),
(345, 10, 1, '2012-09-15', 'TA'),
(346, 10, 1, '2012-09-16', 'TA'),
(347, 10, 1, '2012-09-17', 'TA'),
(348, 10, 1, '2012-09-18', 'TA'),
(349, 10, 1, '2012-09-19', 'TA'),
(350, 10, 1, '2012-09-20', 'TA'),
(351, 10, 1, '2012-09-21', 'TA'),
(352, 10, 1, '2012-09-22', 'TA'),
(353, 10, 1, '2012-09-23', 'TA'),
(354, 10, 1, '2012-09-24', 'TA'),
(355, 10, 1, '2012-09-25', 'TA'),
(356, 10, 1, '2012-09-26', 'TA'),
(357, 10, 1, '2012-09-27', 'TA'),
(358, 10, 1, '2012-09-28', 'TA'),
(359, 10, 1, '2012-09-29', 'TA'),
(360, 10, 1, '2012-09-30', 'TA'),
(361, 10, 1, '2012-10-01', 'TA'),
(362, 10, 1, '2012-10-02', 'TA'),
(363, 10, 1, '2012-10-03', 'TA'),
(364, 10, 1, '2012-10-04', 'TA'),
(365, 10, 1, '2012-10-05', 'TA'),
(366, 10, 1, '2012-10-06', 'TA'),
(367, 10, 1, '2012-10-07', 'TA'),
(368, 10, 1, '2012-10-08', 'TA'),
(369, 10, 1, '2012-10-09', 'TA'),
(370, 10, 1, '2012-10-10', 'TA'),
(371, 10, 1, '2012-10-11', 'TA'),
(372, 10, 1, '2012-10-12', 'TA'),
(373, 10, 1, '2012-10-13', 'TA'),
(374, 10, 1, '2012-10-14', 'TA'),
(375, 10, 1, '2012-10-15', 'TA'),
(376, 10, 1, '2012-10-16', 'TA'),
(377, 10, 1, '2012-10-17', 'TA'),
(378, 10, 1, '2012-10-18', 'TA'),
(411, 10, 2, '2011-06-30', 'TH'),
(412, 10, 2, '2011-07-31', 'TH'),
(413, 10, 2, '2011-08-31', 'TH'),
(414, 10, 2, '2011-09-30', 'TH'),
(415, 10, 2, '2011-10-31', 'TH'),
(416, 10, 1, '2011-11-30', 'TH'),
(417, 10, 1, '2011-12-31', 'TH'),
(418, 10, 1, '2012-01-31', 'TH'),
(419, 10, 2, '2012-02-05', 'TH'),
(420, 14, 2, '2012-08-31', 'TH'),
(421, 11, 2, '2012-05-31', 'TH'),
(422, 11, 2, '2012-06-30', 'TH'),
(423, 11, 2, '2012-07-31', 'TH'),
(424, 11, 2, '2012-08-31', 'TH'),
(425, 11, 2, '2012-09-30', 'TH'),
(426, 11, 2, '2012-10-31', 'TH'),
(427, 12, 2, '2012-06-30', 'TH'),
(428, 12, 2, '2012-07-31', 'TH'),
(429, 12, 2, '2012-08-31', 'TH'),
(430, 12, 2, '2012-09-30', 'TH'),
(431, 13, 2, '2012-08-31', 'TH'),
(432, 13, 2, '2012-09-30', 'TH'),
(433, 2, 2, '2012-08-31', 'TH'),
(434, 2, 2, '2012-09-30', 'TH'),
(435, 15, 2, '2012-04-30', 'TH'),
(436, 15, 2, '2012-05-31', 'TH'),
(437, 15, 2, '2012-06-30', 'TH'),
(438, 15, 2, '2012-07-31', 'TH'),
(439, 15, 2, '2012-08-31', 'TH'),
(440, 15, 2, '2012-09-30', 'TH'),
(442, 11, 1, '2012-11-30', 'TH'),
(443, 11, 1, '2012-11-01', 'TA');

-- --------------------------------------------------------

--
-- Table structure for table `fipoma_ana_order_export_detail`
--

CREATE TABLE IF NOT EXISTS `fipoma_ana_order_export_detail` (
  `id` mediumint(9) NOT NULL AUTO_INCREMENT,
  `id_order` mediumint(9) NOT NULL,
  `id_resource` mediumint(9) NOT NULL,
  `count` double NOT NULL,
  `price` double NOT NULL,
  PRIMARY KEY (`id`,`id_order`,`id_resource`),
  KEY `fipoma_ana_order_export_detail_1` (`id_order`),
  KEY `fipoma_ana_order_export_detail_2` (`id_resource`)
) ENGINE=InnoDB  DEFAULT CHARSET=utf8 COLLATE=utf8_unicode_ci AUTO_INCREMENT=1145 ;

--
-- Dumping data for table `fipoma_ana_order_export_detail`
--

INSERT INTO `fipoma_ana_order_export_detail` (`id`, `id_order`, `id_resource`, `count`, `price`) VALUES
(1, 1, 429, 800, 10000),
(2, 2, 429, 800, 10000),
(3, 3, 429, 1000, 10000),
(4, 4, 429, 1200, 10000),
(5, 5, 429, 40, 10000),
(6, 6, 429, 400, 10000),
(7, 7, 429, 400, 10000),
(8, 8, 415, 40, 10000),
(9, 9, 415, 40, 10000),
(10, 10, 415, 40, 10000),
(11, 11, 415, 40, 10000),
(12, 12, 415, 40, 10000),
(13, 13, 415, 40, 10000),
(14, 14, 415, 40, 10000),
(15, 15, 429, 40, 10000),
(16, 16, 415, 40, 10000),
(17, 17, 415, 40, 10000),
(18, 18, 415, 40, 10000),
(19, 19, 415, 40, 10000),
(20, 20, 415, 40, 10000),
(21, 21, 415, 40, 10000),
(22, 22, 415, 40, 10000),
(23, 23, 415, 40, 10000),
(24, 24, 415, 40, 10000),
(25, 25, 415, 40, 10000),
(26, 26, 415, 40, 10000),
(27, 27, 415, 40, 10000),
(28, 28, 415, 40, 10000),
(29, 29, 415, 40, 10000),
(30, 30, 415, 40, 10000),
(31, 31, 415, 40, 10000),
(32, 32, 415, 20, 10000),
(33, 33, 415, 40, 10000),
(34, 34, 415, 40, 10000),
(35, 35, 415, 40, 10000),
(36, 36, 415, 40, 10000),
(37, 37, 415, 40, 10000),
(38, 38, 415, 40, 10000),
(39, 39, 415, 40, 10000),
(40, 40, 415, 40, 10000),
(41, 41, 415, 40, 10000),
(42, 42, 415, 40, 10000),
(43, 43, 415, 40, 10000),
(44, 44, 415, 40, 10000),
(45, 45, 415, 40, 10000),
(46, 46, 415, 40, 10000),
(47, 47, 415, 40, 10000),
(48, 48, 415, 40, 10000),
(49, 49, 415, 40, 10000),
(50, 50, 415, 40, 10000),
(51, 51, 415, 40, 10000),
(52, 52, 415, 40, 10000),
(53, 53, 415, 40, 10000),
(54, 54, 415, 40, 10000),
(55, 55, 415, 40, 10000),
(56, 56, 415, 40, 10000),
(57, 57, 415, 40, 10000),
(58, 58, 415, 40, 10000),
(59, 59, 415, 40, 10000),
(60, 60, 415, 40, 10000),
(61, 61, 415, 40, 10000),
(62, 62, 415, 40, 10000),
(63, 63, 415, 40, 10000),
(64, 64, 415, 40, 10000),
(65, 65, 415, 40, 10000),
(66, 66, 429, 800, 10000),
(67, 67, 429, 1200, 10000),
(68, 68, 429, 1280, 10000),
(69, 69, 429, 880, 10000),
(70, 70, 429, 40, 10000),
(71, 71, 429, 40, 10000),
(72, 72, 415, 40, 10000),
(73, 73, 415, 40, 10000),
(74, 74, 415, 40, 10000),
(75, 75, 415, 40, 10000),
(76, 76, 415, 40, 10000),
(77, 77, 415, 40, 10000),
(78, 78, 429, 40, 10000),
(79, 79, 415, 40, 10000),
(80, 80, 415, 40, 10000),
(81, 81, 415, 40, 10000),
(82, 82, 415, 40, 10000),
(83, 83, 415, 40, 10000),
(84, 84, 415, 40, 10000),
(85, 85, 415, 40, 10000),
(86, 86, 415, 40, 10000),
(87, 87, 415, 40, 10000),
(88, 88, 415, 40, 10000),
(89, 89, 415, 40, 10000),
(90, 90, 415, 40, 10000),
(91, 91, 415, 40, 10000),
(92, 92, 415, 40, 10000),
(93, 93, 415, 40, 10000),
(94, 94, 415, 40, 10000),
(95, 95, 415, 40, 10000),
(96, 96, 415, 20, 10000),
(97, 97, 415, 40, 10000),
(98, 98, 415, 40, 10000),
(99, 99, 415, 40, 10000),
(100, 100, 415, 40, 10000),
(101, 101, 415, 40, 10000),
(102, 102, 415, 40, 10000),
(103, 103, 415, 40, 10000),
(104, 104, 415, 40, 10000),
(105, 105, 415, 40, 10000),
(106, 106, 415, 40, 10000),
(107, 107, 415, 40, 10000),
(108, 108, 415, 40, 10000),
(109, 109, 415, 40, 10000),
(110, 110, 415, 40, 10000),
(111, 111, 415, 40, 10000),
(112, 112, 415, 40, 10000),
(113, 113, 415, 40, 10000),
(114, 114, 415, 40, 10000),
(115, 115, 415, 40, 10000),
(116, 116, 415, 40, 10000),
(117, 117, 415, 40, 10000),
(118, 118, 415, 40, 10000),
(119, 119, 415, 40, 10000),
(120, 120, 415, 40, 10000),
(121, 121, 415, 40, 10000),
(122, 122, 415, 40, 10000),
(123, 123, 415, 40, 10000),
(124, 124, 415, 40, 10000),
(125, 125, 415, 40, 10000),
(126, 126, 415, 40, 10000),
(127, 127, 415, 40, 10000),
(128, 128, 415, 40, 10000),
(129, 129, 415, 40, 10000),
(130, 130, 429, 50, 10000),
(131, 131, 429, 640, 10000),
(132, 132, 429, 650, 10000),
(133, 133, 429, 250, 10000),
(134, 134, 429, 0, 10000),
(135, 135, 415, 40, 10000),
(136, 136, 415, 40, 10000),
(137, 137, 415, 40, 10000),
(138, 138, 415, 40, 10000),
(139, 139, 429, 0, 10000),
(140, 140, 415, 40, 10000),
(141, 141, 429, 0, 10000),
(142, 142, 429, 0, 10000),
(143, 143, 429, 320, 10000),
(144, 144, 429, 400, 10000),
(145, 145, 429, 480, 10000),
(146, 146, 429, 40, 10000),
(147, 147, 429, 40, 10000),
(148, 148, 429, 40, 10000),
(149, 149, 429, 40, 10000),
(150, 150, 429, 40, 10000),
(151, 151, 429, 40, 10000),
(152, 152, 429, 40, 10000),
(153, 153, 429, 40, 10000),
(154, 154, 429, 0, 10000),
(155, 155, 429, 0, 10000),
(156, 156, 429, 0, 10000),
(157, 157, 429, 0, 10000),
(158, 158, 429, 46, 10000),
(159, 159, 429, 46, 10000),
(160, 160, 429, 46, 10000),
(161, 161, 429, 46, 10000),
(162, 162, 429, 46, 10000),
(163, 163, 429, 46, 10000),
(164, 164, 429, 0, 10000),
(165, 165, 429, 0, 10000),
(166, 166, 429, 0, 10000),
(167, 167, 429, 0, 10000),
(168, 168, 429, 46, 10000),
(169, 169, 429, 46, 10000),
(170, 170, 429, 46, 10000),
(171, 171, 429, 46, 10000),
(172, 172, 429, 0, 10000),
(173, 173, 429, 0, 10000),
(174, 174, 429, 0, 10000),
(175, 175, 429, 40, 10000),
(176, 176, 429, 40, 10000),
(177, 177, 429, 40, 10000),
(178, 178, 429, 40, 10000),
(179, 179, 429, 40, 10000),
(180, 180, 429, 40, 10000),
(181, 181, 429, 40, 10000),
(182, 182, 429, 40, 10000),
(183, 183, 429, 40, 10000),
(184, 184, 429, 40, 10000),
(185, 185, 429, 40, 10000),
(186, 186, 429, 40, 10000),
(187, 187, 429, 40, 10000),
(188, 188, 429, 40, 10000),
(189, 189, 429, 40, 10000),
(190, 190, 429, 40, 10000),
(191, 191, 429, 120, 10000),
(192, 192, 429, 160, 10000),
(193, 193, 429, 240, 10000),
(194, 194, 429, 320, 10000),
(195, 195, 429, 400, 10000),
(196, 196, 429, 40, 10000),
(197, 197, 429, 400, 10000),
(198, 198, 429, 40, 10000),
(199, 199, 415, 40, 10000),
(200, 200, 429, 40, 10000),
(201, 201, 429, 40, 10000),
(202, 202, 429, 40, 10000),
(203, 203, 429, 40, 10000),
(204, 204, 429, 40, 10000),
(205, 205, 429, 40, 10000),
(206, 206, 429, 40, 10000),
(207, 207, 406, 40, 10000),
(208, 208, 406, 40, 10000),
(209, 209, 406, 40, 10000),
(210, 210, 406, 40, 10000),
(211, 211, 406, 40, 10000),
(212, 212, 406, 40, 10000),
(213, 213, 406, 40, 10000),
(214, 214, 406, 40, 10000),
(215, 215, 406, 0, 10000),
(216, 216, 406, 0, 10000),
(217, 217, 406, 40, 10000),
(218, 218, 406, 0, 10000),
(219, 219, 406, 0, 10000),
(220, 220, 406, 0, 10000),
(221, 221, 406, 0, 10000),
(222, 222, 406, 40, 10000),
(223, 223, 406, 40, 10000),
(224, 224, 406, 40, 10000),
(225, 225, 406, 40, 10000),
(226, 226, 406, 40, 10000),
(227, 227, 406, 40, 10000),
(228, 228, 406, 40, 10000),
(229, 229, 406, 40, 10000),
(230, 230, 406, 40, 10000),
(231, 231, 406, 40, 10000),
(232, 232, 406, 40, 10000),
(233, 233, 406, 40, 10000),
(234, 234, 406, 40, 10000),
(235, 235, 406, 40, 10000),
(236, 236, 406, 40, 10000),
(237, 237, 406, 0, 10000),
(238, 238, 406, 0, 10000),
(239, 239, 406, 40, 10000),
(240, 240, 406, 0, 10000),
(241, 241, 406, 0, 10000),
(242, 242, 406, 40, 10000),
(243, 243, 406, 40, 10000),
(244, 244, 406, 40, 10000),
(245, 245, 406, 0, 10000),
(246, 246, 406, 0, 10000),
(247, 247, 406, 0, 10000),
(248, 248, 406, 0, 10000),
(249, 249, 406, 0, 10000),
(250, 250, 406, 40, 10000),
(251, 251, 406, 40, 10000),
(252, 252, 406, 40, 10000),
(253, 253, 406, 40, 10000),
(254, 254, 406, 40, 10000),
(255, 255, 429, 80, 10000),
(256, 256, 429, 120, 10000),
(257, 257, 429, 160, 10000),
(258, 258, 429, 200, 10000),
(259, 259, 429, 240, 10000),
(260, 260, 429, 40, 10000),
(261, 261, 429, 0, 10000),
(262, 262, 415, 40, 10000),
(263, 263, 415, 40, 10000),
(264, 264, 415, 40, 10000),
(265, 265, 415, 40, 10000),
(266, 266, 415, 40, 10000),
(267, 267, 415, 40, 10000),
(268, 268, 415, 40, 10000),
(269, 269, 415, 40, 10000),
(270, 270, 415, 40, 10000),
(271, 271, 429, 40, 10000),
(272, 272, 429, 0, 10000),
(273, 273, 429, 0, 10000),
(274, 274, 429, 0, 10000),
(275, 275, 429, 40, 10000),
(276, 276, 429, 40, 10000),
(277, 277, 429, 40, 10000),
(278, 278, 429, 40, 10000),
(279, 279, 429, 40, 10000),
(280, 280, 429, 0, 10000),
(281, 281, 429, 0, 10000),
(282, 282, 429, 0, 10000),
(283, 283, 429, 0, 10000),
(284, 284, 429, 40, 10000),
(285, 285, 429, 40, 10000),
(286, 286, 429, 40, 10000),
(287, 287, 429, 40, 10000),
(288, 288, 429, 40, 10000),
(289, 289, 429, 40, 10000),
(290, 290, 429, 40, 10000),
(291, 291, 429, 40, 10000),
(292, 292, 429, 40, 10000),
(293, 293, 429, 40, 10000),
(294, 294, 429, 40, 10000),
(295, 295, 429, 40, 10000),
(296, 296, 429, 40, 10000),
(297, 297, 429, 40, 10000),
(298, 298, 429, 40, 10000),
(299, 299, 429, 40, 10000),
(300, 300, 429, 0, 10000),
(301, 301, 429, 0, 10000),
(302, 302, 429, 40, 10000),
(303, 303, 429, 40, 10000),
(304, 304, 429, 40, 10000),
(305, 305, 429, 0, 10000),
(306, 306, 429, 0, 10000),
(307, 307, 429, 0, 10000),
(308, 308, 429, 0, 10000),
(309, 309, 429, 0, 10000),
(310, 310, 429, 40, 10000),
(311, 311, 429, 40, 10000),
(312, 312, 429, 40, 10000),
(313, 313, 429, 40, 10000),
(314, 314, 429, 40, 10000),
(315, 315, 429, 40, 10000),
(316, 316, 429, 40, 10000),
(317, 317, 429, 40, 10000),
(318, 318, 429, 40, 10000),
(319, 319, 429, 40, 10000),
(320, 320, 429, 1200, 10000),
(321, 321, 429, 1000, 10000),
(322, 322, 429, 40, 10000),
(323, 323, 429, 40, 10000),
(324, 324, 415, 40, 10000),
(325, 325, 415, 40, 10000),
(326, 326, 415, 40, 10000),
(327, 327, 415, 0, 10000),
(328, 328, 415, 0, 10000),
(329, 329, 415, 0, 10000),
(330, 330, 415, 40, 10000),
(331, 331, 415, 40, 10000),
(332, 332, 415, 40, 10000),
(333, 333, 415, 40, 10000),
(334, 334, 415, 40, 10000),
(335, 335, 415, 40, 10000),
(336, 336, 415, 40, 10000),
(337, 337, 415, 40, 10000),
(338, 338, 415, 40, 10000),
(339, 339, 415, 40, 10000),
(340, 340, 415, 40, 10000),
(341, 341, 415, 40, 10000),
(342, 342, 415, 40, 10000),
(343, 343, 415, 40, 10000),
(344, 344, 415, 40, 10000),
(345, 345, 415, 20, 10000),
(346, 346, 415, 40, 10000),
(347, 347, 415, 40, 10000),
(348, 348, 415, 40, 10000),
(349, 349, 415, 40, 10000),
(350, 350, 415, 40, 10000),
(351, 351, 415, 40, 10000),
(352, 352, 415, 40, 10000),
(353, 353, 415, 40, 10000),
(354, 354, 415, 40, 10000),
(355, 355, 415, 40, 10000),
(356, 356, 415, 40, 10000),
(357, 357, 415, 40, 10000),
(358, 358, 415, 40, 10000),
(359, 359, 415, 40, 10000),
(360, 360, 415, 40, 10000),
(361, 361, 415, 40, 10000),
(362, 362, 415, 40, 10000),
(363, 363, 415, 40, 10000),
(364, 364, 415, 40, 10000),
(365, 365, 415, 40, 10000),
(366, 366, 415, 40, 10000),
(367, 367, 415, 40, 10000),
(368, 368, 415, 40, 10000),
(369, 369, 415, 40, 10000),
(370, 370, 415, 40, 10000),
(371, 371, 415, 40, 10000),
(372, 372, 415, 40, 10000),
(373, 373, 415, 40, 10000),
(374, 374, 415, 40, 10000),
(375, 375, 415, 40, 10000),
(376, 376, 415, 40, 10000),
(377, 377, 415, 40, 10000),
(378, 378, 415, 40, 10000),
(384, 411, 363, 2000, 1000),
(385, 411, 364, 6, 45000),
(386, 411, 365, 392, 3800),
(387, 411, 366, 300, 1100),
(388, 411, 367, 740, 2500),
(389, 411, 368, 146, 2200),
(390, 411, 369, 900, 1285),
(391, 411, 370, 95, 500),
(392, 411, 371, 110, 400),
(393, 412, 368, 146, 1750),
(394, 412, 371, 110, 600),
(395, 412, 372, 20, 80000),
(396, 412, 373, 150, 190),
(397, 412, 374, 6.5, 62000),
(398, 412, 370, 5.30000019073486, 110000),
(399, 412, 365, 2.5, 372000),
(400, 412, 375, 2, 828000),
(401, 412, 376, 50, 10500),
(402, 412, 377, 160, 360),
(403, 412, 378, 1650, 480),
(404, 412, 379, 1400, 650),
(405, 413, 365, 5.5, 392000),
(406, 413, 380, 3.29999995231628, 1220000),
(407, 413, 370, 3.59999990463257, 110000),
(408, 413, 379, 1.89999997615814, 650000),
(409, 413, 382, 1200, 100),
(410, 413, 383, 700, 1920),
(411, 413, 384, 1, 221000),
(412, 413, 368, 3400, 146),
(413, 413, 385, 250, 162),
(414, 413, 372, 5, 105000),
(415, 413, 386, 10, 42000),
(416, 413, 387, 3, 36000),
(417, 413, 388, 20, 10500),
(418, 414, 378, 1, 480000),
(419, 414, 390, 1150, 650),
(420, 414, 391, 2, 840000),
(421, 414, 392, 3.29999995231628, 320000),
(422, 414, 368, 2950, 146),
(423, 414, 372, 11, 105000),
(424, 414, 376, 60, 10500),
(425, 414, 365, 7, 373000),
(426, 414, 380, 1.29999995231628, 1220000),
(427, 414, 393, 4.80000019073486, 740000),
(428, 414, 394, 1, 82000),
(429, 414, 385, 1800, 160),
(430, 414, 387, 9, 72000),
(431, 414, 395, 50, 42000),
(432, 414, 396, 900, 122),
(433, 414, 397, 4, 425000),
(434, 414, 398, 1, 90000),
(435, 414, 399, 1.79999995231628, 335000),
(436, 414, 373, 150, 190),
(437, 415, 363, 2000, 1000),
(438, 415, 385, 3.5, 145000),
(439, 415, 400, 2, 66000),
(440, 415, 396, 1.5, 122000),
(441, 415, 398, 600, 90),
(442, 415, 394, 7, 67000),
(443, 415, 382, 1.5, 100000),
(444, 415, 373, 400, 190),
(445, 415, 377, 10, 400000),
(446, 415, 390, 500, 650),
(447, 415, 387, 3, 72000),
(448, 415, 401, 1, 250000),
(449, 415, 395, 15, 42000),
(450, 415, 378, 500, 480),
(451, 416, 385, 2.90000009536743, 145000),
(452, 416, 394, 2, 67000),
(453, 416, 373, 200, 190),
(454, 416, 386, 30, 40000),
(455, 416, 396, 1.29999995231628, 122000),
(456, 416, 402, 8, 145000),
(457, 416, 368, 2, 146000),
(458, 416, 398, 1.29999995231628, 90000),
(459, 416, 370, 2, 110000),
(460, 416, 372, 10, 105000),
(461, 417, 368, 3.5, 146000),
(462, 417, 395, 40, 40000),
(463, 417, 385, 2.09999990463257, 40000),
(464, 417, 396, 700, 122),
(465, 417, 370, 4, 110000),
(466, 417, 398, 700, 67),
(467, 417, 394, 6, 67000),
(468, 417, 379, 1, 650000),
(469, 417, 378, 1, 480000),
(470, 417, 377, 15, 400000),
(471, 417, 403, 2.5, 1350000),
(472, 417, 375, 6, 840000),
(473, 418, 375, 1, 840000),
(474, 418, 403, 1, 1250000),
(475, 418, 372, 7, 105000),
(476, 418, 376, 40, 10500),
(477, 418, 385, 4.90000009536743, 115000),
(478, 418, 398, 300, 67),
(479, 418, 368, 5, 146000),
(480, 418, 404, 4, 336000),
(481, 418, 366, 2, 350000),
(482, 418, 396, 1.39999997615814, 135000),
(483, 418, 377, 24, 400000),
(484, 418, 378, 1, 480000),
(485, 418, 379, 1, 650000),
(486, 418, 401, 1, 250000),
(487, 419, 385, 4, 115000),
(488, 419, 401, 2, 250000),
(489, 419, 406, 5000, 10000),
(490, 419, 406, 8000, 10000),
(491, 419, 405, 1000, 10000),
(492, 420, 393, 0.400000005960464, 750000),
(493, 420, 366, 0.449999988079071, 350000),
(494, 420, 370, 1.5, 95000),
(495, 420, 408, 0.200000002980232, 700000),
(496, 420, 409, 0.949999988079071, 79000),
(497, 420, 410, 1.10000002384186, 175000),
(498, 420, 372, 15, 90000),
(499, 420, 375, 2, 790000),
(500, 420, 411, 0.949999988079071, 700000),
(501, 420, 385, 0.800000011920929, 110000),
(502, 420, 364, 5, 52000),
(503, 420, 402, 1, 156000),
(504, 420, 412, 3, 300000),
(505, 420, 311, 2000, 11107),
(506, 420, 311, 4000, 11107),
(507, 420, 311, 1000, 11107),
(508, 420, 311, 4000, 11107),
(509, 420, 312, 5000, 10973),
(510, 420, 414, 4000, 10000),
(511, 420, 413, 10000, 10000),
(512, 420, 405, 8000, 10000),
(513, 420, 415, 6000, 10000),
(514, 420, 415, 6000, 10000),
(515, 420, 415, 7000, 10000),
(516, 420, 415, 4000, 10000),
(517, 420, 415, 5000, 10000),
(518, 420, 415, 3000, 10000),
(519, 421, 363, 2000, 1400),
(520, 421, 365, 1.5, 373000),
(521, 421, 366, 0.550000011920929, 350000),
(522, 421, 370, 4, 95000),
(523, 421, 368, 0.600000023841858, 146000),
(524, 421, 372, 25, 110000),
(525, 421, 367, 1.5, 1285000),
(526, 421, 403, 0.899999976158142, 1250000),
(527, 422, 383, 7.5, 1900000),
(528, 422, 365, 17, 373000),
(529, 422, 368, 4, 146000),
(530, 422, 416, 1.10000002384186, 75000),
(531, 422, 370, 2.5, 95000),
(532, 422, 402, 4, 156000),
(533, 422, 372, 10, 110000),
(534, 422, 403, 1.04999995231628, 1250000),
(535, 422, 417, 1.39999997615814, 1750000),
(536, 422, 391, 0.5, 770000),
(537, 422, 364, 3, 60000),
(538, 422, 412, 6, 340000),
(539, 422, 410, 0.100000001490116, 1750000),
(540, 422, 367, 1, 1285000),
(541, 422, 418, 0.899999976158142, 1300000),
(542, 423, 370, 5.5, 95000),
(543, 423, 368, 1.5, 146000),
(544, 423, 412, 6, 340000),
(545, 423, 416, 3, 75000),
(546, 423, 410, 0.449999988079071, 175000),
(547, 423, 377, 7.5, 426000),
(548, 423, 364, 22, 52000),
(549, 423, 379, 2.79999995231628, 650000),
(550, 423, 375, 2, 790000),
(551, 423, 365, 15, 373000),
(552, 423, 404, 1.5, 337000),
(553, 423, 398, 0.200000002980232, 65000),
(554, 423, 417, 2.5, 1750000),
(555, 423, 403, 2.59999990463257, 1250000),
(556, 423, 372, 20, 110000),
(557, 423, 393, 1.20000004768372, 740000),
(558, 423, 418, 1.5, 1300000),
(559, 424, 419, 750, 2000),
(560, 424, 379, 5, 650000),
(561, 424, 409, 0.25, 79000),
(562, 424, 410, 0.699999988079071, 175000),
(563, 424, 417, 10.6000003814697, 1750000),
(564, 424, 380, 4.30000019073486, 1250000),
(565, 424, 372, 45, 90000),
(566, 424, 412, 3, 300000),
(567, 424, 368, 5, 146000),
(568, 424, 418, 0.200000002980232, 1300000),
(569, 424, 375, 3, 790000),
(570, 424, 393, 1.20000004768372, 750000),
(571, 425, 385, 6.5, 110000),
(572, 425, 396, 6.90000009536743, 130000),
(573, 425, 368, 4.5, 146000),
(574, 425, 410, 1.5, 175000),
(575, 425, 379, 2, 660000),
(576, 425, 411, 11.5, 700000),
(577, 425, 420, 3, 760000),
(578, 425, 370, 1, 95000),
(579, 425, 365, 6, 313000),
(580, 425, 380, 3, 1230000),
(581, 425, 398, 0.899999976158142, 44000),
(582, 425, 416, 12, 79000),
(583, 425, 377, 12, 426000),
(584, 425, 393, 11, 290000),
(585, 425, 366, 3, 350000),
(586, 425, 421, 3, 33000),
(587, 425, 412, 0.5, 300000),
(588, 426, 311, 2000, 11107),
(589, 426, 312, 5000, 11088),
(590, 426, 413, 5000, 10900),
(591, 426, 413, 3000, 10900),
(592, 426, 405, 7000, 10000),
(593, 426, 415, 4000, 10000),
(594, 426, 415, 8000, 10000),
(595, 426, 415, 4000, 10000),
(596, 426, 415, 3000, 10000),
(597, 426, 415, 4000, 10000),
(598, 426, 415, 4000, 10000),
(599, 426, 415, 2000, 10000),
(600, 426, 415, 2000, 10000),
(601, 426, 415, 1000, 10000),
(602, 426, 415, 5000, 10000),
(603, 426, 422, 2000, 10473),
(604, 427, 363, 2000, 1400),
(605, 427, 375, 1, 790000),
(606, 427, 365, 3.5, 373000),
(607, 427, 370, 1.5, 95000),
(608, 427, 412, 2, 340000),
(609, 427, 380, 0.899999976158142, 1250000),
(610, 427, 364, 3, 60000),
(611, 428, 416, 1.5, 75000),
(612, 428, 410, 0.150000005960464, 175000),
(613, 428, 370, 13, 95000),
(614, 428, 368, 3.5, 146000),
(615, 428, 412, 4, 340000),
(616, 428, 417, 1.20000004768372, 1750000),
(617, 428, 380, 1.60000002384186, 1250000),
(618, 428, 377, 3.5, 426000),
(619, 428, 372, 10, 110000),
(620, 428, 364, 19, 52000),
(621, 428, 379, 0.300000011920929, 650000),
(622, 429, 419, 750, 2000),
(623, 429, 393, 1, 750000),
(624, 429, 418, 1, 1300000),
(625, 429, 370, 3, 95000),
(626, 429, 416, 5, 79000),
(627, 429, 410, 1.54999995231628, 175000),
(628, 429, 385, 2.65000009536743, 110000),
(629, 429, 364, 25, 52000),
(630, 429, 377, 4.5, 426000),
(631, 429, 368, 0.5, 146000),
(632, 429, 398, 0.5, 44000),
(633, 429, 375, 4, 790000),
(634, 429, 408, 1, 700000),
(635, 429, 411, 1.5, 700000),
(636, 429, 394, 2, 67000),
(637, 430, 377, 9, 426000),
(638, 430, 396, 2, 130000),
(639, 430, 380, 4.5, 1230000),
(640, 430, 420, 4.40000009536743, 760000),
(641, 430, 365, 4, 373000),
(642, 430, 393, 4, 750000),
(643, 430, 379, 0.5, 660000),
(644, 430, 410, 0.25, 175000),
(645, 430, 385, 1.20000004768372, 110000),
(646, 430, 416, 3.5, 79000),
(647, 430, 368, 3, 146000),
(648, 430, 411, 3, 700000),
(649, 430, 417, 5.80000019073486, 1750000),
(650, 430, 423, 9, 290000),
(651, 430, 425, 5000, 10000),
(652, 430, 424, 1000, 10000),
(653, 430, 406, 10000, 10000),
(654, 430, 406, 5000, 10000),
(655, 431, 419, 750, 2000),
(656, 431, 365, 6.5, 373000),
(657, 431, 418, 1.14999997615814, 1300000),
(658, 431, 364, 20, 52000),
(659, 431, 370, 5.5, 95000),
(660, 431, 372, 20, 90000),
(661, 431, 380, 0.600000023841858, 1250000),
(662, 431, 412, 7, 300000),
(663, 431, 416, 5.30000019073486, 79000),
(664, 431, 410, 1.35000002384186, 175000),
(665, 431, 385, 1.04999995231628, 110000),
(666, 431, 377, 2, 426000),
(667, 431, 393, 1.20000004768372, 750000),
(668, 431, 375, 4, 790000),
(669, 431, 408, 0.400000005960464, 700000),
(670, 431, 368, 2, 146000),
(671, 431, 411, 0.800000011920929, 700000),
(672, 432, 426, 4, 300000),
(673, 432, 410, 1.20000004768372, 175000),
(674, 432, 370, 8, 95000),
(675, 432, 379, 0.25, 660000),
(676, 432, 421, 2, 33000),
(677, 432, 375, 2, 790000),
(678, 432, 365, 10, 373000),
(679, 432, 417, 1.89999997615814, 1750000),
(680, 432, 380, 0.300000011920929, 1230000),
(681, 432, 383, 5, 1890000),
(682, 432, 412, 14, 300000),
(683, 432, 416, 2.79999995231628, 79000),
(684, 432, 368, 2.70000004768372, 146000),
(685, 432, 423, 11, 290000),
(686, 432, 372, 20, 90000),
(687, 432, 420, 0.349999994039536, 760000),
(688, 432, 393, 1, 750000),
(689, 432, 405, 1000, 10000),
(690, 432, 406, 4000, 10000),
(691, 432, 406, 4000, 10000),
(692, 433, 393, 0.699999988079071, 750000),
(693, 433, 366, 0.600000023841858, 52000),
(694, 433, 370, 1, 95000),
(695, 433, 412, 6, 300000),
(696, 433, 416, 2.5, 79000),
(697, 433, 410, 0.5, 175000),
(698, 433, 375, 0.5, 790000),
(699, 433, 411, 0.300000011920929, 700000),
(700, 433, 385, 0.600000023841858, 110000),
(701, 433, 402, 2, 157000),
(702, 433, 364, 5, 52000),
(703, 433, 383, 0.349999994039536, 1895000),
(704, 434, 379, 0.649999976158142, 660000),
(705, 434, 393, 0.150000005960464, 750000),
(706, 434, 410, 0.75, 175000),
(707, 434, 383, 2.79999995231628, 1895000),
(708, 434, 418, 1, 1300000),
(709, 434, 412, 2, 300000),
(710, 434, 385, 0.300000011920929, 110000),
(711, 434, 416, 1.5, 79000),
(712, 434, 417, 0.899999976158142, 1750000),
(713, 434, 423, 4, 290000),
(714, 434, 368, 2.20000004768372, 146000),
(715, 434, 372, 10, 90000),
(716, 434, 380, 0.200000002980232, 1230000),
(717, 434, 311, 3000, 12201),
(718, 434, 311, 5000, 12201),
(719, 434, 309, 1000, 10935),
(720, 434, 311, 2000, 12201),
(721, 434, 311, 2000, 12201),
(722, 434, 311, 7000, 12201),
(723, 434, 311, 3000, 12201),
(724, 434, 312, 5000, 10973),
(725, 434, 312, 10000, 10973),
(726, 434, 427, 5000, 10000),
(727, 434, 422, 3000, 10473),
(728, 440, 428, 10000, 10000),
(729, 434, 428, 13000, 10000),
(730, 434, 405, 7000, 10000),
(731, 434, 415, 3000, 10000),
(732, 434, 406, 8000, 10000),
(733, 434, 415, 10000, 10000),
(734, 434, 415, 8000, 10000),
(735, 434, 415, 10000, 10000),
(736, 434, 415, 8000, 10000),
(737, 434, 415, 3000, 10000),
(738, 434, 415, 5000, 10000),
(739, 434, 415, 6000, 10000),
(740, 434, 415, 4000, 10000),
(741, 434, 415, 6000, 10000),
(742, 434, 429, 8000, 10000),
(743, 434, 415, 8000, 10000),
(744, 434, 415, 8000, 10000),
(745, 434, 415, 12000, 10000),
(746, 434, 429, 5000, 10000),
(747, 434, 415, 6000, 10000),
(748, 434, 429, 5000, 10000),
(749, 434, 429, 8000, 10000),
(750, 435, 365, 2.5, 373000),
(751, 435, 366, 0.699999988079071, 345000),
(752, 435, 370, 1.39999997615814, 110000),
(753, 435, 402, 2, 156000),
(754, 440, 377, 15, 426000),
(755, 440, 385, 6.90000009536743, 110000),
(756, 440, 396, 5.80000019073486, 130000),
(757, 440, 421, 19, 35000),
(758, 440, 368, 4.5, 146000),
(759, 440, 410, 0.600000023841858, 175000),
(760, 440, 398, 1.5, 44000),
(761, 439, 419, 750, 2000),
(762, 439, 379, 4, 660000),
(763, 439, 410, 1.29999995231628, 175000),
(764, 439, 404, 4, 337000),
(765, 439, 370, 1, 95000),
(766, 439, 365, 11, 373000),
(767, 439, 372, 20, 90000),
(768, 439, 368, 3, 146000),
(769, 439, 385, 2.54999995231628, 110000),
(770, 439, 377, 20, 426000),
(771, 439, 396, 2.70000004768372, 130000),
(772, 439, 398, 1, 44000),
(773, 439, 393, 4, 750000),
(774, 439, 380, 2, 1250000),
(775, 439, 364, 20, 52000),
(776, 439, 434, 10, 250000),
(777, 438, 433, 5, 700000),
(778, 438, 404, 5, 337000),
(779, 438, 370, 8, 95000),
(780, 438, 372, 20, 110000),
(781, 438, 416, 5.5, 75000),
(782, 438, 410, 4.5, 175000),
(783, 438, 385, 0.949999988079071, 110000),
(784, 438, 411, 1, 700000),
(785, 438, 365, 18, 373000),
(786, 438, 375, 3, 790000),
(787, 438, 368, 1, 146000),
(788, 438, 379, 0.5, 650000),
(789, 438, 377, 6, 426000),
(790, 438, 394, 2, 67000),
(791, 438, 380, 2, 1250000),
(792, 438, 364, 10, 52000),
(793, 437, 383, 2.5, 1900000),
(794, 437, 418, 1.5, 1300000),
(795, 437, 368, 4.5, 146000),
(796, 437, 416, 1.79999995231628, 75000),
(797, 437, 379, 0.200000002980232, 650000),
(798, 437, 378, 0.25, 480000),
(799, 437, 372, 30, 110000),
(800, 437, 391, 1.5, 770000),
(801, 437, 392, 1.5, 340000),
(802, 437, 370, 4, 95000),
(803, 437, 365, 9, 373000),
(804, 437, 404, 4, 337000),
(805, 437, 410, 2.09999990463257, 170000),
(806, 437, 377, 2, 420000),
(807, 437, 385, 0.300000011920929, 110000),
(808, 437, 433, 2, 400000),
(809, 436, 363, 2000, 1400),
(810, 436, 379, 0.899999976158142, 650000),
(811, 436, 378, 0.800000011920929, 480000),
(812, 436, 365, 17, 373000),
(813, 436, 404, 0.699999988079071, 337000),
(814, 436, 370, 1.5, 95000),
(815, 436, 432, 10, 93000),
(816, 436, 369, 0.300000011920929, 1285000),
(817, 436, 431, 1, 1285000),
(818, 436, 368, 5, 146000),
(819, 436, 430, 10, 185000),
(820, 436, 383, 5.5, 1900000),
(821, 436, 372, 50, 110000),
(822, 436, 393, 0.800000011920929, 750000),
(823, 436, 412, 5, 340000),
(824, 440, 309, 2000, 11097),
(825, 440, 311, 3000, 11107),
(826, 440, 311, 2000, 11107),
(827, 440, 311, 3000, 11107),
(828, 440, 312, 10000, 11088),
(829, 440, 427, 3000, 10592),
(830, 440, 422, 3000, 10782),
(831, 440, 413, 10000, 10000),
(832, 440, 428, 7000, 10000),
(833, 440, 413, 7000, 10000),
(834, 440, 415, 5000, 10000),
(835, 440, 415, 7000, 10000),
(836, 440, 415, 5000, 10000),
(837, 440, 415, 8000, 10000),
(838, 440, 415, 6000, 10000),
(839, 440, 415, 6000, 10000),
(840, 440, 415, 5000, 10000),
(841, 440, 415, 4000, 10000),
(842, 440, 415, 5000, 10000),
(843, 440, 415, 6000, 10000),
(844, 440, 415, 8000, 10000),
(845, 440, 415, 6000, 10000),
(846, 440, 415, 7000, 10000),
(847, 440, 415, 10000, 10000),
(848, 440, 415, 7000, 10000),
(849, 440, 415, 5000, 10000),
(850, 440, 429, 10000, 10000),
(851, 440, 363, 3000, 1400),
(852, 440, 365, 7.5, 373000),
(853, 440, 366, 1.10000002384186, 350000),
(854, 440, 370, 3, 95000),
(855, 440, 404, 0.5, 337000),
(856, 440, 372, 20, 100000),
(857, 440, 370, 2.5, 95000),
(858, 440, 368, 1.5, 146000),
(859, 440, 402, 2, 156000),
(860, 440, 385, 0.400000005960464, 110000),
(861, 440, 416, 0.699999988079071, 75000),
(862, 440, 391, 1.54999995231628, 770000),
(863, 440, 392, 2, 340000),
(864, 440, 372, 30, 110000),
(865, 440, 418, 1, 1300000),
(866, 440, 411, 1, 700000),
(867, 440, 370, 4, 95000),
(868, 440, 368, 0.5, 146000),
(869, 440, 416, 8.5, 75000),
(870, 440, 410, 0.699999988079071, 175000),
(871, 440, 385, 0.5, 110000),
(872, 440, 418, 2.09999990463257, 1300000),
(873, 440, 365, 9, 373000),
(874, 440, 364, 32, 60000),
(875, 440, 379, 2.79999995231628, 650000),
(876, 440, 375, 2, 790000),
(877, 440, 398, 0.600000023841858, 44000),
(878, 440, 377, 5, 420000),
(879, 440, 417, 2.5, 1750000),
(880, 440, 380, 2.59999990463257, 1250000),
(881, 440, 412, 4, 340000),
(882, 440, 379, 3, 650000),
(883, 440, 419, 750, 2000),
(884, 440, 416, 11, 79000),
(885, 440, 410, 2.09999990463257, 175000),
(886, 440, 385, 1.89999997615814, 110000),
(887, 440, 372, 40, 90000),
(888, 440, 417, 5.5, 1750000),
(889, 440, 380, 2.59999990463257, 1250000),
(890, 440, 368, 4, 146000),
(891, 440, 398, 1.04999995231628, 44000),
(892, 440, 411, 3, 700000),
(893, 440, 375, 6, 790000),
(894, 440, 418, 1.39999997615814, 1300000),
(895, 440, 377, 9, 426000),
(896, 440, 396, 3.5, 130000),
(897, 440, 364, 20, 52000),
(898, 440, 365, 20, 373000),
(899, 440, 380, 5, 1230000),
(900, 440, 385, 5, 110000),
(901, 440, 409, 6, 79000),
(902, 440, 410, 3.29999995231628, 175000),
(903, 440, 368, 1, 146000),
(904, 440, 423, 9, 290000),
(905, 440, 399, 4, 350000),
(906, 440, 421, 7, 33000),
(907, 440, 398, 1, 44000),
(908, 440, 311, 2000, 11570),
(909, 440, 311, 3000, 11570),
(910, 440, 311, 3000, 11570),
(911, 440, 435, 3000, 11116),
(912, 440, 311, 3000, 11570),
(913, 440, 311, 3000, 11570),
(914, 440, 311, 3000, 11570),
(915, 440, 311, 4000, 11570),
(916, 440, 312, 5000, 11088),
(917, 440, 312, 4000, 11088),
(918, 440, 312, 10000, 11088),
(919, 440, 422, 4000, 10473),
(920, 440, 422, 7000, 10782),
(921, 440, 422, 7000, 10782),
(922, 440, 413, 5000, 10900),
(923, 440, 422, 5000, 10782),
(924, 440, 436, 10000, 10735),
(925, 440, 436, 5000, 11025),
(926, 440, 436, 5000, 11025),
(927, 440, 415, 5000, 10000),
(928, 440, 436, 5000, 11025),
(929, 440, 415, 5000, 10000),
(930, 440, 415, 5000, 10000),
(931, 440, 429, 4000, 10000),
(932, 440, 415, 4000, 10000),
(933, 440, 415, 2000, 10000),
(934, 440, 436, 6000, 11025),
(935, 440, 436, 10000, 11025),
(936, 440, 436, 4000, 11025),
(937, 440, 415, 6000, 10000),
(938, 440, 429, 5000, 10000),
(939, 440, 415, 4000, 10000),
(940, 440, 429, 3000, 10000),
(941, 440, 365, 9, 373000),
(942, 440, 367, 1.70000004768372, 1285000),
(943, 440, 412, 4, 340000),
(944, 440, 383, 2.84999990463257, 1900000),
(945, 440, 430, 8, 185000),
(946, 440, 368, 2.04999995231628, 146000),
(947, 440, 432, 5, 102000),
(948, 440, 402, 1, 157000),
(949, 440, 378, 1, 480000),
(950, 440, 379, 1, 650000),
(951, 440, 437, 5, 110000),
(952, 440, 432, 10, 102000),
(953, 440, 364, 2, 62000),
(954, 440, 379, 1, 650000),
(955, 440, 363, 2000, 1400),
(956, 440, 364, 6, 60000),
(957, 440, 418, 0.899999976158142, 1300000),
(958, 440, 365, 9, 373000),
(959, 440, 370, 3.5, 95000),
(960, 440, 387, 3, 75000),
(961, 440, 426, 1, 305000),
(962, 440, 378, 0.25, 480000),
(963, 440, 372, 20, 100000),
(964, 440, 368, 1.5, 146000),
(965, 440, 404, 1.5, 337000),
(966, 440, 377, 0.330000013113022, 426000),
(967, 440, 369, 2, 1285000),
(968, 440, 380, 1, 1250000),
(969, 440, 365, 4, 373000),
(970, 440, 418, 1, 1300000),
(971, 440, 368, 1, 146000),
(972, 440, 372, 20, 110000),
(973, 440, 378, 0.5, 480000),
(974, 440, 379, 0.5, 650000),
(975, 440, 391, 1.39999997615814, 770000),
(976, 440, 392, 1, 340000),
(977, 440, 417, 2, 1750000),
(978, 440, 411, 2.59999990463257, 700000),
(979, 440, 383, 4, 1900000),
(980, 440, 416, 3, 75000),
(981, 440, 410, 0.5, 175000),
(982, 440, 385, 0.75, 110000),
(983, 440, 364, 10, 52000),
(984, 440, 377, 11, 426000),
(985, 440, 379, 0.5, 650000),
(986, 440, 375, 3, 790000),
(987, 440, 365, 4, 373000),
(988, 440, 394, 2, 67000),
(989, 440, 419, 750, 2000),
(990, 440, 385, 2.29999995231628, 110000),
(991, 440, 394, 4, 67000),
(992, 440, 364, 5, 52000),
(993, 440, 411, 5, 700000),
(994, 440, 418, 1.5, 1300000),
(995, 440, 372, 5, 90000),
(996, 440, 377, 12, 426000),
(997, 440, 375, 5, 790000),
(998, 440, 396, 1.20000004768372, 130000),
(999, 440, 398, 1.20000004768372, 44000),
(1000, 440, 368, 3, 146000),
(1001, 440, 379, 1, 650000),
(1002, 440, 410, 0.25, 175000),
(1003, 440, 408, 1, 700000),
(1004, 440, 377, 13, 426000),
(1005, 440, 364, 10, 52000),
(1006, 440, 418, 1, 1300000),
(1007, 440, 370, 1, 95000),
(1008, 440, 385, 3.70000004768372, 110000),
(1009, 440, 396, 3.09999990463257, 130000),
(1010, 440, 416, 3.5, 79000),
(1011, 440, 421, 8, 35000),
(1012, 440, 368, 0.5, 146000),
(1013, 440, 398, 1, 44000),
(1014, 440, 438, 3, 33000),
(1015, 440, 311, 4000, 11570),
(1016, 440, 311, 5000, 11570),
(1017, 440, 311, 5000, 11570),
(1018, 440, 311, 3000, 11570),
(1019, 440, 435, 2000, 11116),
(1020, 440, 311, 3000, 11570),
(1021, 440, 311, 7000, 11570),
(1022, 440, 309, 1000, 11097),
(1023, 440, 311, 5000, 11570),
(1024, 440, 311, 7000, 11570),
(1025, 440, 311, 6000, 11570),
(1026, 440, 311, 1000, 11570),
(1027, 440, 312, 5000, 11088),
(1028, 440, 312, 5000, 11088),
(1029, 440, 312, 10000, 11088),
(1030, 440, 312, 6000, 11088),
(1031, 440, 427, 5000, 10592),
(1032, 440, 422, 6000, 10782),
(1033, 440, 422, 13000, 10782),
(1034, 440, 422, 13000, 10782),
(1035, 440, 428, 10000, 10900),
(1036, 440, 422, 15000, 10782),
(1037, 440, 422, 15000, 10782),
(1038, 440, 436, 20000, 11025),
(1039, 440, 436, 17000, 11025),
(1040, 440, 415, 5000, 10000),
(1041, 440, 436, 15000, 11025),
(1042, 440, 415, 10000, 10000),
(1043, 440, 415, 10000, 10000),
(1044, 440, 429, 8000, 10000),
(1045, 440, 415, 8000, 10000),
(1046, 440, 415, 4000, 10000),
(1047, 440, 436, 20000, 11025),
(1048, 440, 436, 16000, 11025),
(1049, 440, 436, 19000, 11025),
(1050, 440, 415, 2000, 10000),
(1051, 440, 429, 5000, 10000),
(1052, 440, 415, 6000, 10000),
(1053, 440, 429, 7000, 10000),
(1054, 440, 429, 5000, 10000),
(1055, 440, 365, 10, 373000),
(1056, 440, 399, 1.39999997615814, 483000),
(1057, 440, 370, 6.5, 95000),
(1058, 440, 402, 3, 157000),
(1059, 440, 404, 1.5, 337000),
(1060, 440, 430, 12, 185000),
(1061, 440, 426, 4, 305000),
(1062, 440, 364, 10, 62000),
(1063, 440, 379, 0.300000011920929, 650000),
(1064, 440, 378, 1.5, 480000),
(1065, 440, 439, 10, 102000),
(1066, 440, 440, 10, 110000),
(1067, 440, 370, 15, 95000),
(1068, 440, 368, 2.79999995231628, 146000),
(1069, 440, 378, 0.300000011920929, 480000),
(1070, 440, 379, 0.300000011920929, 650000),
(1071, 440, 365, 27, 373000),
(1072, 440, 418, 5.75, 1300000),
(1073, 440, 439, 20, 93000),
(1074, 440, 404, 6, 337000),
(1075, 440, 430, 10, 185000),
(1076, 440, 393, 1, 750000),
(1077, 440, 372, 40, 110000),
(1078, 440, 363, 3000, 1400),
(1079, 440, 418, 1, 1300000),
(1080, 440, 365, 8, 373000),
(1081, 440, 370, 2, 95000),
(1082, 440, 404, 3, 337000),
(1083, 440, 366, 1, 350000),
(1084, 440, 417, 3.5, 1750000),
(1085, 440, 380, 5, 1250000),
(1086, 440, 372, 40, 110000),
(1087, 440, 412, 4, 340000),
(1088, 440, 383, 4.5, 1900000),
(1089, 440, 377, 9, 420000),
(1090, 440, 416, 0.200000002980232, 75000),
(1091, 440, 410, 2.5, 175000),
(1092, 440, 385, 0.349999994039536, 110000),
(1093, 440, 371, 0.150000005960464, 375000),
(1094, 440, 441, 2, 400000),
(1095, 440, 433, 3, 700000),
(1096, 440, 404, 10, 337000),
(1097, 440, 411, 5, 700000),
(1098, 440, 370, 5, 95000),
(1099, 440, 364, 20, 52000),
(1100, 440, 375, 12, 790000),
(1101, 440, 365, 21, 373000),
(1102, 440, 379, 1, 650000),
(1103, 440, 377, 11, 426000),
(1104, 440, 418, 3.5, 1300000),
(1105, 440, 380, 1.60000002384186, 1250000),
(1106, 440, 393, 3, 740000),
(1107, 440, 372, 20, 110000),
(1108, 440, 419, 750, 2000),
(1109, 440, 410, 0.600000023841858, 175000),
(1110, 440, 416, 6, 79000),
(1111, 440, 385, 1, 110000),
(1112, 440, 393, 5.40000009536743, 750000),
(1113, 440, 404, 11, 337000),
(1114, 440, 364, 35, 52000),
(1115, 440, 365, 2, 373000),
(1116, 440, 377, 25, 426000),
(1117, 440, 408, 1.5, 700000),
(1118, 440, 420, 5, 760000),
(1119, 440, 411, 6, 700000),
(1120, 440, 385, 9.19999980926514, 110000),
(1121, 440, 396, 5.59999990463257, 130000),
(1122, 440, 398, 2.20000004768372, 44000),
(1123, 440, 410, 1.89999997615814, 175000),
(1124, 440, 377, 28, 426000),
(1125, 440, 416, 3, 79000),
(1126, 440, 418, 1, 1300000),
(1127, 440, 423, 4, 290000),
(1128, 440, 370, 1, 95000),
(1129, 440, 411, 6, 700000),
(1130, 440, 420, 4.5, 760000),
(1131, 440, 421, 14, 33000),
(1132, 440, 372, 20, 90000),
(1133, 440, 379, 2, 660000),
(1134, 440, 315, 1, 10227),
(1135, 440, 316, 1, 10227),
(1136, 440, 424, 211, 10000),
(1137, 440, 391, 1, 770000),
(1138, 440, 315, 1, 10227),
(1141, 442, 370, 1.5, 95000),
(1142, 442, 374, 1, 62000),
(1143, 442, 420, 1, 760000),
(1144, 443, 435, 1, 11116);

-- --------------------------------------------------------

--
-- Table structure for table `fipoma_ana_order_import`
--

CREATE TABLE IF NOT EXISTS `fipoma_ana_order_import` (
  `id` mediumint(9) NOT NULL AUTO_INCREMENT,
  `id_pond` mediumint(5) NOT NULL,
  `id_store` mediumint(9) NOT NULL,
  `date` date NOT NULL,
  `note` varchar(50) COLLATE utf8_unicode_ci NOT NULL,
  PRIMARY KEY (`id`,`id_pond`,`id_store`),
  KEY `fipoma_ana_order_import_2` (`id_store`),
  KEY `fipoma_ana_order_import_1` (`id_pond`)
) ENGINE=InnoDB  DEFAULT CHARSET=utf8 COLLATE=utf8_unicode_ci AUTO_INCREMENT=286 ;

--
-- Dumping data for table `fipoma_ana_order_import`
--

INSERT INTO `fipoma_ana_order_import` (`id`, `id_pond`, `id_store`, `date`, `note`) VALUES
(1, 8, 1, '2012-03-23', 'TA'),
(2, 8, 1, '2012-04-04', 'TA'),
(3, 8, 1, '2012-05-03', 'TA'),
(4, 8, 1, '2012-05-11', 'TA'),
(5, 8, 1, '2012-05-13', 'TA'),
(6, 8, 1, '2012-05-22', 'TA'),
(7, 8, 1, '2012-06-01', 'TA'),
(8, 8, 1, '2012-06-04', 'TA'),
(9, 8, 1, '2012-07-02', 'TA'),
(10, 8, 1, '2012-07-06', 'TA'),
(11, 8, 1, '2012-07-16', 'TA'),
(12, 8, 1, '2012-07-29', 'TA'),
(13, 8, 1, '2012-08-02', 'TA'),
(14, 8, 1, '2012-08-07', 'TA'),
(15, 8, 1, '2012-08-09', 'TA'),
(16, 8, 1, '2012-08-14', 'TA'),
(17, 8, 1, '2012-08-21', 'TA'),
(18, 8, 1, '2012-08-27', 'TA'),
(19, 8, 1, '2012-09-01', 'TA'),
(20, 8, 1, '2012-09-05', 'TA'),
(21, 8, 1, '2012-09-08', 'TA'),
(22, 8, 1, '2012-09-12', 'TA'),
(23, 8, 1, '2012-09-14', 'TA'),
(24, 8, 1, '2012-09-17', 'TA'),
(25, 8, 1, '2012-09-19', 'TA'),
(26, 8, 1, '2012-09-21', 'TA'),
(27, 8, 1, '2012-09-25', 'TA'),
(28, 8, 1, '2012-09-27', 'TA'),
(29, 8, 1, '2012-10-03', 'TA'),
(30, 8, 1, '2012-03-04', 'TA'),
(31, 8, 1, '2012-10-04', 'TA'),
(32, 8, 1, '2012-10-05', 'TA'),
(33, 8, 1, '2012-10-10', 'TA'),
(34, 8, 1, '2012-10-11', 'TA'),
(35, 8, 1, '2012-10-19', 'TA'),
(36, 8, 1, '2012-10-20', 'TA'),
(37, 8, 1, '2012-10-23', 'TA'),
(38, 8, 1, '2012-10-24', 'TA'),
(39, 8, 1, '2012-10-26', 'TA'),
(40, 8, 1, '2012-10-30', 'TA'),
(41, 8, 1, '2012-10-31', 'TA'),
(42, 8, 1, '2012-11-01', 'TA'),
(43, 8, 1, '2012-11-04', 'TA'),
(44, 8, 1, '2012-11-05', 'TA'),
(45, 8, 1, '2012-11-08', 'TA'),
(46, 8, 1, '2012-11-10', 'TA'),
(47, 8, 1, '2012-11-12', 'TA'),
(48, 8, 1, '2012-03-15', 'TH'),
(49, 8, 1, '2012-04-15', 'TH'),
(50, 8, 1, '2012-05-15', 'TH'),
(51, 8, 1, '2012-06-15', 'TH'),
(52, 8, 1, '2012-07-15', 'TH'),
(53, 8, 1, '2012-08-15', 'TH'),
(54, 8, 1, '2012-09-15', 'TH'),
(55, 8, 1, '2012-10-15', 'TH'),
(56, 8, 1, '2012-11-15', 'TH'),
(57, 8, 1, '2012-07-10', 'TA'),
(58, 15, 1, '2012-04-26', 'TA'),
(59, 15, 1, '2012-05-03', 'TA'),
(60, 15, 1, '2012-05-24', 'TA'),
(61, 15, 1, '2012-06-02', 'TA'),
(62, 15, 1, '2012-06-04', 'TA'),
(63, 15, 1, '2012-06-25', 'TA'),
(64, 15, 1, '2012-06-26', 'TA'),
(65, 15, 1, '2012-07-02', 'TA'),
(66, 15, 1, '2012-07-06', 'TA'),
(67, 15, 1, '2012-07-24', 'TA'),
(68, 15, 1, '2012-07-29', 'TA'),
(69, 15, 1, '2012-07-31', 'TA'),
(70, 15, 1, '2012-08-09', 'TA'),
(71, 15, 1, '2012-08-16', 'TA'),
(72, 15, 1, '2012-08-23', 'TA'),
(73, 15, 1, '2012-08-24', 'TA'),
(74, 15, 1, '2012-08-28', 'TA'),
(75, 15, 1, '2012-08-30', 'TA'),
(76, 15, 1, '2012-09-05', 'TA'),
(77, 15, 1, '2012-09-12', 'TA'),
(78, 15, 1, '2012-09-14', 'TA'),
(79, 15, 1, '2012-09-17', 'TA'),
(80, 15, 1, '2012-09-19', 'TA'),
(81, 15, 1, '2012-09-21', 'TA'),
(82, 15, 1, '2012-09-24', 'TA'),
(83, 15, 1, '2012-09-26', 'TA'),
(84, 15, 1, '2012-09-29', 'TA'),
(85, 15, 1, '2012-10-02', 'TA'),
(86, 15, 1, '2012-10-04', 'TA'),
(87, 15, 1, '2012-10-05', 'TA'),
(88, 15, 1, '2012-10-11', 'TA'),
(89, 15, 1, '2012-10-12', 'TA'),
(90, 15, 1, '2012-10-13', 'TA'),
(91, 15, 1, '2012-10-15', 'TA'),
(92, 15, 1, '2012-10-20', 'TA'),
(93, 15, 1, '2012-10-23', 'TA'),
(94, 15, 1, '2012-10-24', 'TA'),
(95, 15, 1, '2012-10-26', 'TA'),
(96, 15, 1, '2012-10-30', 'TA'),
(97, 15, 1, '2012-10-31', 'TA'),
(98, 15, 1, '2012-11-01', 'TA'),
(99, 15, 1, '2012-11-04', 'TA'),
(100, 15, 1, '2012-11-05', 'TA'),
(101, 15, 1, '2012-11-07', 'TA'),
(102, 15, 1, '2012-11-10', 'TA'),
(103, 15, 1, '2012-11-12', 'TA'),
(104, 15, 1, '2012-11-13', 'TA'),
(105, 9, 1, '2012-04-04', 'TA'),
(106, 9, 1, '2012-04-07', 'TA'),
(107, 9, 1, '2012-04-11', 'TA'),
(108, 9, 1, '2012-04-26', 'TA'),
(109, 9, 1, '2012-05-03', 'TA'),
(110, 9, 1, '2012-05-11', 'TA'),
(111, 9, 1, '2012-05-13', 'TA'),
(112, 9, 1, '2012-05-22', 'TA'),
(113, 9, 1, '2012-05-24', 'TA'),
(114, 9, 1, '2012-05-29', 'TA'),
(115, 9, 1, '2012-06-01', 'TA'),
(116, 9, 1, '2012-06-04', 'TA'),
(117, 9, 1, '2012-06-25', 'TA'),
(118, 9, 1, '2012-06-26', 'TA'),
(119, 9, 1, '2012-07-02', 'TA'),
(120, 9, 1, '2012-07-06', 'TA'),
(121, 9, 1, '2012-07-10', 'TA'),
(122, 9, 1, '2012-07-24', 'TA'),
(123, 9, 1, '2012-07-29', 'TA'),
(124, 9, 1, '2012-08-02', 'TA'),
(125, 9, 1, '2012-08-07', 'TA'),
(126, 9, 1, '2012-08-09', 'TA'),
(127, 9, 1, '2012-08-14', 'TA'),
(128, 9, 1, '2012-08-21', 'TA'),
(129, 9, 1, '2012-08-27', 'TA'),
(130, 9, 1, '2012-09-01', 'TA'),
(131, 9, 1, '2012-09-05', 'TA'),
(132, 9, 1, '2012-09-08', 'TA'),
(133, 9, 1, '2012-09-12', 'TA'),
(134, 9, 1, '2012-09-14', 'TA'),
(135, 9, 1, '2012-09-17', 'TA'),
(136, 9, 1, '2012-09-19', 'TA'),
(137, 9, 1, '2012-09-21', 'TA'),
(138, 9, 1, '2012-09-25', 'TA'),
(139, 9, 1, '2012-09-27', 'TA'),
(140, 9, 1, '2012-10-03', 'TA'),
(141, 9, 1, '2012-10-04', 'TA'),
(142, 9, 1, '2012-10-05', 'TA'),
(143, 9, 1, '2012-10-11', 'TA'),
(144, 9, 1, '2012-10-12', 'TA'),
(145, 9, 1, '2012-10-13', 'TA'),
(146, 9, 1, '2012-10-19', 'TA'),
(147, 9, 1, '2012-10-20', 'TA'),
(148, 9, 1, '2012-10-23', 'TA'),
(149, 9, 1, '2012-10-24', 'TA'),
(150, 9, 1, '2012-10-28', 'TA'),
(151, 9, 1, '2012-10-30', 'TA'),
(152, 9, 1, '2012-10-31', 'TA'),
(153, 9, 1, '2012-11-01', 'TA'),
(154, 9, 1, '2012-11-04', 'TA'),
(155, 9, 1, '2012-11-05', 'TA'),
(156, 9, 1, '2012-11-06', 'TA'),
(157, 9, 1, '2012-11-07', 'TA'),
(158, 9, 1, '2012-11-08', 'TA'),
(159, 9, 1, '2012-11-09', 'TA'),
(160, 9, 1, '2012-11-10', 'TA'),
(161, 9, 1, '2012-11-14', 'TA'),
(162, 9, 1, '2012-04-15', 'TH'),
(163, 9, 1, '2012-05-15', 'TH'),
(164, 9, 1, '2012-06-15', 'TH'),
(165, 9, 1, '2012-07-15', 'TH'),
(166, 9, 1, '2012-08-15', 'TH'),
(167, 9, 1, '2012-09-15', 'TH'),
(168, 9, 1, '2012-10-15', 'TH'),
(169, 10, 1, '2012-04-26', 'TA'),
(170, 10, 1, '2012-05-03', 'TA'),
(171, 10, 1, '2012-05-13', 'TA'),
(172, 10, 1, '2012-05-29', 'TA'),
(173, 10, 1, '2012-06-04', 'TA'),
(174, 10, 1, '2012-06-25', 'TA'),
(175, 10, 1, '2012-07-06', 'TA'),
(176, 10, 1, '2012-07-20', 'TA'),
(177, 10, 1, '2012-07-29', 'TA'),
(178, 10, 1, '2012-07-31', 'TA'),
(179, 10, 1, '2012-08-09', 'TA'),
(180, 10, 1, '2012-08-16', 'TA'),
(181, 10, 1, '2012-08-23', 'TA'),
(182, 10, 1, '2012-08-28', 'TA'),
(183, 10, 1, '2012-08-30', 'TA'),
(184, 10, 1, '2012-09-05', 'TA'),
(185, 10, 1, '2012-09-07', 'TA'),
(186, 10, 1, '2012-09-12', 'TA'),
(187, 10, 1, '2012-09-14', 'TA'),
(188, 10, 1, '2012-09-17', 'TA'),
(189, 10, 1, '2012-09-19', 'TA'),
(190, 10, 1, '2012-09-21', 'TA'),
(191, 10, 1, '2012-09-24', 'TA'),
(192, 10, 1, '2012-09-26', 'TA'),
(193, 10, 1, '2012-09-30', 'TA'),
(194, 10, 1, '2012-10-02', 'TA'),
(195, 10, 1, '2012-10-04', 'TA'),
(196, 10, 1, '2012-10-11', 'TA'),
(197, 10, 1, '2012-10-12', 'TA'),
(198, 10, 1, '2012-10-13', 'TA'),
(199, 10, 1, '2012-10-15', 'TA'),
(200, 10, 1, '2012-10-20', 'TA'),
(201, 10, 1, '2012-10-23', 'TA'),
(202, 10, 1, '2012-10-24', 'TA'),
(203, 10, 1, '2012-10-26', 'TA'),
(204, 10, 1, '2012-10-30', 'TA'),
(205, 10, 1, '2012-11-01', 'TA'),
(206, 10, 1, '2012-11-04', 'TA'),
(207, 10, 1, '2012-11-10', 'TA'),
(208, 10, 1, '2012-11-12', 'TA'),
(209, 10, 1, '2012-11-13', 'TA'),
(210, 10, 1, '2012-04-15', 'TH'),
(211, 10, 1, '2012-05-15', 'TH'),
(212, 10, 1, '2012-06-15', 'TH'),
(213, 10, 1, '2012-07-15', 'TH'),
(214, 10, 1, '2012-08-15', 'TH'),
(215, 10, 1, '2012-09-15', 'TH'),
(216, 10, 1, '2012-10-15', 'TH'),
(217, 9, 1, '2012-04-12', 'TA'),
(218, 9, 1, '2012-04-01', 'TA'),
(219, 9, 1, '2012-05-31', 'TA'),
(220, 9, 1, '2012-06-30', 'TA'),
(221, 9, 1, '2012-07-31', 'TA'),
(222, 9, 1, '2012-10-01', 'TA'),
(223, 9, 1, '2012-11-15', 'TA'),
(224, 9, 1, '2012-11-19', 'TA'),
(225, 9, 1, '2012-11-20', 'TA'),
(226, 9, 1, '2012-11-23', 'TA'),
(227, 9, 1, '2012-11-15', 'TH'),
(228, 11, 1, '2012-05-01', 'TH'),
(229, 11, 1, '2012-06-01', 'TH'),
(230, 11, 1, '2012-07-01', 'TH'),
(231, 11, 1, '2012-08-01', 'TH'),
(232, 11, 1, '2012-09-01', 'TH'),
(233, 11, 1, '2012-10-01', 'TH'),
(234, 11, 1, '2012-05-01', 'TA'),
(235, 11, 1, '2012-06-01', 'TA'),
(236, 11, 1, '2012-07-01', 'TA'),
(237, 11, 1, '2012-07-31', 'TA'),
(238, 11, 1, '2012-08-01', 'TA'),
(239, 11, 1, '2012-09-01', 'TA'),
(240, 11, 1, '2012-10-01', 'TA'),
(241, 11, 1, '2012-11-01', 'TA'),
(242, 12, 1, '2012-06-01', 'TA'),
(243, 12, 1, '2012-07-01', 'TA'),
(244, 12, 1, '2012-08-01', 'TA'),
(245, 12, 1, '2012-09-01', 'TA'),
(246, 12, 1, '2012-10-15', 'TA'),
(247, 13, 1, '2012-07-01', 'TA'),
(248, 13, 1, '2012-08-01', 'TA'),
(249, 13, 1, '2012-09-01', 'TA'),
(250, 13, 1, '2012-10-01', 'TA'),
(251, 7, 1, '2012-05-01', 'TA'),
(252, 7, 1, '2012-06-01', 'TA'),
(253, 7, 1, '2012-07-01', 'TA'),
(254, 7, 1, '2012-07-31', 'TA'),
(255, 7, 1, '2012-08-01', 'TA'),
(256, 7, 1, '2012-08-31', 'TA'),
(257, 7, 1, '2012-09-01', 'TA'),
(258, 7, 1, '2012-10-01', 'TA'),
(259, 7, 1, '2012-11-01', 'TA'),
(260, 7, 1, '2012-11-02', 'TA'),
(261, 7, 1, '2012-12-01', 'TA'),
(262, 7, 1, '2012-12-19', 'TA'),
(263, 7, 1, '2012-05-01', 'TH'),
(264, 7, 1, '2012-06-01', 'TH'),
(265, 7, 1, '2012-07-01', 'TH'),
(266, 7, 1, '2012-08-01', 'TH'),
(267, 7, 1, '2012-09-01', 'TH'),
(268, 7, 1, '2012-10-01', 'TH'),
(269, 7, 1, '2012-11-01', 'TH'),
(270, 15, 1, '2012-11-15', 'TA'),
(271, 15, 1, '2012-04-01', 'TH'),
(272, 15, 1, '2012-05-01', 'TH'),
(273, 15, 1, '2012-06-01', 'TH'),
(274, 15, 1, '2012-07-01', 'TH'),
(275, 15, 1, '2012-08-01', 'TH'),
(276, 15, 1, '2012-09-01', 'TH'),
(277, 15, 1, '2012-10-01', 'TH'),
(278, 15, 1, '2012-11-01', 'TH'),
(279, 10, 1, '2012-04-01', 'TA'),
(280, 10, 1, '2012-05-01', 'TA'),
(281, 10, 1, '2012-06-01', 'TA'),
(282, 10, 1, '2012-07-01', 'TA'),
(283, 10, 1, '2012-08-01', 'TA'),
(284, 10, 1, '2012-09-01', 'TA'),
(285, 10, 1, '2012-10-01', 'TA');

-- --------------------------------------------------------

--
-- Table structure for table `fipoma_ana_order_import_detail`
--

CREATE TABLE IF NOT EXISTS `fipoma_ana_order_import_detail` (
  `id` mediumint(9) NOT NULL AUTO_INCREMENT,
  `id_order` mediumint(9) NOT NULL,
  `id_resource` mediumint(9) NOT NULL,
  `count` double NOT NULL,
  `price` double NOT NULL,
  PRIMARY KEY (`id`,`id_order`,`id_resource`),
  KEY `fipoma_ana_order_import_detail_1` (`id_order`),
  KEY `fipoma_ana_order_import_detail_2` (`id_resource`)
) ENGINE=InnoDB  DEFAULT CHARSET=utf8 COLLATE=utf8_unicode_ci AUTO_INCREMENT=566 ;

--
-- Dumping data for table `fipoma_ana_order_import_detail`
--

INSERT INTO `fipoma_ana_order_import_detail` (`id`, `id_order`, `id_resource`, `count`, `price`) VALUES
(1, 1, 311, 2000, 11570.2),
(2, 2, 311, 3000, 11570.2),
(3, 3, 311, 3000, 11570.2),
(4, 4, 435, 3000, 11516),
(5, 5, 311, 3000, 11516),
(6, 6, 311, 3000, 11516),
(7, 7, 311, 3000, 11516),
(8, 8, 311, 4000, 11516),
(9, 9, 312, 5000, 11516),
(10, 10, 312, 4000, 11570),
(11, 11, 312, 10000, 11088),
(12, 12, 422, 4000, 11570),
(13, 13, 422, 7000, 10782),
(14, 14, 422, 7000, 10782),
(15, 15, 413, 5000, 10900),
(16, 16, 422, 5000, 10782),
(17, 17, 436, 10000, 10785),
(19, 19, 436, 5000, 11020),
(20, 20, 436, 5000, 11020),
(21, 21, 436, 5000, 11020),
(22, 22, 415, 5000, 11400),
(23, 23, 415, 5000, 11400),
(24, 24, 429, 4000, 11400),
(25, 25, 415, 3000, 11400),
(26, 26, 415, 2000, 11400),
(27, 27, 436, 6000, 11020),
(28, 28, 436, 10000, 11020),
(29, 29, 436, 4000, 11305),
(30, 31, 415, 6000, 11450),
(31, 32, 429, 5000, 11450),
(32, 33, 415, 4000, 11450),
(33, 34, 429, 3000, 11450),
(34, 35, 429, 3000, 11450),
(35, 36, 429, 3000, 11450),
(36, 37, 429, 2000, 11450),
(37, 38, 442, 6000, 11450),
(38, 39, 442, 5000, 11450),
(39, 40, 429, 2000, 11450),
(40, 41, 415, 3000, 11450),
(41, 42, 429, 4000, 11450),
(42, 43, 429, 3000, 11450),
(43, 44, 429, 7000, 11450),
(44, 45, 415, 2000, 11450),
(45, 46, 429, 4000, 11450),
(46, 47, 429, 4000, 11450),
(47, 48, 432, 10, 102000),
(48, 48, 364, 2, 62000),
(49, 48, 379, 1, 650000),
(50, 49, 437, 5, 110000),
(51, 49, 412, 4, 340000),
(52, 49, 368, 2.05, 146000),
(53, 49, 402, 1, 157000),
(54, 49, 432, 5, 102000),
(55, 49, 378, 1, 480000),
(56, 49, 379, 1, 650000),
(57, 49, 430, 8, 185000),
(58, 49, 383, 2.85, 1900000),
(59, 49, 367, 1.7, 1285000),
(60, 49, 365, 9, 373000),
(61, 50, 363, 2000, 1400),
(62, 50, 364, 6, 60000),
(63, 50, 365, 9, 373000),
(64, 50, 418, 0.9, 1300000),
(65, 50, 370, 3.5, 95000),
(66, 50, 385, 3, 75000),
(67, 50, 372, 20, 100000),
(68, 50, 378, 0.25, 480000),
(69, 50, 426, 1, 305000),
(70, 50, 368, 1.5, 146000),
(71, 50, 404, 1.5, 337000),
(72, 50, 377, 0.33, 420000),
(73, 50, 367, 2, 1285000),
(74, 50, 380, 1, 1250000),
(75, 51, 383, 4, 1900000),
(76, 51, 365, 4, 373000),
(77, 51, 418, 1, 1300000),
(78, 51, 368, 1, 146000),
(79, 51, 372, 20, 110000),
(80, 51, 378, 0.5, 480000),
(81, 51, 391, 1.4, 770000),
(82, 51, 392, 1, 340000),
(83, 51, 417, 2, 1750000),
(84, 51, 411, 2.6, 700000),
(85, 51, 379, 0.5, 650000),
(86, 52, 416, 3, 75000),
(87, 52, 441, 0.5, 175000),
(88, 52, 385, 0.75, 110000),
(89, 52, 364, 10, 52000),
(90, 52, 377, 11, 426000),
(91, 52, 379, 0.5, 650000),
(92, 52, 394, 2, 67000),
(93, 52, 365, 4, 373000),
(94, 52, 375, 3, 790000),
(95, 53, 419, 750, 2000),
(96, 53, 385, 2.3, 110000),
(97, 53, 394, 4, 67000),
(98, 53, 364, 5, 52000),
(99, 53, 411, 5, 700000),
(100, 53, 418, 1.5, 1300000),
(101, 53, 372, 5, 90000),
(102, 53, 377, 12, 426000),
(103, 53, 375, 5, 790000),
(104, 53, 396, 1.2, 130000),
(105, 53, 398, 1.2, 44000),
(106, 53, 368, 3, 146000),
(107, 53, 379, 1, 650000),
(108, 53, 410, 0.25, 175000),
(109, 53, 408, 1, 700000),
(110, 54, 377, 13, 426000),
(111, 54, 364, 10, 52000),
(112, 54, 418, 1, 1300000),
(113, 54, 370, 1, 95000),
(114, 54, 385, 3.7, 110000),
(115, 54, 396, 3.1, 130000),
(116, 54, 409, 3.5, 79000),
(117, 54, 421, 8, 35000),
(118, 54, 368, 0.5, 146000),
(119, 54, 438, 3, 33000),
(120, 54, 398, 1, 44000),
(121, 55, 385, 4.5, 110000),
(122, 55, 396, 4.1, 112000),
(123, 55, 368, 6, 146000),
(124, 55, 411, 5, 645000),
(125, 55, 366, 1.5, 350000),
(126, 55, 372, 20, 90000),
(127, 55, 433, 3.5, 700000),
(128, 55, 443, 1, 420000),
(129, 55, 377, 12, 426000),
(130, 55, 398, 0.4, 40000),
(131, 55, 441, 1, 300000),
(132, 55, 418, 3, 1300000),
(133, 55, 404, 3, 362000),
(134, 55, 444, 3, 72000),
(135, 55, 416, 4, 79000),
(136, 55, 445, 1, 176000),
(137, 55, 401, 2, 340000),
(138, 56, 385, 4, 110000),
(139, 56, 396, 4, 112000),
(140, 56, 410, 0.4, 175000),
(141, 56, 398, 1.5, 40000),
(142, 56, 368, 3, 146000),
(143, 57, 312, 10000, 11570),
(144, 18, 436, 5000, 11020),
(145, 58, 311, 3000, 11516),
(146, 59, 311, 5000, 11516),
(147, 60, 309, 1000, 11097),
(148, 61, 311, 2000, 11516),
(149, 62, 311, 2000, 11516),
(150, 63, 311, 7000, 11516),
(151, 64, 311, 3000, 11516),
(152, 65, 312, 5000, 11570),
(153, 66, 312, 10000, 11570),
(154, 67, 427, 5000, 10592),
(155, 68, 422, 3000, 11570),
(156, 69, 428, 10000, 10900),
(157, 70, 428, 13000, 10900),
(159, 72, 415, 3000, 11450),
(160, 71, 405, 7000, 10000),
(161, 73, 406, 8000, 10000),
(162, 74, 415, 10000, 11450),
(163, 75, 415, 8000, 11450),
(164, 76, 415, 10000, 11450),
(165, 77, 415, 8000, 11450),
(166, 78, 415, 3000, 11450),
(167, 79, 415, 5000, 11450),
(168, 80, 415, 6000, 11450),
(169, 81, 415, 4000, 11450),
(170, 82, 415, 6000, 11450),
(171, 83, 429, 8000, 11450),
(172, 84, 429, 8000, 11450),
(173, 85, 415, 8000, 11450),
(174, 86, 415, 16000, 11450),
(175, 87, 429, 5000, 11450),
(176, 88, 415, 6000, 11450),
(177, 89, 429, 5000, 11450),
(178, 90, 429, 8000, 11450),
(179, 91, 429, 5000, 11450),
(180, 92, 429, 6000, 11450),
(181, 93, 429, 3000, 11450),
(182, 94, 442, 6000, 11450),
(183, 95, 442, 6000, 11450),
(184, 96, 429, 6000, 11450),
(185, 97, 415, 3000, 11450),
(187, 99, 429, 2000, 11450),
(188, 100, 429, 5000, 11450),
(189, 101, 415, 2000, 11450),
(190, 102, 415, 6000, 11450),
(192, 103, 429, 7000, 11450),
(193, 104, 429, 3000, 11450),
(211, 122, 427, 5000, 10592),
(212, 123, 422, 6000, 10782),
(213, 124, 422, 13000, 10782),
(214, 125, 422, 13000, 10782),
(215, 126, 428, 10000, 10900),
(216, 127, 422, 15000, 10782),
(217, 128, 422, 15000, 10782),
(218, 129, 436, 20000, 11020),
(219, 130, 436, 17000, 11020),
(220, 131, 415, 5000, 11020),
(221, 132, 436, 15000, 11020),
(222, 133, 415, 10000, 11500),
(223, 134, 415, 10000, 11500),
(224, 135, 429, 8000, 11446),
(225, 136, 415, 8000, 11500),
(226, 137, 415, 4000, 11500),
(227, 138, 436, 16000, 11020),
(228, 139, 436, 20000, 11020),
(229, 140, 436, 13320, 11305),
(230, 141, 415, 2000, 11500),
(231, 142, 429, 5000, 11446),
(232, 143, 415, 6000, 11500),
(233, 144, 429, 7000, 11446),
(234, 145, 429, 5000, 11446),
(235, 146, 429, 4000, 11446),
(236, 147, 429, 6000, 11446),
(237, 148, 429, 8000, 11446),
(238, 149, 442, 11000, 11446),
(239, 150, 436, 5000, 11590),
(240, 151, 436, 4000, 11590),
(241, 152, 415, 7000, 11590),
(242, 153, 436, 10000, 11590),
(243, 154, 429, 5000, 11446),
(244, 155, 436, 10000, 11590),
(245, 156, 415, 4000, 11446),
(246, 157, 415, 5000, 11500),
(247, 158, 436, 8000, 11500),
(248, 159, 436, 8000, 11590),
(249, 160, 415, 6000, 11500),
(250, 161, 436, 10000, 11590),
(251, 162, 365, 10, 373000),
(252, 162, 399, 1.4, 483000),
(253, 162, 370, 6.5, 95000),
(254, 162, 402, 3, 157000),
(255, 162, 404, 1.5, 337000),
(256, 162, 430, 12, 185000),
(257, 162, 426, 4, 305000),
(258, 162, 364, 10, 62000),
(259, 162, 379, 0.3, 650000),
(260, 162, 378, 1.5, 480000),
(261, 162, 432, 10, 102000),
(262, 163, 440, 10, 110000),
(263, 163, 370, 15, 95000),
(264, 163, 368, 2.8, 146000),
(265, 163, 378, 0.3, 480000),
(266, 163, 379, 0.3, 650000),
(267, 163, 365, 27, 373000),
(268, 163, 418, 5.75, 1300000),
(269, 163, 432, 20, 93000),
(270, 163, 404, 6, 337000),
(271, 163, 430, 10, 185000),
(272, 163, 393, 1, 750000),
(273, 163, 372, 40, 110000),
(274, 164, 363, 3000, 1400),
(275, 164, 418, 1, 1300000),
(276, 164, 365, 8, 373000),
(277, 164, 370, 2, 95000),
(278, 164, 404, 3, 337000),
(279, 164, 366, 1, 350000),
(280, 164, 417, 3.5, 1750000),
(281, 164, 380, 5, 1250000),
(282, 164, 372, 40, 110000),
(283, 164, 412, 4, 340000),
(284, 164, 383, 4.5, 1900000),
(285, 164, 377, 9, 420000),
(286, 164, 416, 0.2, 75000),
(287, 164, 410, 2.5, 175000),
(288, 164, 385, 650, 110),
(289, 165, 371, 0.15, 75000),
(290, 165, 441, 2, 400000),
(291, 165, 433, 3, 700000),
(292, 165, 404, 10, 337000),
(294, 165, 411, 5, 700000),
(295, 165, 370, 5, 95000),
(296, 165, 364, 20, 52000),
(297, 165, 375, 12, 790000),
(298, 165, 365, 21, 373000),
(299, 165, 379, 1, 650000),
(300, 165, 377, 11, 426000),
(301, 165, 418, 3.5, 1300000),
(302, 165, 380, 1.6, 1250000),
(303, 165, 372, 20, 110000),
(304, 165, 417, 3, 740000),
(305, 166, 419, 750, 2000),
(306, 166, 410, 0.6, 175000),
(307, 166, 416, 6, 79000),
(308, 166, 385, 1, 110000),
(309, 166, 393, 5.4, 750000),
(310, 166, 404, 11, 337000),
(311, 166, 364, 35, 52000),
(312, 166, 365, 2, 373000),
(313, 166, 377, 25, 426000),
(314, 166, 408, 1.5, 700000),
(315, 166, 420, 5, 760000),
(316, 166, 411, 6, 700000),
(317, 167, 385, 9.2, 110000),
(318, 167, 396, 5.6, 130000),
(319, 167, 398, 2.2, 44000),
(320, 167, 410, 1.9, 175000),
(321, 167, 377, 28, 426000),
(322, 167, 416, 3, 79000),
(323, 167, 418, 1, 1300000),
(324, 167, 423, 4, 290000),
(325, 167, 370, 1, 95000),
(326, 167, 411, 6, 700000),
(327, 167, 420, 4.5, 760000),
(328, 167, 421, 14, 33000),
(329, 167, 372, 20, 90000),
(330, 167, 379, 2, 660000),
(331, 168, 385, 7, 110000),
(332, 168, 396, 6, 112000),
(333, 168, 421, 4, 33000),
(335, 168, 398, 1.6, 40000),
(336, 168, 418, 10, 1300000),
(337, 168, 434, 12, 280000),
(338, 168, 372, 40, 90000),
(339, 168, 388, 60, 10500),
(341, 168, 443, 2, 420000),
(342, 168, 380, 6, 1250000),
(343, 168, 446, 4, 650000),
(344, 168, 404, 6, 362000),
(345, 168, 368, 4, 146000),
(346, 168, 416, 3, 79000),
(347, 168, 412, 1, 300000),
(348, 168, 364, 20, 52000),
(349, 168, 447, 0.65, 91000),
(350, 169, 311, 2000, 11516),
(351, 170, 311, 4000, 11516),
(352, 171, 311, 4000, 11516),
(353, 172, 311, 2000, 11516),
(354, 173, 311, 2000, 11516),
(355, 174, 312, 4400, 11570),
(356, 175, 312, 5000, 11570),
(357, 176, 422, 10000, 11570),
(358, 177, 422, 4000, 11570),
(359, 178, 413, 5000, 10900),
(360, 178, 428, 5000, 10900),
(361, 179, 428, 5000, 10900),
(362, 180, 405, 6000, 10000),
(363, 181, 415, 7000, 11450),
(364, 182, 415, 5000, 11450),
(365, 183, 415, 5000, 11450),
(366, 184, 415, 5000, 11450),
(367, 185, 415, 4000, 11450),
(368, 186, 415, 6000, 11450),
(369, 187, 415, 3000, 11450),
(370, 188, 415, 1000, 11450),
(371, 189, 415, 3000, 11450),
(372, 190, 415, 3000, 11450),
(373, 191, 415, 5000, 11450),
(374, 192, 314, 5000, 10227),
(375, 192, 415, 1000, 11450),
(376, 193, 415, 6000, 11450),
(377, 194, 415, 7000, 11450),
(378, 195, 415, 10000, 11450),
(379, 196, 415, 4000, 11450),
(380, 197, 429, 5000, 11450),
(381, 198, 429, 4000, 11450),
(382, 199, 429, 10000, 11450),
(383, 200, 429, 4000, 11450),
(384, 201, 415, 2000, 11450),
(385, 201, 429, 2000, 11450),
(386, 202, 442, 6000, 11450),
(387, 203, 442, 4000, 11450),
(388, 204, 429, 5000, 11450),
(389, 205, 415, 63000, 0),
(390, 206, 415, 6000, 11450),
(391, 207, 415, 5000, 11450),
(392, 208, 429, 2000, 11450),
(393, 209, 429, 2000, 11450),
(394, 210, 364, 20, 60000),
(395, 210, 365, 2, 373000),
(396, 210, 366, 0.4, 345000),
(397, 210, 370, 1.2, 90000),
(398, 210, 437, 4, 110000),
(399, 210, 402, 2, 157000),
(400, 210, 379, 0.2, 650000),
(401, 210, 378, 0.2, 480000),
(402, 211, 363, 2000, 1400),
(403, 211, 365, 14.5, 373000),
(404, 211, 366, 0.6, 115000),
(405, 211, 370, 4.5, 95000),
(406, 211, 440, 10, 110000),
(407, 211, 379, 1, 650000),
(408, 211, 378, 0.9, 480000),
(409, 211, 404, 1.5, 337000),
(410, 211, 368, 3, 146000),
(411, 211, 418, 0.5, 1300000),
(412, 211, 383, 2.2, 1900000),
(413, 211, 372, 30, 100000),
(414, 211, 412, 1.5, 340000),
(415, 212, 367, 0.5, 1285000),
(416, 212, 365, 15.5, 373000),
(417, 212, 370, 10.5, 95000),
(418, 212, 417, 3.7, 1750000),
(419, 212, 380, 1.2, 1250000),
(420, 212, 368, 4, 480000),
(421, 212, 412, 5, 340000),
(422, 212, 364, 4, 60000),
(423, 212, 379, 0.2, 650000),
(424, 212, 378, 0.25, 480000),
(425, 212, 372, 30, 100000),
(426, 212, 404, 5, 337000),
(427, 212, 411, 3.9, 700000),
(428, 212, 416, 0.1, 75000),
(429, 212, 410, 1.5, 175000),
(431, 213, 411, 0.8, 700000),
(432, 213, 370, 3, 95000),
(433, 213, 416, 9, 75000),
(434, 213, 410, 0.8, 175000),
(435, 213, 385, 0.95, 110000),
(436, 213, 377, 9.5, 426000),
(437, 213, 375, 3, 790000),
(438, 213, 364, 20, 52000),
(439, 213, 379, 0.5, 650000),
(440, 213, 380, 2, 1250000),
(441, 213, 404, 1, 337000),
(442, 213, 393, 1, 740000),
(443, 213, 418, 0.9, 1300000),
(444, 213, 365, 16, 373000),
(445, 214, 419, 750, 2000),
(446, 214, 394, 2, 67000),
(447, 214, 385, 0.55, 110000),
(448, 214, 410, 1.2, 175000),
(449, 214, 379, 2, 650000),
(450, 214, 393, 2.3, 740000),
(451, 214, 380, 5.8, 1250000),
(452, 214, 383, 3, 1895000),
(453, 214, 418, 1.5, 1300000),
(454, 214, 372, 30, 90000),
(455, 214, 368, 5, 146000),
(456, 214, 417, 6.2, 1750000),
(457, 214, 409, 1.5, 79000),
(458, 214, 398, 0.2, 44000),
(459, 214, 375, 4, 790000),
(460, 215, 385, 5.5, 110000),
(461, 215, 396, 3.8, 130000),
(462, 215, 368, 2, 146000),
(463, 215, 410, 1.2, 175000),
(465, 215, 411, 10.5, 700000),
(466, 215, 420, 7.5, 760000),
(467, 215, 398, 1.8, 44000),
(468, 215, 364, 20, 52000),
(469, 215, 416, 2, 79000),
(470, 215, 379, 1, 660000),
(471, 215, 421, 6, 33000),
(472, 216, 363, 1, 1800000),
(474, 216, 434, 4, 67000),
(475, 216, 385, 4, 110000),
(476, 216, 396, 3.6, 112000),
(477, 216, 368, 3, 146000),
(479, 216, 398, 0.6, 40000),
(480, 216, 410, 0.3, 175000),
(481, 216, 372, 27, 90000),
(482, 216, 443, 2, 420000),
(483, 216, 377, 12, 426000),
(484, 216, 421, 4, 33000),
(485, 216, 433, 13, 700000),
(486, 216, 420, 10, 700000),
(487, 216, 376, 40, 10500),
(488, 216, 391, 8, 840000),
(489, 216, 411, 3, 645000),
(491, 218, 311, 8000, 11570),
(492, 110, 435, 2000, 11116),
(493, 219, 311, 41000, 11107),
(494, 115, 309, 1000, 11097),
(495, 220, 312, 5000, 11088),
(496, 221, 312, 21000, 11088),
(497, 222, 436, 5680, 11352),
(498, 223, 436, 15000, 11590),
(499, 224, 436, 15000, 11590),
(500, 225, 429, 2000, 11446),
(501, 226, 436, 13760, 11590),
(503, 227, 385, 1, 7664000),
(504, 228, 363, 1, 9824000),
(505, 229, 368, 1, 32219000),
(506, 230, 370, 1, 29592000),
(507, 231, 419, 1, 38027000),
(508, 232, 385, 1, 29692000),
(509, 233, 445, 1, 24905000),
(510, 234, 311, 2000, 0),
(511, 235, 311, 9000, 0),
(512, 236, 311, 5000, 0),
(513, 237, 414, 14000, 0),
(514, 238, 415, 22000, 0),
(515, 239, 415, 46000, 0),
(516, 240, 415, 72000, 0),
(517, 241, 429, 88160, 0),
(518, 242, 311, 20000, 0),
(519, 243, 413, 15000, 0),
(520, 244, 415, 23000, 0),
(521, 245, 415, 15000, 0),
(522, 246, 429, 29000, 0),
(523, 247, 312, 17000, 0),
(524, 248, 415, 23000, 0),
(525, 249, 415, 15000, 0),
(526, 250, 429, 29000, 0),
(527, 251, 309, 2000, 0),
(528, 252, 311, 8000, 0),
(529, 253, 312, 10000, 0),
(530, 254, 422, 6000, 0),
(531, 255, 413, 24000, 0),
(532, 256, 415, 12000, 0),
(534, 257, 415, 59000, 0),
(535, 258, 415, 84000, 0),
(536, 259, 429, 107280, 0),
(537, 260, 436, 10000, 0),
(538, 261, 436, 6000, 0),
(539, 262, 429, 115000, 0),
(540, 263, 363, 1, 9837000),
(541, 264, 370, 1, 8038000),
(542, 265, 370, 1, 23785000),
(543, 266, 378, 1, 30660000),
(544, 267, 385, 1, 24971000),
(545, 268, 385, 1, 30878000),
(546, 269, 370, 1, 7474000),
(547, 270, 429, 19720, 0),
(548, 98, 429, 4000, 0),
(549, 271, 370, 1, 1641000),
(550, 272, 363, 1, 33920000),
(551, 273, 385, 1, 19832000),
(552, 274, 396, 1, 25413000),
(553, 275, 368, 1, 30386000),
(554, 276, 385, 1, 9396000),
(555, 277, 363, 1, 20382000),
(556, 278, 385, 1, 14348000),
(557, 279, 311, 20000, 0),
(558, 280, 311, 10000, 0),
(559, 281, 311, 6400, 0),
(560, 282, 312, 5000, 0),
(561, 282, 422, 14000, 0),
(562, 282, 413, 10000, 0),
(563, 283, 415, 23000, 0),
(564, 284, 415, 42000, 0),
(565, 285, 429, 63000, 0);

-- --------------------------------------------------------

--
-- Table structure for table `fipoma_ana_paid_pond`
--

CREATE TABLE IF NOT EXISTS `fipoma_ana_paid_pond` (
  `id` mediumint(9) NOT NULL AUTO_INCREMENT,
  `id_pond` mediumint(9) NOT NULL,
  `date` date NOT NULL,
  `value` double NOT NULL,
  `note` varchar(50) COLLATE utf8_unicode_ci NOT NULL,
  PRIMARY KEY (`id`,`id_pond`),
  KEY `fipoma_ana_paid_pond_1` (`id_pond`)
) ENGINE=InnoDB  DEFAULT CHARSET=utf8 COLLATE=utf8_unicode_ci AUTO_INCREMENT=650 ;

--
-- Dumping data for table `fipoma_ana_paid_pond`
--

INSERT INTO `fipoma_ana_paid_pond` (`id`, `id_pond`, `date`, `value`, `note`) VALUES
(1, 6, '2012-10-10', 500000, '50 lít dầu hút bùn'),
(3, 10, '2011-06-15', 22000, 'Bốc vác Domi 1T'),
(4, 10, '2011-06-15', 4000000, 'Chiếc xuồng'),
(5, 10, '2011-06-15', 180000, 'gạo'),
(6, 10, '2011-06-15', 3920000, 'hút bùn 89 giờ'),
(7, 10, '2011-06-15', 1772000, 'dầu hút bùn 80 lít'),
(8, 10, '2011-06-15', 350000, 'mũ bè'),
(9, 10, '2011-06-15', 70000, 'đò chở ván'),
(10, 10, '2011-06-15', 88000, 'Bốc vác Domi'),
(11, 10, '2011-06-15', 563000, 'Điện'),
(12, 10, '2011-06-15', 60000, 'Xăng'),
(13, 10, '2011-06-15', 1040000, 'lương Tùng + Vinh'),
(14, 10, '2011-06-15', 69000, 'vịt cúng 16'),
(15, 10, '2011-06-15', 8500000, 'bè'),
(16, 10, '2011-07-15', 2000000, 'lương Trí'),
(17, 10, '2011-07-15', 22000, 'mì'),
(18, 10, '2011-07-15', 111000, 'vịt cúng 16'),
(19, 10, '2011-07-15', 154000, 'gạo'),
(20, 10, '2011-07-15', 60000, 'gia vị + mì'),
(21, 10, '2011-07-15', 60000, 'tiền nước'),
(22, 10, '2011-07-15', 125000, 'gạo'),
(23, 10, '2011-07-15', 97000, 'gia vị + mì'),
(24, 10, '2011-07-15', 44000, 'xăng'),
(25, 10, '2011-07-15', 25000, 'Bốc vác Domi 1T'),
(26, 10, '2011-07-15', 44000, 'Bốc vác Domi'),
(27, 10, '2011-07-15', 30000, 'xăng'),
(28, 10, '2011-08-15', -555000, 'thu bao'),
(29, 10, '2011-08-15', 96000, 'vịt cúng 16'),
(30, 10, '2011-08-15', 66000, 'xăng'),
(31, 10, '2011-08-15', 47000, 'gia vị'),
(32, 10, '2011-08-15', 250000, 'gạo'),
(33, 10, '2011-08-15', 44000, 'xăng'),
(34, 10, '2011-08-15', 110000, 'Bốc vác Domi 5t'),
(35, 10, '2011-08-15', 834000, 'tiền ván'),
(36, 10, '2011-08-15', 44000, 'Bốc vác Domi'),
(37, 10, '2011-08-15', 176000, 'Bốc vác Domi'),
(38, 10, '2011-08-15', 4400000, 'lương Trí + Mắm'),
(39, 10, '2011-08-15', 88000, 'Bốc vác Domi 8T'),
(40, 10, '2011-09-15', 5350000, 'lương Chí + Cậu 10 + Hoàng'),
(41, 10, '2011-09-15', 220000, 'Bốc vác Domi'),
(42, 10, '2011-09-15', 220000, 'Bốc vác Domi'),
(43, 10, '2011-09-15', 165000, 'gạo'),
(44, 10, '2011-09-15', 463000, 'điện'),
(45, 10, '2011-09-15', 220000, 'điện'),
(46, 10, '2011-09-15', 168000, 'gạo'),
(47, 10, '2011-10-15', 2210000, 'dầu hút bùn 105 lít'),
(48, 10, '2011-10-15', 290000, 'gạo'),
(49, 10, '2011-10-15', 220000, 'bv thức ăn'),
(50, 10, '2011-10-15', 98000, 'vịt cúng 16'),
(51, 10, '2011-10-15', 100000, 'xăng + bạc'),
(52, 10, '2011-10-15', 60000, 'mì + gia vị'),
(53, 10, '2011-10-15', 220000, 'Bốc vác Domi 10T'),
(54, 10, '2011-10-15', 220000, 'Bốc vác Domi 10t'),
(55, 10, '2011-10-15', 110000, 'Bốc vác Domi 5t'),
(56, 10, '2011-10-15', 3000000, 'lương cậu 10'),
(57, 10, '2011-10-15', 452000, 'tiền điện'),
(58, 10, '2011-10-15', 56000, 'tiền nước'),
(59, 10, '2011-10-15', 220000, 'Bốc vác Domi 10t'),
(60, 10, '2011-10-15', 60000, 'xăng'),
(61, 10, '2011-10-15', 2500000, 'tiền cột điện'),
(62, 10, '2011-10-15', 3560000, 'hút bùn 89 giờ'),
(63, 10, '2011-11-15', 110000, 'Bốc vác Domi 5t'),
(64, 10, '2011-11-15', 110000, 'Bốc vác Domi 5t'),
(65, 10, '2011-11-15', 777000, 'tiền gạo'),
(66, 10, '2011-11-15', 220000, 'Bốc vác Domi 10t'),
(67, 10, '2011-11-15', 110000, 'Bốc vác Domi 5t'),
(68, 10, '2011-11-15', 220000, 'Bốc vác Domi 10t'),
(69, 10, '2011-11-15', 118000, 'vịt cúng 16'),
(70, 10, '2011-11-15', 72000, 'gia vị'),
(71, 10, '2011-11-15', 110000, 'Bốc vác Domi 5t'),
(72, 10, '2011-11-15', 220000, 'Bốc vác Domi 10t'),
(73, 10, '2011-11-15', 220000, 'Bốc vác Domi 10t'),
(74, 10, '2011-11-15', 6000000, 'lương Hoàng + Cậu 10'),
(75, 10, '2011-12-15', 1425000, 'dầu hút bùn 70 lít'),
(76, 10, '2011-11-15', 176000, 'Bốc vác Domi 8t'),
(77, 10, '2011-12-15', 3200000, 'hút bùn 80 giờ'),
(78, 10, '2011-12-15', 350000, 'mũ bè'),
(79, 10, '2011-12-15', 7000000, 'lương Hoàng + Việt + Cậu 10'),
(80, 10, '2011-12-15', 450000, 'gạo + mì'),
(81, 10, '2011-12-15', 443000, 'tiền điện'),
(82, 10, '2011-12-15', 220000, 'Bốc vác Domi 10t'),
(83, 10, '2011-12-15', 220000, 'Bốc vác Domi 10t'),
(84, 10, '2011-12-15', 110000, 'Bốc vác Domi 5t'),
(85, 10, '2011-12-15', 110000, 'Bốc vác Domi 5t'),
(86, 10, '2011-12-15', 176000, 'Bốc vác Domi 8t'),
(87, 10, '2011-12-15', 220000, 'Bốc vác Domi 10t'),
(88, 10, '2011-12-15', 176000, 'Bốc vác Domi 8t'),
(89, 10, '2011-12-15', 100000, 'gia vị'),
(90, 10, '2012-01-15', 200000, 'xăng + nước'),
(91, 10, '2012-01-15', 400000, 'gia vị + mì'),
(92, 10, '2012-01-15', 1250000, 'dây diện + bóng đèn'),
(93, 10, '2012-01-15', 300000, 'tiền gạo'),
(94, 10, '2012-01-15', 330000, 'Bốc vác Domi'),
(95, 10, '2012-01-15', 220000, 'Bốc vác Domi'),
(96, 10, '2012-01-15', 188000, 'Bốc vác Domi'),
(97, 10, '2012-01-15', 220000, 'Bốc vác Domi'),
(98, 10, '2012-01-15', 10000000, 'lương Chép + Việt'),
(99, 10, '2012-01-15', 220000, 'Bốc vác Domi'),
(100, 10, '2012-01-15', 220000, 'Bốc vác Domi'),
(101, 10, '2012-02-15', 22000, 'Bốc vác Domi'),
(102, 10, '2012-02-15', 400000, 'cây'),
(103, 10, '2012-02-15', 5000000, 'lương Chép + Cậu 10'),
(104, 10, '2012-02-15', 220000, 'Bốc vác Domi'),
(105, 14, '2012-08-15', 250000, 'Vịt cúng thả cá + bông trái cây'),
(106, 14, '2012-08-15', 25000, 'Bốc vác Hoàng Long'),
(107, 14, '2012-08-15', 200000, 'Bốc vác Hoàng Long'),
(108, 14, '2012-08-15', 483000, 'Điện'),
(109, 14, '2012-08-15', 360000, 'Gạo'),
(110, 14, '2012-08-15', 120000, 'Nước'),
(111, 14, '2012-08-15', 100000, 'Xăng + Gia vị'),
(112, 14, '2012-08-15', 228000, 'lúa chuột'),
(113, 14, '2012-08-15', 4400000, 'Lương Tân + Dì Tư'),
(114, 14, '2012-09-15', 125000, 'Bốc vác Hoàng Long'),
(115, 14, '2012-09-15', 3645000, 'hút bùn, 81 giờ x 45'),
(116, 14, '2012-09-15', 1656000, 'Dầu hút bùn 70 lít'),
(117, 14, '2012-09-15', 500000, 'Gạo + mì'),
(118, 14, '2012-09-15', 400000, 'gia vị + xăng'),
(119, 14, '2012-09-15', 497000, 'Điện'),
(120, 14, '2012-09-15', 110000, 'Bóng đèn'),
(121, 14, '2012-09-15', 261000, 'gas + lúa chuột'),
(122, 14, '2012-09-15', 4800000, 'Lương Nhí + Tân'),
(143, 11, '2012-07-15', 125000, 'Bốc vác Domi'),
(144, 11, '2012-07-15', 300000, 'Bốc vác + vận chuyển Cỏ May'),
(145, 11, '2012-07-15', 150000, 'Bốc vác + vận chuyển Cỏ May'),
(146, 11, '2012-07-15', 250000, 'Gạo + Mì'),
(147, 11, '2012-07-15', 200000, 'Gia vị + xăng'),
(148, 11, '2012-07-15', 500000, 'Điện + nước'),
(149, 11, '2012-07-15', 4800000, 'Lương Dì 3 + Được'),
(150, 11, '2012-07-15', 104000, 'Vịt cúng 16'),
(151, 11, '2012-08-15', 200000, 'Bốc vác Hoàn Long'),
(152, 11, '2012-08-15', 483000, 'Điện'),
(153, 11, '2012-08-15', 360000, 'Gạo'),
(154, 11, '2012-08-15', 120000, 'Nước'),
(155, 11, '2012-08-15', 100000, 'Xăng + gia vị'),
(156, 11, '2012-08-15', 228000, 'Lúa chuột'),
(157, 11, '2012-08-15', 150000, 'Bốc vác Hoàng Long'),
(158, 11, '2012-08-15', 4900000, 'Lương Một + Việt'),
(159, 11, '2012-08-15', 250000, 'Bốc vác Vĩnh Hoàn'),
(160, 11, '2012-09-15', 75000, 'Bốc vác Hoàng Long'),
(161, 11, '2012-09-15', 75000, 'Bốc vác Hoàng Long'),
(162, 11, '2012-09-15', 4095000, '91 giờ x 45.000'),
(163, 11, '2012-09-15', 1892000, 'Dầu hút bùn 80 lít'),
(164, 11, '2012-09-15', 75000, 'Bốc vác Hoàng Long'),
(165, 11, '2012-09-15', 50000, 'Bốc vác Hoàng Long'),
(166, 11, '2012-09-15', 200000, 'Bốc vác Hoàng Long'),
(167, 11, '2012-09-15', 150000, 'Bốc vác Hoàng Long'),
(168, 11, '2012-09-15', 125000, 'Bốc vác Hoàng Long'),
(169, 11, '2012-09-15', 5000000, 'Lương Một + Linh'),
(170, 11, '2012-09-15', 261000, 'Gas + lúa chuột'),
(171, 11, '2012-09-15', 111000, 'Bóng đèn'),
(172, 11, '2012-09-15', 497000, 'Tiền điện'),
(173, 11, '2012-09-15', 400000, 'Gia vị + xăng'),
(174, 11, '2012-09-15', 500000, 'Gạo + mì'),
(175, 11, '2012-09-15', 125000, 'Bốc vác Hoàng Long'),
(176, 11, '2012-09-15', 100000, 'Bốc vác Hoàng Long'),
(177, 11, '2012-09-15', 175000, 'Bốc vác Hoàng Long'),
(182, 12, '2012-06-15', 523000, 'Điện'),
(183, 12, '2012-06-15', 2300000, 'Lương Tín'),
(184, 12, '2012-06-15', 100000, 'Xăng'),
(185, 12, '2012-06-15', 200000, 'Gia vị'),
(186, 12, '2012-06-15', 200000, 'Nước + xăng'),
(187, 12, '2012-06-15', 271000, 'Gạo'),
(188, 12, '2012-06-15', 440000, 'Mũ bè'),
(189, 12, '2012-06-15', 280000, 'Vịt cúng thả cá'),
(190, 12, '2012-06-15', 50000, 'Bốc vác Domi'),
(191, 12, '2012-07-15', 4600000, 'Lương Tín + Một'),
(192, 12, '2012-07-15', 500000, 'Điện + Nước'),
(193, 12, '2012-07-15', 200000, 'Gia vị + Xăng'),
(194, 12, '2012-07-15', 250000, 'Gạo + Mì'),
(195, 12, '2012-07-15', 794000, 'Dầu hút bùn 40 lít x 19.850'),
(196, 12, '2012-07-15', 1980000, 'Hút bùn 44 giờ x 45.000'),
(197, 12, '2012-07-15', 150000, 'Vận chuyển + bốc vác Cỏ May'),
(198, 12, '2012-07-15', 125000, 'Bốc vác Domi 5 tấn'),
(199, 12, '2012-07-15', 104000, 'Vịt cúng 16'),
(200, 12, '2012-07-15', 30000, 'mũ bè'),
(201, 12, '2012-08-15', 175000, 'Bốc vác Hoàng Long'),
(202, 12, '2012-08-15', 483000, 'Điện'),
(203, 12, '2012-08-15', 360000, 'Gạo'),
(204, 12, '2012-08-15', 120000, 'Nước'),
(205, 12, '2012-08-15', 100000, 'Xăng + Gia vị'),
(206, 12, '2012-08-15', 228000, 'Lúa chuột'),
(207, 12, '2012-08-15', 100000, 'Bốc vác Hoàng Long'),
(208, 12, '2012-08-15', 4500000, 'Lương Tín + Xuân'),
(209, 12, '2012-08-15', 125000, 'Bốc vác Vĩnh Hoàn'),
(210, 12, '2012-09-15', 100000, 'Bốc vác Hoàng Long'),
(211, 12, '2012-09-15', 100000, 'Bốc vác Hoàng Long'),
(212, 12, '2012-09-15', 50000, 'Bốc vác Hoàng Long'),
(213, 12, '2012-09-15', 50000, 'Bốc vác Hoàng Long'),
(214, 12, '2012-09-15', 500000, 'Gạo + Mì'),
(215, 12, '2012-09-15', 400000, 'Gia vị + Xăng'),
(216, 12, '2012-09-15', 497000, 'Điện'),
(217, 12, '2012-09-15', 111000, 'Bóng đèn'),
(218, 12, '2012-09-15', 261000, 'Gas + Lúa chuột'),
(219, 12, '2012-09-15', 4500000, 'Lương Tín + Xuân'),
(220, 12, '2012-09-15', 75000, 'Bốc vác Hoàng Long'),
(221, 13, '2012-07-15', 75000, 'Vận chuyển + Bốc vác Cỏ May'),
(222, 13, '2012-07-15', 200000, 'Vịt cúng thả cá'),
(223, 13, '2012-07-15', 5985000, 'Hút bùn 133 giờ x 45.000'),
(224, 13, '2012-07-15', 2382000, 'Dầu hút bùn 126 lít x 19.850'),
(225, 13, '2012-07-15', 250000, 'Gạo + Mì'),
(226, 13, '2012-07-15', 200000, 'Gia vị + Xăng'),
(227, 13, '2012-07-15', 500000, 'Điện + Nước'),
(228, 13, '2012-07-15', 5600000, 'Lương Giang + Anh Mười'),
(229, 13, '2012-09-15', 125000, 'Bốc vác Hoàng Long'),
(230, 13, '2012-08-15', 6000000, 'Lương Giang + Cậu Mười'),
(231, 13, '2012-08-15', 228000, 'Lúa chuột'),
(232, 13, '2012-08-15', 100000, 'Xăng + Gia vị'),
(233, 13, '2012-08-15', 120000, 'Nước'),
(234, 13, '2012-08-15', 360000, 'Gạo'),
(235, 13, '2012-08-15', 483000, 'Điện'),
(236, 13, '2012-08-15', 250000, 'Bốc vác Hoàng Long'),
(237, 13, '2012-09-15', 500000, 'Gạo + Mì'),
(238, 13, '2012-09-15', 400000, 'Gia vị + Xăng'),
(239, 13, '2012-09-15', 479000, 'Điện'),
(240, 13, '2012-09-15', 111000, 'Bóng đèn'),
(241, 13, '2012-09-15', 261000, 'Gas + Lúa chuột'),
(242, 13, '2012-09-15', 5140000, 'Lương Cậu Mười + Canh'),
(243, 2, '2012-08-15', 250000, 'Vịt cúng thả cá + bông và trái cây'),
(244, 2, '2012-08-15', 25000, 'Bốc vác Hoàng Long'),
(245, 2, '2012-08-15', 100000, 'Bốc vác Hoàng Long'),
(246, 2, '2012-08-15', 200000, 'Gạo + Mì'),
(247, 2, '2012-08-15', 320000, 'Nước + Xăng + Gia vị'),
(248, 2, '2012-08-15', 167000, 'Điện'),
(249, 2, '2012-08-15', 5000000, 'Lương Anh Sáu + Thiện'),
(250, 2, '2012-09-15', 2070000, 'Hút bùn 46 giờ x 45.000'),
(251, 2, '2012-09-15', 946000, 'Dầu hút bùn 40 lít'),
(252, 2, '2012-09-15', 500000, 'Gạo + Mì + Xăng'),
(253, 2, '2012-09-15', 400000, 'Gia vị + Vịt cúng 16'),
(254, 2, '2012-09-15', 165000, 'Điện'),
(255, 2, '2012-09-15', 5000000, 'Lương Anh Sáu + Thiện'),
(256, 15, '2012-04-19', 75000, 'Bốc vác Domi'),
(257, 15, '2012-04-19', 250000, 'Vịt cúng thả cá'),
(258, 15, '2012-04-19', 200000, 'Gạo + Xăng'),
(259, 15, '2012-04-19', 125000, 'Bốc vác Domi'),
(260, 15, '2012-04-19', 8550000, 'Hút bùn 190 giờ'),
(261, 15, '2012-04-19', 3737000, 'Dầu hút bùn'),
(262, 15, '2012-04-19', 228000, 'Điện'),
(263, 15, '2012-04-19', 3800000, 'Lương Thuấn + Họp'),
(264, 15, '2012-04-19', 500000, 'Tiền thả cá'),
(265, 15, '2012-05-15', 2300000, 'Lương Thuấn'),
(266, 15, '2012-05-15', 200000, 'Xăng + Mì'),
(267, 15, '2012-05-15', 175000, 'Bốc vác Domi 7 tấn'),
(268, 15, '2012-05-15', 200000, 'Xăng + Nước'),
(269, 15, '2012-05-15', 271000, 'Gạo'),
(270, 15, '2012-05-15', 50000, 'Bốc vác Domi 2 tấn'),
(271, 15, '2012-05-15', 131000, 'Vịt cúng 16'),
(272, 15, '2012-06-15', 50000, 'Bốc vác Domi'),
(273, 15, '2012-06-15', 50000, 'Bốc vác Domi'),
(274, 15, '2012-06-15', 175000, 'Bốc vác Domi'),
(275, 15, '2012-06-15', 300000, 'Gạo + Mì'),
(276, 15, '2012-06-15', 184000, 'Điện'),
(277, 15, '2012-06-15', 100000, 'Vít cúng 16'),
(278, 15, '2012-06-15', 75000, 'Bốc vác Domi'),
(279, 15, '2012-06-15', 200000, 'Xăng + Nước'),
(280, 15, '2012-06-15', 2300000, 'Lương Thuấn'),
(281, 15, '2012-07-15', 104000, 'Vịt cúng 16'),
(282, 15, '2012-07-15', 250000, 'Bốc vác Domi'),
(283, 15, '2012-07-15', 375000, 'Vận chuyển  + Bốc vác Cỏ May'),
(284, 15, '2012-07-15', 225000, 'Vận chuyển + Bốc vác Cỏ May'),
(285, 15, '2012-07-15', 7110000, 'Hút bùn 158 giờ x 45'),
(286, 15, '2012-07-15', 2382000, 'Dầu hút bùn 120 lít'),
(287, 15, '2012-07-15', 250000, 'Gạo + Mì'),
(288, 15, '2012-07-15', 200000, 'Xăng + Gia vị'),
(289, 15, '2012-07-15', 500000, 'Điện + Nước'),
(290, 15, '2012-07-15', 4300000, 'Lương Thuấn + Dì Tư'),
(291, 15, '2012-07-15', 125000, 'Bốc vác Domi'),
(292, 15, '2012-08-15', 200000, 'Bốc vác Hoàng Long'),
(293, 15, '2012-08-15', 228000, 'Lúa chuột'),
(294, 15, '2012-08-15', 100000, 'Xăng + Gia vị'),
(295, 15, '2012-08-15', 120000, 'Nước'),
(296, 15, '2012-08-15', 280000, 'Điện'),
(297, 15, '2012-08-15', 250000, 'Bốc vác Hoàng Long 10 tấn'),
(298, 15, '2012-08-15', 200000, 'Bốc vác Hoàng Long 8 tấn'),
(299, 15, '2012-08-15', 75000, 'Bôc vác Hoàng Long 3 tấn'),
(300, 15, '2012-08-15', 175000, 'Bốc vác Hoàng Long'),
(301, 15, '2012-08-15', 250000, 'Bốc vác Vĩnh Hoàn'),
(302, 15, '2012-08-15', 4740000, 'Lương Thuấn + Ông Năm'),
(303, 15, '2012-09-15', 5000000, 'Lương Thuấn + Tuấn'),
(304, 15, '2012-09-15', 248000, 'Điện'),
(305, 15, '2012-09-15', 127000, 'Vịt cúng 16'),
(306, 15, '2012-09-15', 175000, 'Lúa chuột'),
(307, 15, '2012-09-15', 400000, 'Xăng + Gia vị'),
(308, 15, '2012-09-15', 500000, 'Gạo + Mì'),
(309, 15, '2012-09-15', 111000, 'Bóng đèn'),
(310, 15, '2012-09-15', 200000, 'Bốc vác Hoàng Long'),
(311, 15, '2012-09-15', 200000, 'Bốc vác Hoàng Long'),
(312, 15, '2012-09-15', 250000, 'Bốc vác Hoàng Long'),
(313, 15, '2012-09-15', 200000, 'Bốc vác Hoàng Long'),
(314, 15, '2012-09-15', 75000, 'Bốc vác Hoàng Long'),
(315, 15, '2012-09-15', 150000, 'Bốc vác Hoàng Long'),
(316, 15, '2012-09-15', 100000, 'Bốc vác Hoàng Long'),
(317, 15, '2012-09-15', 150000, 'Bốc vác Hoàng Long'),
(318, 15, '2012-10-15', 200000, 'Bốc vác Hoàng Long'),
(319, 15, '2012-10-15', 300000, 'Bốc vác Hoàng Long'),
(320, 15, '2012-10-15', 127000, 'Vịt cúng 16'),
(321, 15, '2012-10-15', 125000, 'Bốc vác Hoàng Long'),
(322, 15, '2012-10-15', 200000, 'Bốc vác Hoàng Long'),
(323, 7, '2012-05-15', 50000, 'Bốc vác Domi 2 tấn'),
(324, 7, '2012-05-15', 7100000, 'Lương cậu Hai Họp + Một'),
(325, 7, '2012-05-15', 50000, 'Bốc vác Domi 2 tấn'),
(326, 7, '2012-05-15', 75000, 'Bốc vác Domi 3 tấn'),
(327, 7, '2012-05-15', 200000, 'Xăng + Nước'),
(328, 7, '2012-05-15', 271000, 'Gạo'),
(329, 7, '2012-05-15', 1000000, 'Sắt + Đinh'),
(330, 7, '2012-05-15', 11745000, 'Dừa 29 cây 261 m x 45.000'),
(331, 7, '2012-05-15', 12950000, '700 cây tràm x 18.500 đ'),
(332, 7, '2012-05-15', 440000, 'Mũ bè'),
(333, 7, '2012-05-15', 300000, 'Vịt cúng thả cá'),
(334, 7, '2012-05-15', 250000, 'Điện'),
(335, 7, '2012-06-15', 50000, 'Bốc vác Domi 2 tấn'),
(336, 7, '2012-06-15', 75000, 'Bốc vác Domi 3 tấn'),
(337, 7, '2012-06-15', 300000, 'Gạo + Mì'),
(338, 7, '2012-06-15', 200000, 'Xăng + Nước'),
(339, 7, '2012-06-15', 184000, 'Điện'),
(341, 7, '2012-06-15', 2600000, 'Lương Họp + Tuấn'),
(342, 7, '2012-06-15', 175000, 'Bốc vác Domi 3 tấn'),
(343, 7, '2012-07-15', 104000, 'Vịt cúng 16'),
(344, 7, '2012-07-15', 250000, 'Bốc vác Domi'),
(345, 7, '2012-07-15', 225000, 'Vận chuyển + bốc vác Cỏ May'),
(346, 7, '2012-07-15', 225000, 'Vận chuyển + bốc vác Cỏ May'),
(347, 7, '2012-07-15', 9855000, 'Hút bùn 219 giờ x 45.000'),
(348, 7, '2012-07-15', 3970000, 'Dầu hút bùn 200 lít x 19.850'),
(349, 7, '2012-07-15', 250000, 'Gạo + Mì'),
(350, 7, '2012-07-15', 200000, 'Gia vị + Xăng'),
(351, 7, '2012-07-15', 300000, 'Điện + Nước'),
(352, 7, '2012-07-15', 4600000, 'Lương Họp + Tuấn'),
(353, 7, '2012-07-15', 350000, 'Mũ bè'),
(354, 7, '2012-08-15', 125000, 'Bốc vác Hoàng Long'),
(355, 7, '2012-08-15', 280000, 'Điện'),
(356, 7, '2012-08-15', 120000, 'Nước'),
(357, 7, '2012-08-15', 100000, 'Xăng + Gia vị'),
(358, 7, '2012-08-15', 228000, 'Lúa chuột'),
(359, 7, '2012-08-15', 175000, 'Bốc vác Hoàng Long'),
(360, 7, '2012-08-15', 5000000, 'Lương Tuấn + Họp'),
(361, 7, '2012-08-15', 250000, 'Bốc vác Vĩnh Hoàn'),
(362, 7, '2012-09-15', 5000000, 'Lương Họp + Ông Năm'),
(363, 7, '2012-09-15', 175000, 'Lúa chuột'),
(364, 7, '2012-09-15', 111000, 'Bóng đèn'),
(365, 7, '2012-09-15', 400000, 'Gia vị + Xăng'),
(366, 7, '2012-09-15', 500000, 'Gạo + Mì'),
(367, 7, '2012-09-15', 248000, 'Điện'),
(368, 7, '2012-09-15', 150000, 'Bốc vác Hoàng Long'),
(369, 7, '2012-09-15', 200000, 'Bốc vác Hoàng Long'),
(370, 7, '2012-09-15', 150000, 'Bốc vác Hoàng Long'),
(371, 7, '2012-09-15', 125000, 'Bốc vác Hoàng Long'),
(372, 7, '2012-09-15', 200000, 'Bốc vác Hoàng Long'),
(373, 7, '2012-09-15', 150000, 'Bốc vác Hoàng Long'),
(374, 7, '2012-09-15', 150000, 'Bốc vác Hoàng Long'),
(375, 7, '2012-09-15', 125000, 'Bốc vác Hoàng Long'),
(376, 7, '2012-09-15', 100000, 'Bốc vác Hoàng Long'),
(377, 7, '2012-09-15', 125000, 'Bốc vác Hoàng Long'),
(378, 7, '2012-09-15', 127000, 'Vịt cúng 16'),
(381, 7, '2012-10-15', 41818000, 'Bốc vác Hoàng Long'),
(382, 8, '2012-04-15', 50000, 'Bốc vác Domi 2 tấn'),
(383, 8, '2012-04-15', 3870000, 'Hút bùn 86 giờ'),
(384, 8, '2012-04-15', 1601000, 'Dầu hút bùn 75 lít'),
(385, 8, '2012-04-15', 75000, 'Bốc vác Domi 3 tấn'),
(386, 8, '2012-04-15', 110000, 'Vịt cúng 16'),
(387, 8, '2012-04-15', 75000, 'Bốc vác Domi 3 tấn'),
(388, 8, '2012-05-15', 2500000, 'Lương Anh Nam'),
(389, 8, '2012-05-15', 100000, 'Xăng'),
(390, 8, '2012-05-15', 75000, 'Bốc vác Domi'),
(391, 8, '2012-05-15', 75000, 'Bốc vác Domi'),
(392, 8, '2012-05-15', 75000, 'Bốc vác Domi'),
(393, 8, '2012-05-15', 131000, 'Vịt cúng 16'),
(394, 8, '2012-06-15', 75000, 'Bốc vác Domi 3 tấn'),
(395, 8, '2012-06-15', 100000, 'Bốc vác Domi 4 tấn'),
(396, 8, '2012-06-15', 200000, 'Xăng'),
(397, 8, '2012-06-15', 100000, 'Vịt cúng 16'),
(398, 8, '2012-07-15', 1885750, 'Dầu hút bùn 95 x  19.850'),
(399, 8, '2012-07-15', 125000, 'Bốc vác Domi 5 tấn'),
(400, 8, '2012-07-15', 4770000, 'Hút bùn 106 giờ x 45.000'),
(401, 8, '2012-07-15', 300000, 'Vận chuyển + Bốc vác Cỏ May'),
(402, 8, '2012-07-15', 150000, 'Bốc vác Domi 10 tấn'),
(403, 8, '2012-07-15', 100000, 'Bốc vác Domi 4 tấn'),
(404, 8, '2012-07-15', 104000, 'Vịt cúng 16'),
(406, 8, '2012-08-15', 100000, 'Xăng + Mì'),
(407, 8, '2012-08-15', 350000, 'Vận chuyển + bốc vác Cỏ May'),
(408, 8, '2012-08-15', 700000, 'Vận chuyển + bốc vác Cỏ May'),
(409, 8, '2012-08-15', 350000, 'Vận chuyển + bốc vác Cỏ May 3 tấn'),
(410, 8, '2012-08-15', 490000, 'Bốc vác +  vận chuyển Cỏ May'),
(411, 8, '2012-09-15', 125000, 'Bốc vác Hoàng Long'),
(412, 8, '2012-09-15', 350000, 'Bốc vác + vận chuyển Cỏ May 5 tấn'),
(413, 8, '2012-09-15', 125000, 'Bốc vác Hoàng Long'),
(414, 8, '2012-09-15', 125000, 'Bốc vác Hoàng Long'),
(415, 8, '2012-09-15', 100000, 'Bốc vác Hoàng Long'),
(416, 8, '2012-09-15', 100000, 'Bốc vác Hoàng Long 4 tấn'),
(417, 8, '2012-09-15', 50000, 'Bốc vác Hoàng Long 2 tấn'),
(418, 8, '2012-09-15', 420000, 'Bốc vác + vận chuyển Cỏ May 6 tấn'),
(419, 8, '2012-09-15', 700000, 'Bốc vác + vận chuyển Cỏ May 10 tấn'),
(420, 8, '2012-09-15', 100000, 'Xăng'),
(421, 8, '2012-09-15', 1245000, 'Lương Anh Phúc nửa tháng'),
(422, 8, '2012-09-15', 350000, 'Bốc vác + vận chuyển Cỏ May 5 tấn'),
(423, 8, '2012-10-15', 127000, 'Vịt cúng 16'),
(424, 8, '2012-10-15', 280000, 'Bốc vác + vận chuyển Cỏ May '),
(425, 8, '2012-10-15', 150000, 'Bốc vác Hoàng Long'),
(426, 8, '2012-10-15', 125000, 'Bốc vác Hoàng Long'),
(427, 10, '2012-04-15', 5000000, 'Lương Được + Linh'),
(428, 10, '2012-04-15', 500000, 'Tiền thả cá (công nhân)'),
(429, 10, '2012-04-15', 521000, 'Điện'),
(430, 10, '2012-04-15', 150000, 'Xăng + nước'),
(431, 10, '2012-04-15', 250000, 'Gạo + Mì'),
(432, 10, '2012-04-15', 100000, 'Bốc vác Domi'),
(433, 10, '2012-04-15', 200000, 'Gạo +  Xăng'),
(434, 10, '2012-04-15', 250000, 'Vịt cúng thả cá'),
(435, 10, '2012-04-15', 50000, 'Bốc vác Domi'),
(436, 10, '2012-05-15', 3500000, 'Lương Xuân + Dì Ba'),
(437, 10, '2012-05-15', 400000, 'Điện + nước'),
(438, 10, '2012-05-15', 200000, 'Xăng + Mì'),
(439, 10, '2012-05-15', 50000, 'Bốc vác Domi'),
(440, 10, '2012-05-15', 200000, 'Nước + Xăng'),
(441, 10, '2012-05-15', 271000, 'Gạo'),
(442, 10, '2012-05-15', 440000, 'Mũ bè'),
(443, 10, '2012-05-15', 100000, 'Bốc vác Domi 4 tấn'),
(444, 10, '2012-05-15', 131000, 'Vịt cúng 16'),
(445, 10, '2012-06-15', 3060000, 'Lương Được + Việt'),
(446, 10, '2012-06-15', 523000, 'Điện'),
(447, 10, '2012-06-15', 100000, 'Gia vị'),
(448, 10, '2012-06-15', 300000, 'Xăng + Nước'),
(449, 10, '2012-06-15', 400000, 'Gạo + Mì'),
(450, 10, '2012-06-15', 100000, 'Vịt cúng 16'),
(451, 10, '2012-06-15', 100000, 'Bốc vác Domi 4 tấn'),
(452, 10, '2012-06-15', 50000, 'Bốc vác Domi 2 tấn'),
(453, 10, '2012-07-15', 200000, 'Xăng + Gia vị'),
(454, 10, '2012-07-15', 250000, 'Gạo + Mì'),
(455, 10, '2012-07-15', 500000, 'Điện + nước'),
(456, 10, '2012-07-15', 4300000, 'Lương Việt + Xuân'),
(457, 10, '2012-07-15', 280000, 'Vận chuyển + bốc vác Cỏ May 4 tấn'),
(458, 10, '2012-07-15', 1687250, 'Dầu hút bùn 85 x 19.850'),
(459, 10, '2012-07-15', 4185000, 'Hút bùn 93 giờ x 45.000'),
(460, 10, '2012-07-15', 758000, 'Bốc vác + vận chuyển Cỏ May'),
(461, 10, '2012-07-15', 125000, 'Bốc vác Domi'),
(462, 10, '2012-07-15', 104000, 'Vịt cúng 16'),
(463, 10, '2012-08-15', 5000000, 'Lương Dì Ba + Được'),
(464, 10, '2012-08-15', 250000, 'Bốc vác Vĩnh Hoàn'),
(465, 10, '2012-08-15', 125000, 'Bốc vác Hoàng Long'),
(466, 10, '2012-08-15', 228000, 'Lúa chuột'),
(467, 10, '2012-08-15', 100000, 'Xăng + Gia vị'),
(468, 10, '2012-08-15', 120000, 'Nước'),
(469, 10, '2012-08-15', 360000, 'Gạo'),
(470, 10, '2012-08-15', 483000, 'Điện'),
(471, 10, '2012-08-15', 125000, 'Bốc vác Hoàng Long'),
(472, 10, '2012-08-15', 150000, 'Bốc vác Hoàng Long'),
(473, 10, '2012-09-15', 125000, 'Bốc vác Hoàng Long'),
(474, 10, '2012-09-15', 100000, 'Bốc vác Hoàng Long'),
(475, 10, '2012-09-15', 150000, 'Bốc vác Hoàng Long'),
(476, 10, '2012-09-15', 75000, 'Bốc vác Hoàng Long'),
(477, 10, '2012-09-15', 25000, 'Bốc vác Hoàng Long'),
(478, 10, '2012-09-15', 75000, 'Bốc vác Hoàng Long'),
(479, 10, '2012-09-15', 75000, 'Bốc vác Hoàng Long'),
(480, 10, '2012-09-15', 125000, 'Bốc vác Hoàng Long'),
(481, 10, '2012-09-15', 150000, 'Bốc vác Hoàng Long'),
(482, 10, '2012-09-15', 180000, 'Bốc vác Hoàng Long'),
(483, 10, '2012-09-15', 175000, 'Bốc vác Hoàng Long'),
(484, 10, '2012-09-15', 125000, 'Bốc vác Hoàng Long'),
(485, 9, '2012-05-15', 125000, 'Bốc vác Domi 5 tấn'),
(486, 9, '2012-04-15', 75000, 'Bốc vác Domi 3 tấn'),
(487, 9, '2012-04-15', 750000, 'Tiền điện 3 tháng'),
(488, 9, '2012-04-15', 250000, 'Xăng + Mì + Gạo'),
(489, 9, '2012-04-15', 5100000, 'Lương Phúc + Chí TLễ'),
(490, 9, '2012-04-15', 125000, 'Bốc vác Domi 5 tấn'),
(491, 9, '2012-04-15', 1360000, 'Ván đóng bè'),
(492, 9, '2012-04-15', 125000, 'Bốc vác Domi 5 tấn'),
(493, 9, '2012-04-15', 75000, 'Bốc vác Domi 3 tấn'),
(494, 9, '2012-04-15', 100000, 'Bốc vác Domi 4 tấn'),
(495, 9, '2012-04-15', 5000000, 'Cây đóng bè'),
(496, 9, '2012-04-15', 110000, 'Vịt cúng 16'),
(497, 9, '2012-05-15', 2300000, 'Lương Phúc'),
(498, 9, '2012-05-15', 150000, 'Nước + Xăng'),
(499, 9, '2012-05-15', 250000, 'Điện'),
(500, 9, '2012-05-15', 250000, 'Gạo + Mì'),
(501, 9, '2012-05-15', 440000, 'Mũ bè'),
(502, 9, '2012-05-15', 25000, 'Bốc vác Domi 1 tấn'),
(503, 9, '2012-05-15', 175000, 'Bốc vác Domi 7 tấn'),
(504, 9, '2012-05-15', 75000, 'Bốc vác Domi 3 tấn'),
(505, 9, '2012-05-15', 50000, 'Bốc vác Domi 2 tấn'),
(506, 9, '2012-05-15', 131000, 'Vịt cúng 16'),
(507, 9, '2012-06-15', 7550000, 'Phúc + Đông + Cậu Hai'),
(508, 9, '2012-06-15', 100000, 'Gia vị'),
(509, 9, '2012-06-15', 200000, 'Xăng + Nước'),
(510, 9, '2012-06-15', 300000, 'Gạo + Mì'),
(511, 9, '2012-06-15', 125000, 'Bốc vác Domi 5 tấn'),
(512, 9, '2012-06-15', 25000, 'Bốc vác Domi 1 tấn'),
(513, 9, '2012-06-15', 150000, 'Bốc vác Domi 6 tấn'),
(514, 9, '2012-06-15', 175000, 'Bốc vác Domi 7 tấn'),
(515, 9, '2012-07-15', 300000, 'Mũ bè'),
(516, 9, '2012-07-15', 125000, 'Bốc vác Domi'),
(517, 9, '2012-07-15', 100000, 'Bốc vác Domi'),
(518, 9, '2012-07-15', 250000, 'Bốc vác Domi'),
(519, 9, '2012-07-15', 150000, 'Bốc vác Domi'),
(520, 9, '2012-07-15', 325000, 'Bốc vác + vận chuyển Cỏ May 5 tấn'),
(521, 9, '2012-07-15', 450000, 'Bốc vác + vận chuyển Cỏ May 6 tấn'),
(522, 9, '2012-07-15', 12150000, 'Hút bùn 270 giờ x 45.000'),
(523, 9, '2012-07-15', 4764000, 'Dầu hút bùn 240 lít x 19.850'),
(524, 9, '2012-07-15', 7400000, 'Lương Phúc + Anh Hai Đông'),
(525, 9, '2012-08-15', 8000000, 'Lương Phúc + Cậu Hai + Đông'),
(526, 9, '2012-08-15', 100000, 'Xăng + Gia vị'),
(527, 9, '2012-08-15', 120000, 'Nước'),
(528, 9, '2012-08-15', 360000, 'Gạo'),
(529, 9, '2012-08-15', 1400000, 'Vận chuyển + bốc vác Cỏ May'),
(530, 9, '2012-08-15', 1050000, 'Vận chuyển + bốc vác Cỏ May'),
(531, 9, '2012-08-15', 1050000, 'Vận chuyển + bốc vác Cỏ May'),
(532, 9, '2012-08-15', 910000, 'Vận chuyển + bốc vác Cỏ May'),
(533, 9, '2012-09-15', 1400000, 'Vận chuyển + bốc vác Cỏ May'),
(534, 9, '2012-09-15', 500000, 'Gạo + Mì'),
(535, 9, '2012-09-15', 400000, 'Gạo + Xăng'),
(536, 9, '2012-09-15', 500000, 'Điện 2 tháng'),
(537, 9, '2012-09-15', 8270000, 'Lương Phúc + anh Đông + Cậu Hai'),
(538, 9, '2012-09-15', 111000, 'Bóng đèn'),
(539, 9, '2012-09-15', 175000, 'Lúa chuột'),
(540, 9, '2012-09-15', 1120000, 'Vận chuyển + bốc vác Cỏ May'),
(541, 9, '2012-09-15', 100000, 'Vận chuyển + bốc vác Hoàng Long'),
(542, 9, '2012-09-15', 1190000, 'Vận chuyển + bốc vác Cỏ May'),
(543, 9, '2012-09-15', 125000, 'Vận chuyển + bốc vác Hoàng Long'),
(544, 9, '2012-09-15', 1050000, 'Vận chuyển + bốc vác Cỏ May'),
(545, 9, '2012-09-15', 250000, 'Vận chuyển + bốc vác Hoàng Long'),
(546, 9, '2012-09-15', 250000, 'Vận chuyển + bốc vác Hoàng Long'),
(547, 9, '2012-09-15', 200000, 'Vận chuyển + bốc vác Hoàng Long'),
(548, 9, '2012-09-15', 200000, 'Vận chuyển + bốc vác Hoàng Long'),
(549, 9, '2012-10-15', 1330000, 'Bốc vác + vận chuyển Cỏ May'),
(550, 9, '2012-10-15', 50000, 'Bốc vác Hoàng Long'),
(552, 9, '2012-10-15', 100000, 'Bốc vác Hoàng Long'),
(553, 9, '2012-10-15', 127000, 'Vịt cúng 16'),
(554, 9, '2012-10-16', 125000, 'Bốc vác Hoàng Long'),
(555, 11, '2012-05-01', 11, ''),
(562, 8, '2012-10-15', 75000, 'Bốc vác Hoàng Long 3T'),
(563, 8, '2012-10-15', 75000, 'Bốc vác Hoàng Long 3T'),
(564, 8, '2012-10-15', 50000, 'Bốc vác Hoàng Long 2T'),
(565, 8, '2012-10-15', 150000, 'Bốc vác Hoàng Long 6T'),
(566, 8, '2012-10-15', 125000, 'Bốc vác Hoàng Long 5T'),
(567, 8, '2012-10-15', 4185000, 'Hút bùn 93h x 45'),
(568, 8, '2012-10-15', 2010250, 'Dầu Hút Bùn 85l x 23650'),
(569, 8, '2012-10-15', 100000, 'Xăng'),
(570, 8, '2012-10-15', 50000, 'Bốc Vác Hoàng Long '),
(571, 8, '2012-10-15', 75000, 'Bóc Vác Hoàng Long 3T'),
(572, 8, '2012-10-15', 100000, 'Bóc Vác Hoàng Long 4T'),
(573, 8, '2012-11-15', 110000, 'Vịt Cúng 16'),
(574, 8, '2012-11-15', 175000, 'Bóc Vác Hoàng Long'),
(575, 8, '2012-11-15', 50000, 'Bóc Vác Hoàng Long 3T'),
(576, 8, '2012-11-15', 100000, 'Bóc Vác Hoàng Long'),
(577, 8, '2012-11-15', 100000, 'Bóc Vác Hoàng Long'),
(578, 8, '2012-11-30', 3348, 'chi phí xuất cá'),
(579, 8, '2012-12-31', 3348000, 'chi phí xuất cá'),
(580, 15, '2012-09-15', 125000, 'Bốc vác Hoàng Long'),
(581, 15, '2012-10-15', 125000, 'Bốc vác Hoàng Long'),
(582, 15, '2012-10-15', 150000, 'Bốc vác Hoàng Long'),
(583, 15, '2012-10-15', 75000, 'Bốc vác Hoàng Long'),
(584, 15, '2012-10-15', 150000, 'Bốc vác Hoàng Long'),
(585, 15, '2012-10-15', 150000, 'Bốc vác Hoàng Long'),
(586, 15, '2012-10-15', 6660000, 'Hút bùn 148x45'),
(587, 15, '2012-10-15', 3052000, 'Dầu hút bun 140x21.800'),
(588, 15, '2012-10-15', 150000, 'Bốc vác Hoàng Long'),
(589, 15, '2012-10-15', 250000, 'Điện'),
(590, 15, '2012-10-15', 550000, 'Gạo + Gia vị + Mì'),
(591, 15, '2012-10-15', 250000, 'Xăng + nước uống'),
(592, 15, '2012-10-15', 75000, 'Bốc vác Hoàng Long'),
(593, 15, '2012-10-15', 4260000, 'Lương Thuấn + Đen'),
(594, 15, '2012-11-15', 100000, 'Bốc vác Hoàng Long'),
(595, 15, '2012-11-15', 114000, 'Vịt Cúng 16'),
(596, 15, '2012-11-15', 125000, 'Bốc vác Hoàng Long'),
(597, 15, '2012-11-15', 50000, 'Bốc vác Hoàng Long'),
(598, 15, '2012-11-15', 150000, 'Bốc vác Hoàng Long'),
(599, 15, '2012-11-15', 175000, 'Bốc vác Hoàng Long'),
(600, 15, '2012-11-15', 75000, 'Bốc vác Hoàng Long'),
(601, 8, '2012-07-15', 2500000, ' Tiền lương anh Nam'),
(602, 8, '2012-11-15', 920000, '1 cây cân '),
(603, 9, '2012-10-15', 125000, 'Bóc vác Hoàng Long'),
(604, 9, '2012-10-15', 100000, 'Bóc vác Hoàng Long'),
(605, 9, '2012-10-15', 150000, 'Bóc vác Hoàng Long'),
(606, 9, '2012-10-15', 100000, 'Bóc vác Hoàng Long'),
(607, 9, '2012-10-15', 275000, 'Bóc vác Hoàng Long'),
(608, 9, '2012-10-15', 9090000, 'Hút bùn 202 x 45'),
(609, 9, '2012-10-15', 4612000, 'Dầu hút bùn 195x23650'),
(610, 9, '2012-10-15', 250000, 'Gạo'),
(611, 9, '2012-10-15', 300000, 'Gia vị và Mì'),
(612, 9, '2012-10-15', 200000, 'Xăng + nước uống'),
(613, 9, '2012-10-15', 200000, 'Điện'),
(614, 9, '2012-10-15', 700000, 'Bóc vác và vận chuyển Cỏ may'),
(615, 9, '2012-10-15', 8000000, 'Lương A2 + A Đông'),
(616, 9, '2012-11-15', 114000, 'Vịt Cúng 16'),
(617, 9, '2012-11-15', 75000, 'Bóc vác Hoàng Long'),
(618, 9, '2012-11-15', 700000, 'Bóc vác và vận chuyển Cỏ May'),
(619, 9, '2012-11-15', 100000, 'Bóc vác Hoàng Long'),
(620, 9, '2012-11-15', 125000, 'Bóc vác Hoàng Long'),
(621, 9, '2012-11-15', 560000, 'Bóc vác Hoàng Long'),
(622, 9, '2012-11-15', 150000, 'Bóc vác Hoàng Long'),
(623, 10, '2012-09-15', 100000, 'Bốc vác Hoàng Long'),
(624, 10, '2012-09-15', 250000, 'Bốc vác Hoàng Long'),
(625, 10, '2012-09-15', 100000, 'Bốc vác Hoàng Long'),
(626, 10, '2012-09-15', 100000, 'Bốc vác Hoàng Long'),
(627, 10, '2012-09-15', 150000, 'Bốc vác Hoàng Long'),
(628, 10, '2012-09-15', 5040000, 'Hút bùn 112x45'),
(629, 10, '2012-09-15', 2289000, 'Dầu hút bùn 105x21800'),
(630, 10, '2012-09-15', 125000, 'Bốc vác Hoàng Long'),
(631, 10, '2012-09-15', 250000, 'Vịt Cúng 16 2T'),
(632, 10, '2012-09-15', 750000, 'Gạo và Mì 2T'),
(633, 10, '2012-09-15', 772000, 'Gia vị + Gas + Mi 2T'),
(634, 10, '2012-09-15', 111000, 'Bóng đèn'),
(635, 10, '2012-09-15', 300000, 'Xăng và nước uống'),
(636, 10, '2012-09-15', 100000, 'Lúa Chuột'),
(637, 10, '2012-09-15', 10000000, 'Lương Một + Linh T9 + Dì 3'),
(638, 10, '2012-09-15', 1885000, 'Vật tư làm trại'),
(639, 10, '2012-09-15', 1380000, 'Tiền chở đất'),
(640, 10, '2012-09-15', 200000, 'Bốc vác Hoàng Long'),
(641, 9, '2012-11-15', 26871000, 'lương +chi phí Tháng 11'),
(643, 11, '2012-10-15', 15332000, 'Tổng chi phí Tháng 10'),
(644, 11, '2012-11-15', 10535000, 'Tống chi phí Tháng 11'),
(645, 11, '2012-06-15', 16448000, 'Tổng chi phí Tháng 6'),
(646, 11, '2012-05-15', 14427000, 'Tổng chi phí Tháng 5'),
(647, 7, '2012-11-01', 7859000, 'tổng chj phí tháng 11'),
(648, 9, '2012-11-01', 5000000, 'cho mỗ cá'),
(649, 15, '2012-11-15', 7087000, 'chi phí tháng 11');

-- --------------------------------------------------------

--
-- Table structure for table `fipoma_ana_paid_supplier`
--

CREATE TABLE IF NOT EXISTS `fipoma_ana_paid_supplier` (
  `id` mediumint(9) NOT NULL AUTO_INCREMENT,
  `id_supplier` mediumint(9) NOT NULL,
  `date` date NOT NULL,
  `value` double NOT NULL,
  `note` varchar(50) COLLATE utf8_unicode_ci NOT NULL,
  PRIMARY KEY (`id`,`id_supplier`),
  KEY `fipoma_ana_paid_supplier_1` (`id_supplier`)
) ENGINE=InnoDB DEFAULT CHARSET=utf8 COLLATE=utf8_unicode_ci AUTO_INCREMENT=1 ;

-- --------------------------------------------------------

--
-- Table structure for table `fipoma_ana_pond`
--

CREATE TABLE IF NOT EXISTS `fipoma_ana_pond` (
  `id` mediumint(9) NOT NULL AUTO_INCREMENT,
  `name` varchar(30) COLLATE utf8_unicode_ci NOT NULL,
  `address` varchar(200) COLLATE utf8_unicode_ci NOT NULL,
  `note` varchar(200) COLLATE utf8_unicode_ci NOT NULL,
  PRIMARY KEY (`id`)
) ENGINE=InnoDB  DEFAULT CHARSET=utf8 COLLATE=utf8_unicode_ci AUTO_INCREMENT=16 ;

--
-- Dumping data for table `fipoma_ana_pond`
--

INSERT INTO `fipoma_ana_pond` (`id`, `name`, `address`, `note`) VALUES
(2, 'AO SỐ 06', 'An Hòa, Châu Thành, Đồng Tháp', 'Gia công hay thương mại ?'),
(7, 'AO SỐ 07', 'An Hòa, Châu Thành, Đồng Tháp', 'Gia công hay thương mại ?'),
(8, 'AO SỐ 08', 'An Hòa, Châu Thành, Đồng Tháp', 'Gia công hay thương mại ?'),
(9, 'AO SỐ 09', 'An Hòa, Châu Thành, Đồng Tháp', 'Gia công hay thương mại ?'),
(10, 'AO SỐ 10', 'An Hòa, Châu Thành, Đồng Tháp', 'Gia công hay thương mại ?'),
(11, 'AO SỐ 01', 'An Hòa, Châu Thành, Đồng Tháp', 'Có ghi chú gì thêm không ?'),
(12, 'AO SỐ 02', 'An Hòa, Châu Thành, Đồng Tháp', 'Có ghi chú gì thêm không ?'),
(13, 'AO SỐ 03', 'An Hòa, Châu Thành, Đồng Tháp', 'Có ghi chú gì thêm không ?'),
(14, 'AO SỐ 04', 'An Hòa, Châu Thành, Đồng Tháp', 'Có ghi chú gì thêm không ?'),
(15, 'AO SỐ 11', 'An Hòa, Châu Thành, Đồng Tháp', '');

-- --------------------------------------------------------

--
-- Table structure for table `fipoma_ana_pond_log`
--

CREATE TABLE IF NOT EXISTS `fipoma_ana_pond_log` (
  `id` mediumint(9) NOT NULL AUTO_INCREMENT,
  `id_pond` int(11) NOT NULL,
  `date` date NOT NULL,
  `count` double NOT NULL,
  PRIMARY KEY (`id`)
) ENGINE=InnoDB  DEFAULT CHARSET=utf8 COLLATE=utf8_unicode_ci AUTO_INCREMENT=452 ;

--
-- Dumping data for table `fipoma_ana_pond_log`
--

INSERT INTO `fipoma_ana_pond_log` (`id`, `id_pond`, `date`, `count`) VALUES
(1, 11, '2012-08-25', 2435),
(2, 11, '2012-08-26', 2545),
(3, 11, '2012-08-27', 1580),
(4, 11, '2012-08-28', 800),
(5, 11, '2012-08-29', 366),
(6, 11, '2012-08-29', 0),
(7, 11, '2012-08-30', 115),
(8, 11, '2012-08-31', 87),
(9, 11, '2012-09-01', 29),
(10, 11, '2012-09-02', 43),
(11, 11, '2012-09-03', 140),
(12, 11, '2012-09-04', 472),
(13, 11, '2012-09-05', 1278),
(14, 11, '2012-09-06', 1105),
(15, 11, '2012-09-07', 1377),
(16, 11, '2012-09-08', 910),
(17, 11, '2012-09-09', 545),
(18, 11, '2012-09-10', 95),
(19, 11, '2012-09-11', 40),
(20, 11, '2012-09-12', 62),
(21, 11, '2012-09-13', 30),
(22, 11, '2012-09-14', 90),
(23, 11, '2012-09-15', 75),
(24, 11, '2012-09-16', 30),
(25, 11, '2012-09-17', 50),
(26, 11, '2012-09-18', 20),
(27, 11, '2012-09-19', 40),
(28, 11, '2012-09-20', 150),
(29, 11, '2012-09-21', 155),
(30, 11, '2012-09-22', 325),
(31, 11, '2012-09-23', 255),
(32, 11, '2012-09-24', 312),
(33, 11, '2012-09-25', 60),
(34, 11, '2012-09-26', 105),
(35, 11, '2012-09-27', 176),
(36, 11, '2012-09-28', 140),
(37, 11, '2012-09-29', 260),
(38, 11, '2012-09-30', 150),
(39, 11, '2012-10-01', 310),
(40, 11, '2012-10-02', 330),
(41, 11, '2012-10-03', 395),
(42, 11, '2012-10-04', 316),
(43, 11, '2012-10-05', 240),
(44, 11, '2012-10-06', 196),
(45, 11, '2012-10-07', 85),
(46, 11, '2012-10-08', 87),
(47, 11, '2012-10-09', 140),
(48, 11, '2012-10-10', 85),
(49, 11, '2012-10-11', 75),
(50, 11, '2012-10-12', 45),
(51, 11, '2012-10-13', 47),
(52, 11, '2012-10-14', 34),
(53, 11, '2012-10-15', 23),
(54, 11, '2012-10-16', 45),
(55, 11, '2012-10-17', 45),
(56, 11, '2012-10-18', 56),
(57, 13, '2012-08-21', 15),
(58, 13, '2012-08-22', 60),
(59, 13, '2012-08-23', 520),
(60, 13, '2012-08-24', 315),
(61, 13, '2012-08-25', 65),
(62, 13, '2012-08-26', 365),
(63, 13, '2012-08-27', 540),
(64, 13, '2012-08-28', 666),
(65, 13, '2012-08-29', 380),
(66, 13, '2012-08-30', 600),
(67, 13, '2012-08-31', 365),
(68, 13, '2012-09-01', 153),
(69, 13, '2012-09-02', 263),
(70, 13, '2012-09-03', 368),
(71, 13, '2012-09-04', 475),
(72, 13, '2012-09-05', 519),
(73, 13, '2012-09-06', 680),
(74, 13, '2012-09-07', 323),
(75, 13, '2012-09-08', 180),
(76, 13, '2012-09-09', 420),
(77, 13, '2012-09-10', 720),
(78, 13, '2012-09-11', 2000),
(79, 13, '2012-09-12', 2082),
(80, 13, '2012-09-13', 656),
(81, 13, '2012-09-14', 937),
(82, 13, '2012-09-15', 768),
(83, 13, '2012-09-16', 340),
(84, 13, '2012-09-17', 280),
(85, 13, '2012-09-18', 280),
(86, 13, '2012-09-19', 697),
(87, 13, '2012-09-20', 1645),
(88, 13, '2012-09-21', 2280),
(89, 13, '2012-09-22', 2200),
(90, 13, '2012-09-23', 1577),
(91, 13, '2012-09-24', 856),
(92, 13, '2012-09-25', 253),
(93, 13, '2012-09-26', 170),
(94, 13, '2012-09-27', 174),
(95, 13, '2012-09-28', 230),
(96, 13, '2012-09-29', 110),
(97, 13, '2012-09-30', 320),
(98, 13, '2012-10-01', 370),
(99, 13, '2012-10-02', 260),
(100, 13, '2012-10-03', 170),
(101, 13, '2012-10-04', 70),
(102, 13, '2012-10-05', 80),
(103, 13, '2012-10-06', 140),
(104, 13, '2012-10-07', 265),
(105, 13, '2012-10-08', 280),
(106, 13, '2012-10-09', 60),
(107, 13, '2012-10-10', 110),
(108, 13, '2012-10-11', 100),
(109, 13, '2012-10-12', 175),
(110, 13, '2012-10-13', 348),
(111, 13, '2012-10-14', 395),
(112, 13, '2012-10-15', 275),
(113, 13, '2012-10-16', 185),
(114, 13, '2012-10-17', 105),
(115, 13, '2012-10-18', 85),
(116, 12, '2012-08-25', 70),
(117, 12, '2012-08-26', 73),
(118, 12, '2012-08-27', 114),
(119, 12, '2012-08-28', 85),
(120, 12, '2012-08-29', 45),
(121, 12, '2012-08-29', 0),
(122, 12, '2012-08-30', 26),
(123, 12, '2012-08-31', 27),
(124, 12, '2012-09-01', 39),
(125, 12, '2012-09-02', 38),
(126, 12, '2012-09-03', 40),
(127, 12, '2012-09-04', 33),
(128, 12, '2012-09-05', 115),
(129, 12, '2012-09-06', 150),
(130, 12, '2012-09-07', 150),
(131, 12, '2012-09-08', 110),
(132, 12, '2012-09-09', 112),
(133, 12, '2012-09-10', 140),
(134, 12, '2012-09-11', 375),
(135, 12, '2012-09-12', 286),
(136, 12, '2012-09-13', 283),
(137, 12, '2012-09-14', 189),
(138, 12, '2012-09-15', 230),
(139, 12, '2012-09-16', 224),
(140, 12, '2012-09-17', 235),
(141, 12, '2012-09-18', 330),
(142, 12, '2012-09-19', 424),
(143, 12, '2012-09-20', 300),
(144, 12, '2012-09-21', 110),
(145, 12, '2012-09-22', 515),
(146, 12, '2012-09-23', 500),
(147, 12, '2012-09-24', 110),
(148, 12, '2012-09-25', 910),
(149, 12, '2012-09-26', 1050),
(150, 12, '2012-09-27', 865),
(151, 12, '2012-09-28', 290),
(152, 12, '2012-09-29', 360),
(153, 12, '2012-09-30', 450),
(154, 12, '2012-10-01', 546),
(155, 12, '2012-10-02', 556),
(156, 12, '2012-10-03', 1560),
(157, 12, '2012-10-04', 2170),
(158, 12, '2012-10-05', 1500),
(159, 12, '2012-10-06', 715),
(160, 12, '2012-10-07', 335),
(161, 12, '2012-10-08', 115),
(162, 12, '2012-10-09', 71),
(163, 12, '2012-10-10', 90),
(164, 12, '2012-10-11', 61),
(165, 12, '2012-10-12', 15),
(166, 12, '2012-10-13', 23),
(167, 12, '2012-10-14', 15),
(168, 12, '2012-10-15', 30),
(169, 12, '2012-10-16', 30),
(170, 12, '2012-10-17', 72),
(171, 12, '2012-10-18', 161),
(172, 14, '2012-08-16', 140),
(173, 14, '2012-08-17', 180),
(174, 14, '2012-08-18', 250),
(175, 14, '2012-08-19', 54),
(176, 14, '2012-08-20', 18),
(177, 14, '2012-08-21', 25),
(178, 14, '2012-08-22', 152),
(179, 14, '2012-08-23', 100),
(180, 14, '2012-08-24', 20),
(181, 14, '2012-08-25', 5),
(182, 14, '2012-08-26', 5),
(183, 14, '2012-08-27', 25),
(184, 14, '2012-08-28', 35),
(185, 14, '2012-08-29', 40),
(186, 14, '2012-08-30', 53),
(187, 14, '2012-08-31', 105),
(188, 14, '2012-09-01', 160),
(189, 14, '2012-09-02', 40),
(190, 14, '2012-09-03', 40),
(191, 14, '2012-09-04', 56),
(192, 14, '2012-09-05', 46),
(193, 14, '2012-09-06', 26),
(194, 14, '2012-09-07', 55),
(195, 14, '2012-09-08', 50),
(196, 14, '2012-09-09', 235),
(197, 14, '2012-09-10', 200),
(198, 14, '2012-09-11', 456),
(199, 14, '2012-09-12', 579),
(200, 14, '2012-09-13', 543),
(201, 14, '2012-09-14', 900),
(202, 14, '2012-09-15', 823),
(203, 14, '2012-09-16', 539),
(204, 14, '2012-09-17', 166),
(205, 14, '2012-09-18', 337),
(206, 14, '2012-09-19', 48),
(207, 14, '2012-09-20', 23),
(208, 14, '2012-09-21', 318),
(209, 14, '2012-09-22', 50),
(210, 14, '2012-09-23', 85),
(211, 14, '2012-09-24', 44),
(212, 14, '2012-09-25', 56),
(213, 14, '2012-09-26', 35),
(214, 14, '2012-09-27', 78),
(215, 14, '2012-09-28', 85),
(216, 14, '2012-09-29', 165),
(217, 14, '2012-10-01', 277),
(218, 14, '2012-10-02', 309),
(219, 14, '2012-10-03', 420),
(220, 14, '2012-10-04', 419),
(221, 14, '2012-10-05', 420),
(222, 14, '2012-10-06', 319),
(223, 14, '2012-10-07', 480),
(224, 14, '2012-10-08', 1415),
(225, 14, '2012-10-09', 1980),
(226, 14, '2012-10-10', 2988),
(227, 14, '2012-10-11', 1301),
(228, 14, '2012-10-12', 330),
(229, 14, '2012-10-13', 550),
(230, 14, '2012-10-14', 596),
(231, 14, '2012-10-15', 460),
(232, 14, '2012-10-16', 240),
(233, 14, '2012-10-17', 30),
(234, 14, '2012-10-18', 19),
(235, 2, '2012-08-16', 120),
(236, 2, '2012-08-17', 240),
(237, 2, '2012-08-18', 320),
(238, 2, '2012-08-19', 120),
(239, 2, '2012-08-20', 140),
(240, 2, '2012-08-21', 280),
(241, 2, '2012-08-22', 295),
(242, 2, '2012-08-23', 150),
(243, 2, '2012-08-24', 60),
(244, 2, '2012-08-25', 42),
(245, 2, '2012-08-26', 0),
(246, 2, '2012-08-27', 0),
(247, 2, '2012-08-28', 18),
(248, 2, '2012-08-29', 12),
(249, 2, '2012-08-30', 124),
(250, 2, '2012-08-31', 493),
(251, 2, '2012-09-01', 2800),
(252, 2, '2012-09-02', 1645),
(253, 2, '2012-09-03', 2550),
(254, 2, '2012-09-04', 1460),
(255, 2, '2012-09-05', 350),
(256, 2, '2012-09-06', 340),
(257, 2, '2012-09-07', 180),
(258, 2, '2012-09-08', 720),
(259, 2, '2012-09-09', 1050),
(260, 2, '2012-09-10', 1150),
(261, 2, '2012-09-11', 750),
(262, 2, '2012-09-12', 2050),
(263, 2, '2012-09-13', 50),
(264, 2, '2012-09-14', 45),
(265, 2, '2012-09-15', 35),
(266, 2, '2012-09-16', 23),
(267, 2, '2012-09-17', 15),
(268, 2, '2012-09-18', 26),
(269, 2, '2012-09-19', 35),
(270, 2, '2012-09-20', 34),
(271, 2, '2012-09-21', 20),
(272, 2, '2012-09-22', 35),
(273, 2, '2012-09-22', 45),
(274, 2, '2012-09-23', 40),
(275, 2, '2012-09-24', 60),
(276, 2, '2012-09-25', 55),
(277, 2, '2012-09-26', 75),
(278, 2, '2012-09-27', 80),
(279, 2, '2012-09-28', 95),
(280, 2, '2012-09-29', 105),
(281, 2, '2012-09-30', 120),
(282, 2, '2012-10-01', 380),
(283, 2, '2012-10-02', 420),
(284, 2, '2012-10-03', 650),
(285, 2, '2012-10-04', 1640),
(286, 2, '2012-10-05', 2250),
(287, 2, '2012-10-06', 2150),
(288, 2, '2012-10-07', 1630),
(289, 2, '2012-10-08', 580),
(290, 2, '2012-10-09', 320),
(291, 2, '2012-10-10', 22),
(292, 2, '2012-10-11', 40),
(293, 2, '2012-10-12', 25),
(294, 2, '2012-10-13', 20),
(295, 2, '2012-10-14', 18),
(296, 2, '2012-10-15', 23),
(297, 2, '2012-10-16', 29),
(298, 2, '2012-10-17', 19),
(299, 2, '2012-10-18', 15),
(300, 10, '2012-08-19', 95),
(301, 10, '2012-08-20', 125),
(302, 10, '2012-08-21', 180),
(303, 10, '2012-08-22', 260),
(304, 10, '2012-08-23', 360),
(305, 10, '2012-08-24', 420),
(306, 10, '2012-08-25', 1861),
(307, 10, '2012-08-26', 1431),
(308, 10, '2012-08-27', 1112),
(309, 10, '2012-08-28', 896),
(310, 10, '2012-08-29', 306),
(311, 10, '2012-09-01', 156),
(312, 10, '2012-09-02', 265),
(313, 10, '2012-09-03', 460),
(314, 10, '2012-09-04', 2449),
(315, 10, '2012-09-05', 834),
(316, 10, '2012-09-06', 482),
(317, 10, '2012-09-07', 300),
(318, 10, '2012-09-08', 246),
(319, 10, '2012-09-09', 256),
(320, 10, '2012-09-10', 250),
(321, 10, '2012-09-11', 150),
(322, 10, '2012-09-12', 226),
(323, 10, '2012-09-13', 366),
(324, 10, '2012-09-14', 233),
(325, 10, '2012-09-15', 368),
(326, 10, '2012-09-16', 398),
(327, 10, '2012-09-17', 620),
(328, 10, '2012-09-18', 150),
(329, 10, '2012-09-19', 130),
(330, 10, '2012-09-20', 92),
(331, 10, '2012-09-21', 450),
(332, 10, '2012-09-22', 72),
(333, 10, '2012-09-23', 50),
(334, 10, '2012-09-24', 21),
(335, 10, '2012-09-25', 30),
(336, 10, '2012-09-26', 36),
(337, 10, '2012-09-27', 44),
(338, 10, '2012-09-28', 42),
(339, 10, '2012-09-29', 44),
(340, 10, '2012-09-30', 39),
(341, 10, '2012-10-01', 44),
(342, 10, '2012-10-02', 48),
(343, 10, '2012-10-03', 38),
(344, 10, '2012-10-04', 48),
(345, 10, '2012-10-05', 38),
(346, 10, '2012-10-06', 48),
(347, 10, '2012-10-07', 30),
(348, 10, '2012-10-08', 76),
(349, 10, '2012-10-09', 44),
(350, 10, '2012-10-10', 36),
(351, 10, '2012-10-11', 39),
(352, 10, '2012-10-12', 66),
(353, 10, '2012-10-13', 46),
(354, 10, '2012-10-14', 58),
(355, 10, '2012-10-15', 23),
(356, 10, '2012-10-16', 45),
(357, 10, '2012-10-17', 45),
(358, 10, '2012-10-18', 56),
(359, 11, '2012-05-01', 1200),
(360, 11, '2012-11-07', 11),
(361, 11, '2012-11-01', 11),
(362, 8, '2012-03-27', 52),
(363, 8, '2012-04-03', 268),
(364, 8, '2012-04-10', 4006),
(365, 8, '2012-04-17', 17206),
(366, 8, '2012-04-24', 19006),
(367, 8, '2012-05-09', 19246),
(368, 8, '2012-05-16', 19925),
(369, 8, '2012-05-21', 20106),
(370, 8, '2012-05-28', 20538),
(371, 8, '2012-06-07', 24223),
(372, 8, '2012-06-14', 24657),
(373, 8, '2012-06-21', 25820),
(374, 8, '2012-06-25', 26825),
(375, 8, '2012-07-02', 27500),
(376, 8, '2012-07-10', 27971),
(377, 8, '2012-07-17', 29091),
(378, 8, '2012-07-24', 29163),
(379, 8, '2012-08-01', 29243),
(380, 8, '2012-08-09', 29630),
(381, 8, '2012-08-16', 30144),
(382, 8, '2012-08-23', 30964),
(383, 8, '2012-08-29', 31366),
(384, 8, '2012-09-07', 31584),
(385, 8, '2012-09-17', 32004),
(386, 8, '2012-09-30', 32329),
(387, 8, '2012-10-07', 32944),
(388, 8, '2012-10-14', 33248),
(389, 8, '2012-10-21', 33668),
(390, 8, '2012-10-31', 35118),
(391, 8, '2012-11-06', 35605),
(392, 8, '2012-11-14', 35930),
(393, 15, '2012-04-25', 254),
(394, 15, '2012-05-02', 655),
(395, 15, '2012-05-09', 1180),
(396, 15, '2012-05-16', 4786),
(397, 15, '2012-05-23', 60881),
(398, 15, '2012-05-27', 93731),
(399, 15, '2012-06-02', 101490),
(400, 15, '2012-06-06', 102746),
(401, 15, '2012-06-14', 107419),
(402, 15, '2012-06-25', 108275),
(403, 15, '2012-07-02', 108956),
(404, 15, '2012-07-10', 111021),
(405, 15, '2012-07-17', 111167),
(406, 15, '2012-07-24', 120046),
(407, 15, '2012-07-31', 121792),
(408, 15, '2012-08-09', 124167),
(409, 15, '2012-08-16', 124875),
(410, 15, '2012-08-26', 126715),
(411, 15, '2012-08-30', 127070),
(412, 15, '2012-09-03', 127259),
(413, 15, '2012-09-07', 127849),
(414, 15, '2012-09-14', 128437),
(415, 15, '2012-09-20', 128607),
(416, 15, '2012-09-27', 128819),
(417, 15, '2012-10-05', 129268),
(418, 15, '2012-10-10', 129617),
(419, 15, '2012-10-21', 130270),
(420, 15, '2012-10-29', 131445),
(421, 15, '2012-10-31', 135406),
(422, 9, '2012-04-06', 147),
(423, 9, '2012-04-13', 174),
(424, 9, '2012-04-20', 231),
(425, 9, '2012-04-27', 498),
(426, 9, '2012-05-03', 1074),
(427, 9, '2012-05-10', 3505),
(428, 9, '2012-05-17', 12845),
(429, 9, '2012-05-21', 13617),
(430, 9, '2012-05-28', 23879),
(431, 9, '2012-06-02', 26012),
(432, 9, '2012-06-07', 29627),
(433, 9, '2012-06-14', 58262),
(434, 9, '2012-06-25', 66092),
(435, 9, '2012-07-02', 66684),
(436, 9, '2012-07-10', 85777),
(437, 9, '2012-07-17', 87522),
(438, 9, '2012-07-24', 90007),
(439, 9, '2012-07-31', 92206),
(440, 9, '2012-08-09', 95579),
(441, 9, '2012-08-18', 96878),
(442, 9, '2012-08-27', 99432),
(443, 9, '2012-09-03', 99707),
(444, 9, '2012-09-07', 99899),
(445, 9, '2012-09-18', 101816),
(446, 9, '2012-09-30', 103354),
(447, 9, '2012-10-07', 107425),
(448, 9, '2012-10-14', 109921),
(449, 9, '2012-10-21', 112723),
(450, 9, '2012-10-29', 113428),
(451, 9, '2012-11-05', 113832);

-- --------------------------------------------------------

--
-- Table structure for table `fipoma_ana_pond_session`
--

CREATE TABLE IF NOT EXISTS `fipoma_ana_pond_session` (
  `id` mediumint(9) NOT NULL AUTO_INCREMENT,
  `id_pond` int(11) NOT NULL,
  `type` int(11) NOT NULL,
  `date_start` date NOT NULL,
  `date_end` date NOT NULL,
  `count_start` double NOT NULL,
  `value_start` double NOT NULL,
  `sample_start` double NOT NULL,
  `ship_start` double NOT NULL,
  `count_export` double NOT NULL,
  `price_export` double NOT NULL,
  `bank_rate` double NOT NULL,
  `count_waste` double NOT NULL,
  `price_waste` double NOT NULL,
  `name` varchar(50) COLLATE utf8_unicode_ci NOT NULL,
  `employee_name` varchar(50) COLLATE utf8_unicode_ci NOT NULL,
  `employee_phone` varchar(12) COLLATE utf8_unicode_ci NOT NULL,
  `count_remain` double NOT NULL,
  `price_remain` double NOT NULL,
  `net` int(11) NOT NULL,
  `tip` int(11) NOT NULL,
  PRIMARY KEY (`id`)
) ENGINE=InnoDB  DEFAULT CHARSET=utf8 COLLATE=utf8_unicode_ci AUTO_INCREMENT=19 ;

--
-- Dumping data for table `fipoma_ana_pond_session`
--

INSERT INTO `fipoma_ana_pond_session` (`id`, `id_pond`, `type`, `date_start`, `date_end`, `count_start`, `value_start`, `sample_start`, `ship_start`, `count_export`, `price_export`, `bank_rate`, `count_waste`, `price_waste`, `name`, `employee_name`, `employee_phone`, `count_remain`, `price_remain`, `net`, `tip`) VALUES
(1, 6, 2, '2011-06-13', '2012-02-05', 340000, 0, 0, 0, 0, 0, 0, 0, 0, '', '', '', 0, 0, 0, 0),
(2, 6, 1, '2012-10-10', '2012-10-10', 1000000, 0, 0, 0, 0, 0, 0, 0, 0, '', '', '', 0, 0, 0, 0),
(3, 3, 1, '2011-07-11', '2012-10-11', 10, 0, 0, 0, 0, 0, 0, 0, 0, '', '', '', 0, 0, 0, 0),
(4, 1, 1, '2012-10-11', '2012-10-11', 1, 0, 0, 0, 0, 0, 0, 0, 0, '', '', '', 0, 0, 0, 0),
(5, 4, 1, '2012-10-11', '2012-10-11', 1, 0, 0, 0, 0, 0, 0, 0, 0, '', '', '', 0, 0, 0, 0),
(9, 11, 2, '2012-05-19', '2013-01-15', 458240, 343680000, 40, 7200000, 0, 0, 1.2, 0, 0, 'Đàm Thị Ánh Nguyệt', 'Đàm Trung Tín', '12345678', 0, 0, 0, 0),
(10, 12, 2, '2012-06-25', '2012-01-14', 374934, 213600000, 42, 0, 0, 0, 0, 0, 0, 'Đàm Thị Ánh Nguyệt', 'Đàm Trung Tín', '12345678', 0, 0, 0, 0),
(11, 13, 2, '2012-07-28', '2012-02-14', 495177, 442966000, 27, 0, 0, 0, 0, 0, 0, 'Đàm Thị Ánh Nguyệt', 'Đàm Trung Tín', '0939 996 378', 0, 0, 0, 0),
(12, 2, 2, '2012-08-12', '2012-02-14', 207306, 199628, 27, 4500000, 0, 0, 0, 0, 0, 'Đàm Thị Ánh Nguyệt', 'Đàm Trung Tín', '0939 996 378', 0, 0, 0, 0),
(13, 14, 2, '2012-08-12', '2012-02-15', 275454, 265252000, 27, 6000000, 0, 0, 0, 0, 0, 'Đàm Thị Ánh Nguyệt', 'Đàm Trung Tín', '0939 996 378', 0, 0, 0, 0),
(14, 7, 2, '2012-05-25', '2013-02-15', 626450, 623624, 30, 13200000, 0, 0, 0, 0, 0, 'Đàm Thị Ánh Nguyệt', 'Đàm Trung Tín', '0939 996 378', 0, 0, 0, 0),
(15, 8, 1, '2012-03-20', '2012-11-19', 247000, 299000000, 0, 4800000, 136149, 23000, 1.2, 1708, 14000, 'Đàm Thị Ánh Nguyệt', 'Đàm Trung Tín', '0939 996 378', 1, 41000000, 15964000, 10000000),
(16, 9, 1, '2012-03-30', '2012-11-29', 667478, 626612000, 0, 9600000, 314597, 22550, 0, 7082, 13000, 'Đàm Thị Ánh Nguyệt', 'Đàm Trung Tín', '0939 996 378', 1, 8400000, 37310000, 0),
(17, 10, 2, '2012-04-19', '2012-02-15', 531669, 428845000, 36, 0, 0, 0, 0, 0, 0, 'Đàm Thị Ánh Nguyệt', 'Đàm Trung Tín', '0939 996 378', 0, 0, 0, 0),
(18, 15, 2, '2012-04-19', '2012-11-23', 441000, 366740000, 40, 14000000, 0, 0, 0, 1, 63300000, 'Đàm Thị Ánh Nguyệt', 'Đàm Trung Tín', '0939 996 378', 1, 19000000, 27750000, 0);

-- --------------------------------------------------------

--
-- Table structure for table `fipoma_ana_resource`
--

CREATE TABLE IF NOT EXISTS `fipoma_ana_resource` (
  `id` mediumint(9) NOT NULL AUTO_INCREMENT,
  `id_supplier` mediumint(9) NOT NULL,
  `name` varchar(50) COLLATE utf8_unicode_ci NOT NULL,
  `id_category` mediumint(9) NOT NULL,
  `id_unit` mediumint(9) NOT NULL,
  `size` double NOT NULL,
  `price1` double NOT NULL,
  `price2` double NOT NULL,
  `price3` double NOT NULL,
  `note` varchar(100) COLLATE utf8_unicode_ci DEFAULT NULL,
  PRIMARY KEY (`id`,`id_supplier`,`id_category`,`id_unit`),
  KEY `fipoma_ana_resource_1` (`id_supplier`),
  KEY `fipoma_ana_resource_2` (`id_category`),
  KEY `fipoma_ana_resource_3` (`id_unit`)
) ENGINE=InnoDB  DEFAULT CHARSET=utf8 COLLATE=utf8_unicode_ci AUTO_INCREMENT=448 ;

--
-- Dumping data for table `fipoma_ana_resource`
--

INSERT INTO `fipoma_ana_resource` (`id`, `id_supplier`, `name`, `id_category`, `id_unit`, `size`, `price1`, `price2`, `price3`, `note`) VALUES
(309, 2, 'DOMI 28% - 4.0 ly', 1, 1, 4, 11097, 11097, 13500, ''),
(310, 2, 'DOMI 30% - 3.0 ly', 1, 1, 3, 12540, 12540, 11470, ''),
(311, 2, 'DOMI 28% - 3.0 ly', 1, 1, 3, 11107, 11107, 11210, ''),
(312, 2, 'DOMI 28% - 5.0 ly', 1, 1, 5, 11088, 11088, 11160, ''),
(313, 2, 'DOMI 26% - 6.0 ly', 1, 1, 6, 10355, 10355, 11110, ''),
(314, 2, 'DOMI 26% - 8.0 ly', 1, 1, 8, 10227, 10227, 0, ''),
(315, 2, 'DOMI 26% - 10 ly', 1, 1, 10, 10277, 10277, 0, ''),
(316, 2, 'DOMI 26% - 12 ly', 1, 1, 12, 10227, 10227, 0, ''),
(363, 1, 'Muối', 2, 1, 1, 20382000, 20382000, 0, ''),
(364, 1, 'TCCA', 2, 3, 1, 52000, 52000, 0, ''),
(365, 1, 'Vimero', 2, 3, 1, 373000, 373000, 0, ''),
(366, 1, 'Oxy', 2, 1, 1, 115000, 115000, 0, ''),
(367, 1, 'Fenfish 2000', 2, 3, 1, 1285000, 1285000, 0, ''),
(368, 1, 'Senic EH', 2, 3, 1, 30386000, 30386000, 0, ''),
(369, 1, 'Fenfish 4000', 2, 3, 1, 1285000, 1285000, 0, ''),
(370, 1, 'B12', 2, 1, 1, 1641000, 1641000, 0, ''),
(371, 1, 'Biomos', 2, 1, 1, 75000, 75000, 0, ''),
(372, 1, 'BKC', 2, 3, 1, 90000, 90000, 0, ''),
(373, 1, 'Enzym', 2, 1, 1, 190000, 190000, 0, ''),
(374, 1, 'ASP', 2, 1, 1, 62000, 62000, 0, ''),
(375, 1, 'FDP', 2, 3, 1, 790000, 790000, 0, ''),
(376, 1, 'Pholmol', 2, 3, 1, 10500, 10500, 0, ''),
(377, 1, 'Ivero 6', 2, 2, 1, 426000, 426000, 0, ''),
(378, 1, 'Livertic', 2, 3, 1, 30660000, 30660000, 0, ''),
(379, 1, 'Fosfortic', 2, 1, 1, 660000, 660000, 0, ''),
(380, 1, 'Doxy', 2, 1, 1, 1250000, 1250000, 0, ''),
(381, 1, 'Ecomos', 2, 1, 1, 0, 0, 0, ''),
(382, 1, 'CM601', 2, 1, 1, 100000, 100000, 0, ''),
(383, 1, 'Fofish', 2, 3, 1, 1895000, 1895000, 0, ''),
(384, 1, 'Norleox', 2, 1, 1, 221000, 221000, 0, ''),
(385, 1, 'C', 2, 1, 1, 14348000, 14348000, 0, ''),
(386, 1, 'Lorin', 2, 1, 1, 42000, 42000, 0, ''),
(387, 1, 'Cu', 2, 1, 1, 75000, 75000, 0, ''),
(388, 1, 'Fofomal', 2, 1, 1, 10500, 10500, 0, ''),
(390, 1, 'Phophotic', 2, 1, 1, 650000, 650000, 0, ''),
(391, 1, 'Amox', 2, 1, 1, 840000, 840000, 0, ''),
(392, 1, 'Cotrim', 2, 3, 1, 340000, 340000, 0, ''),
(393, 1, 'Enro', 2, 1, 1, 740000, 740000, 0, ''),
(394, 1, 'Solferal', 2, 3, 1, 40000, 40000, 0, ''),
(395, 1, 'Clorin', 2, 1, 1, 42000, 42000, 0, ''),
(396, 1, 'Methi', 2, 1, 1, 25413000, 25413000, 0, ''),
(397, 1, 'Hadealear', 2, 1, 1, 425000, 425000, 0, ''),
(398, 1, 'Solbital', 2, 1, 1, 40000, 40000, 0, ''),
(399, 1, 'Oxytetra', 2, 1, 1, 483000, 483000, 0, ''),
(400, 1, 'Fish C', 2, 1, 1, 66000, 66000, 0, ''),
(401, 1, 'Yuca Zeo', 2, 1, 1, 340000, 340000, 0, ''),
(402, 1, 'Parasitol', 2, 1, 1, 157000, 157000, 0, ''),
(403, 1, 'Dorey', 2, 1, 1, 1350000, 1350000, 0, ''),
(404, 1, 'Trimesul', 2, 3, 1, 337000, 337000, 0, ''),
(405, 3, 'Hoàng Long  28% 4.0 ly', 1, 1, 4, 10000, 10000, 0, ''),
(406, 3, 'Hoàng Long  26% 4.0 ly', 1, 1, 40, 10000, 10000, 0, ''),
(408, 1, 'Norol', 1, 1, 1, 700000, 700000, 0, ''),
(409, 1, 'Yumos', 2, 1, 1, 79000, 79000, 0, ''),
(410, 1, 'Xyla', 1, 2, 1, 175000, 175000, 0, ''),
(411, 1, 'Norlox', 2, 1, 1, 645000, 645000, 0, ''),
(412, 1, 'Yuca', 2, 3, 1, 340000, 340000, 0, ''),
(413, 4, 'Vĩnh Hoàn 26% 4.5ly', 1, 1, 4, 10900, 10900, 0, ''),
(414, 2, 'DOMI 26% - 3.0 ly', 1, 1, 3, 10000, 10000, 0, ''),
(415, 3, 'Hoàng Long  26% 6.0 ly', 1, 1, 1, 11500, 11500, 0, ''),
(416, 1, 'Y Mos', 2, 2, 1, 79000, 79000, 0, ''),
(417, 1, 'Flo', 2, 1, 1, 1750000, 1750000, 0, ''),
(418, 1, 'Cefa', 2, 1, 1, 1300000, 1300000, 0, ''),
(419, 1, 'Vôi', 2, 1, 1, 38027000, 38027000, 0, ''),
(420, 1, 'Ampi', 2, 1, 1, 700000, 700000, 0, ''),
(421, 1, 'DSP', 2, 1, 1, 33000, 33000, 0, ''),
(422, 5, 'Cỏ May 26% 4.0 ly', 1, 1, 4, 10782, 10782, 0, ''),
(423, 1, 'Enro 20%', 2, 3, 1, 290000, 290000, 0, ''),
(424, 5, 'Cỏ May 26% 2.2 ly', 1, 1, 1, 10000, 10000, 0, ''),
(425, 4, 'Vĩnh Hoàn 26% 3.0 ly', 1, 1, 1, 10000, 10000, 0, ''),
(426, 1, 'Livered', 2, 3, 1, 305000, 305000, 0, ''),
(427, 5, 'Cỏ May 26% 3.0 ly', 1, 1, 1, 10592, 10592, 0, ''),
(428, 4, 'Vĩnh Hoàn 26% 6.0 ly', 1, 1, 1, 10900, 10900, 0, ''),
(429, 3, 'Hoàng Long  26% 8.0 ly', 1, 1, 1, 11446, 11446, 0, ''),
(430, 1, 'Glumax', 2, 3, 1, 185000, 185000, 0, ''),
(431, 1, 'Babycin', 2, 3, 1, 1285000, 1285000, 0, ''),
(432, 1, 'Rotex', 2, 3, 1, 93000, 93000, 0, ''),
(433, 1, 'Kana', 2, 1, 1, 700000, 700000, 0, ''),
(434, 1, 'Senfa', 2, 1, 1, 67000, 67000, 0, ''),
(435, 2, 'DOMI 28% - 2.2 ly', 1, 1, 1, 11116, 11116, 0, ''),
(436, 5, 'Cỏ May 26% 6.0 ly', 1, 1, 1, 11590, 11590, 0, ''),
(437, 1, 'Vimekon', 2, 1, 1, 110000, 110000, 0, ''),
(438, 1, 'SPS', 2, 1, 1, 33000, 33000, 0, ''),
(439, 1, 'Kotex', 2, 3, 1, 93000, 93000, 0, ''),
(440, 1, 'Iotdin', 2, 3, 1, 110000, 110000, 0, ''),
(441, 1, 'Yaka', 2, 3, 1, 400000, 400000, 0, ''),
(442, 3, 'Hoàng Long 26% 10 ly', 1, 1, 10, 11446, 11446, 0, ''),
(443, 1, 'Environ', 2, 2, 0, 420000, 420000, 0, ''),
(444, 1, 'FreeTox', 2, 2, 0, 72000, 72000, 0, ''),
(445, 1, 'CBN', 2, 1, 10, 24905000, 24905000, 0, ''),
(446, 1, 'Costestih', 2, 2, 1, 650000, 650000, 0, ''),
(447, 1, 'Iveo 98', 2, 2, 1, 91000, 91000, 0, '');

-- --------------------------------------------------------

--
-- Table structure for table `fipoma_ana_store`
--

CREATE TABLE IF NOT EXISTS `fipoma_ana_store` (
  `id` mediumint(9) NOT NULL AUTO_INCREMENT,
  `name` varchar(20) COLLATE utf8_unicode_ci NOT NULL,
  `address` varchar(50) COLLATE utf8_unicode_ci NOT NULL,
  PRIMARY KEY (`id`)
) ENGINE=InnoDB  DEFAULT CHARSET=utf8 COLLATE=utf8_unicode_ci AUTO_INCREMENT=3 ;

--
-- Dumping data for table `fipoma_ana_store`
--

INSERT INTO `fipoma_ana_store` (`id`, `name`, `address`) VALUES
(1, 'KHO THỨC ĂN', 'An Hòa, Châu Thành, Đồng Tháp'),
(2, 'KHO THUỐC', 'Ở ĐÂU ?');

-- --------------------------------------------------------

--
-- Table structure for table `fipoma_ana_store_detail`
--

CREATE TABLE IF NOT EXISTS `fipoma_ana_store_detail` (
  `id` mediumint(9) NOT NULL AUTO_INCREMENT,
  `id_store` mediumint(9) NOT NULL,
  `id_resource` mediumint(9) NOT NULL,
  `count` double NOT NULL,
  PRIMARY KEY (`id`,`id_store`,`id_resource`),
  KEY `fipoma_ana_store_detail_1` (`id_store`),
  KEY `fipoma_ana_store_detail_2` (`id_resource`)
) ENGINE=InnoDB  DEFAULT CHARSET=utf8 COLLATE=utf8_unicode_ci AUTO_INCREMENT=362 ;

--
-- Dumping data for table `fipoma_ana_store_detail`
--

INSERT INTO `fipoma_ana_store_detail` (`id`, `id_store`, `id_resource`, `count`) VALUES
(1, 2, 1, 196),
(2, 1, 2, 101),
(3, 1, 3, 164),
(4, 1, 4, 106),
(5, 1, 5, 106),
(6, 1, 6, 178),
(7, 2, 7, 182),
(8, 1, 8, 119),
(9, 2, 9, 132),
(10, 2, 10, 143),
(11, 2, 11, 157),
(12, 2, 12, 149),
(13, 1, 13, 184),
(14, 2, 14, 150),
(15, 1, 15, 150),
(16, 1, 16, 106),
(17, 2, 17, 150),
(18, 2, 18, 143),
(19, 1, 19, 126),
(20, 2, 20, 107),
(21, 2, 21, 135),
(22, 2, 22, 117),
(23, 1, 23, 124),
(24, 1, 24, 104),
(25, 2, 25, 112),
(26, 2, 26, 130),
(27, 1, 27, 155),
(28, 2, 28, 152),
(29, 2, 29, 147),
(30, 2, 30, 197),
(31, 1, 31, 146),
(32, 1, 32, 136),
(33, 2, 33, 176),
(34, 2, 34, 182),
(35, 1, 35, 134),
(36, 1, 36, 187),
(37, 1, 37, 106),
(38, 2, 38, 162),
(39, 2, 39, 162),
(40, 2, 40, 111),
(41, 2, 41, 168),
(42, 2, 42, 110),
(43, 1, 43, 164),
(44, 1, 44, 175),
(45, 2, 45, 121),
(46, 1, 46, 178),
(47, 2, 47, 186),
(48, 2, 48, 184),
(49, 2, 49, 196),
(50, 2, 50, 163),
(51, 1, 51, 181),
(52, 2, 52, 162),
(53, 1, 53, 144),
(54, 2, 54, 156),
(55, 1, 55, 188),
(56, 1, 56, 138),
(57, 1, 57, 143),
(58, 2, 58, 168),
(59, 2, 59, 134),
(60, 2, 60, 107),
(61, 1, 61, 190),
(62, 2, 62, 164),
(63, 1, 63, 184),
(64, 1, 64, 141),
(65, 2, 65, 176),
(66, 2, 66, 147),
(67, 2, 67, 122),
(68, 1, 68, 120),
(69, 2, 69, 142),
(70, 2, 70, 166),
(71, 1, 71, 176),
(72, 2, 72, 185),
(73, 1, 73, 129),
(74, 1, 74, 113),
(75, 1, 75, 161),
(76, 2, 76, 152),
(77, 1, 77, 122),
(78, 1, 78, 137),
(79, 2, 79, 118),
(80, 1, 80, 112),
(81, 2, 81, 123),
(82, 1, 82, 171),
(83, 1, 83, 123),
(84, 2, 84, 135),
(85, 1, 85, 194),
(86, 2, 86, 181),
(87, 1, 87, 104),
(88, 1, 88, 192),
(89, 2, 89, 153),
(90, 1, 90, 174),
(91, 2, 91, 170),
(92, 1, 92, 125),
(93, 1, 93, 166),
(94, 2, 94, 152),
(95, 2, 95, 147),
(96, 1, 96, 116),
(97, 2, 97, 141),
(98, 2, 98, 158),
(99, 1, 99, 190),
(100, 2, 100, 128),
(101, 2, 101, 114),
(102, 2, 102, 120),
(103, 1, 103, 135),
(104, 2, 104, 157),
(105, 1, 105, 101),
(106, 1, 106, 123),
(107, 1, 107, 193),
(108, 2, 108, 194),
(109, 2, 109, 153),
(110, 1, 110, 145),
(111, 1, 111, 101),
(112, 1, 112, 146),
(113, 2, 113, 172),
(114, 1, 114, 133),
(115, 1, 115, 186),
(116, 2, 116, 176),
(117, 1, 117, 121),
(118, 2, 118, 146),
(119, 1, 119, 125),
(120, 2, 120, 137),
(121, 2, 121, 162),
(122, 1, 122, 199),
(123, 2, 123, 159),
(124, 1, 124, 115),
(125, 1, 125, 110),
(126, 2, 126, 149),
(127, 1, 127, 114),
(128, 1, 128, 139),
(129, 1, 129, 124),
(130, 1, 130, 172),
(131, 2, 131, 119),
(132, 2, 132, 168),
(133, 1, 133, 126),
(134, 1, 134, 141),
(135, 2, 135, 138),
(136, 1, 136, 115),
(137, 1, 137, 134),
(138, 1, 138, 104),
(139, 1, 139, 148),
(140, 1, 140, 144),
(141, 2, 141, 110),
(142, 2, 142, 130),
(143, 2, 143, 184),
(144, 2, 144, 162),
(145, 1, 145, 133),
(146, 1, 146, 166),
(147, 2, 147, 165),
(148, 1, 148, 136),
(149, 1, 149, 127),
(150, 1, 150, 196),
(151, 1, 151, 184),
(152, 2, 152, 117),
(153, 2, 153, 182),
(154, 2, 154, 132),
(155, 1, 155, 114),
(156, 1, 156, 116),
(157, 2, 157, 130),
(158, 1, 158, 189),
(159, 1, 159, 144),
(160, 1, 160, 135),
(161, 2, 161, 170),
(162, 2, 162, 160),
(163, 2, 163, 159),
(164, 2, 164, 164),
(165, 2, 165, 147),
(166, 1, 166, 108),
(167, 2, 167, 177),
(168, 1, 168, 197),
(169, 1, 169, 171),
(170, 1, 170, 101),
(171, 2, 171, 111),
(172, 2, 172, 128),
(173, 2, 173, 163),
(174, 1, 174, 143),
(175, 2, 175, 104),
(176, 1, 176, 103),
(177, 1, 177, 138),
(178, 1, 178, 107),
(179, 2, 179, 197),
(180, 2, 180, 133),
(181, 1, 181, 123),
(182, 2, 182, 180),
(183, 1, 183, 133),
(184, 1, 184, 140),
(185, 1, 185, 162),
(186, 1, 186, 148),
(187, 2, 187, 152),
(188, 2, 188, 181),
(189, 1, 189, 168),
(190, 1, 190, 121),
(191, 2, 191, 159),
(192, 2, 192, 126),
(193, 1, 193, 177),
(194, 2, 194, 176),
(195, 1, 195, 171),
(196, 1, 196, 165),
(197, 1, 197, 131),
(198, 2, 198, 192),
(199, 1, 199, 138),
(200, 1, 200, 161),
(201, 1, 201, 189),
(202, 2, 202, 159),
(203, 1, 203, 137),
(204, 1, 204, 100),
(205, 2, 205, 131),
(206, 1, 206, 111),
(207, 1, 207, 162),
(208, 2, 208, 146),
(209, 1, 209, 191),
(210, 2, 210, 139),
(211, 1, 211, 190),
(212, 2, 212, 176),
(213, 2, 213, 196),
(214, 2, 214, 167),
(215, 1, 215, 127),
(216, 1, 216, 175),
(217, 2, 217, 184),
(218, 1, 218, 104),
(219, 2, 219, 111),
(220, 2, 220, 139),
(221, 2, 221, 122),
(222, 2, 222, 111),
(223, 1, 223, 179),
(224, 1, 224, 104),
(225, 1, 225, 154),
(226, 2, 226, 120),
(227, 1, 227, 114),
(228, 1, 228, 121),
(229, 1, 229, 158),
(230, 1, 230, 115),
(231, 2, 231, 166),
(232, 1, 232, 118),
(233, 2, 233, 159),
(234, 1, 234, 171),
(235, 1, 235, 162),
(236, 2, 236, 121),
(237, 1, 237, 168),
(238, 2, 238, 117),
(239, 1, 239, 155),
(240, 2, 240, 132),
(241, 1, 241, 164),
(242, 2, 242, 181),
(243, 1, 243, 119),
(244, 2, 244, 117),
(245, 2, 245, 186),
(246, 1, 246, 168),
(247, 1, 247, 112),
(248, 2, 248, 177),
(249, 2, 249, 129),
(250, 1, 250, 179),
(251, 1, 251, 135),
(252, 2, 252, 199),
(253, 1, 253, 192),
(254, 2, 254, 122),
(255, 2, 255, 182),
(256, 2, 256, 116),
(257, 1, 257, 177),
(258, 2, 258, 114),
(259, 1, 259, 109),
(260, 1, 260, 165),
(261, 2, 261, 114),
(262, 1, 262, 199),
(263, 1, 263, 129),
(264, 2, 264, 139),
(265, 2, 265, 124),
(266, 2, 266, 190),
(267, 2, 267, 125),
(268, 1, 268, 195),
(269, 2, 269, 104),
(270, 2, 270, 163),
(271, 1, 271, 101),
(272, 1, 272, 190),
(273, 2, 273, 192),
(274, 1, 274, 118),
(275, 1, 275, 141),
(276, 2, 276, 168),
(277, 2, 277, 137),
(278, 2, 278, 133),
(279, 2, 279, 188),
(280, 2, 280, 186),
(281, 2, 281, 132),
(282, 1, 282, 190),
(283, 2, 283, 132),
(284, 2, 284, 200),
(285, 2, 285, 178),
(286, 1, 286, 111),
(287, 1, 287, 122),
(288, 2, 288, 155),
(289, 2, 289, 109),
(290, 2, 290, 165),
(291, 2, 291, 106),
(292, 2, 292, 185),
(293, 2, 293, 153),
(294, 2, 294, 112),
(295, 2, 295, 194),
(296, 1, 296, 163),
(297, 1, 297, 197),
(298, 1, 298, 148),
(299, 1, 299, 108),
(300, 1, 300, 161),
(301, 1, 301, 130),
(302, 2, 302, 173),
(303, 2, 303, 177),
(304, 2, 304, 110),
(305, 2, 305, 154),
(306, 1, 306, 113),
(307, 1, 307, 138),
(308, 1, 308, 112),
(309, 1, 309, 128),
(310, 2, 310, 151),
(311, 2, 311, 106),
(312, 2, 312, 116),
(313, 1, 313, 178),
(314, 2, 314, 200),
(315, 2, 315, 187),
(316, 1, 316, 127),
(317, 2, 317, 185),
(318, 2, 318, 190),
(319, 2, 319, 125),
(320, 2, 320, 195),
(321, 2, 321, 181),
(322, 1, 322, 173),
(323, 1, 323, 101),
(324, 2, 324, 128),
(325, 1, 325, 132),
(326, 2, 326, 140),
(327, 1, 327, 159),
(328, 1, 328, 142),
(329, 2, 329, 168),
(330, 2, 330, 101),
(331, 2, 331, 195),
(332, 2, 332, 153),
(333, 2, 333, 146),
(334, 1, 334, 189),
(335, 1, 335, 109),
(336, 2, 336, 141),
(337, 1, 337, 104),
(338, 1, 338, 138),
(339, 2, 339, 172),
(340, 1, 340, 160),
(341, 1, 341, 138),
(342, 1, 342, 163),
(343, 1, 343, 111),
(344, 1, 344, 144),
(345, 1, 345, 181),
(346, 1, 346, 178),
(347, 2, 347, 138),
(348, 2, 348, 183),
(349, 2, 349, 113),
(350, 2, 350, 155),
(351, 2, 351, 106),
(352, 1, 352, 160),
(353, 1, 353, 130),
(354, 1, 354, 161),
(355, 2, 355, 135),
(356, 1, 356, 199),
(357, 1, 357, 179),
(358, 2, 358, 151),
(359, 1, 359, 129),
(360, 1, 360, 193),
(361, 1, 361, 192);

-- --------------------------------------------------------

--
-- Table structure for table `fipoma_ana_supplier`
--

CREATE TABLE IF NOT EXISTS `fipoma_ana_supplier` (
  `id` mediumint(9) NOT NULL AUTO_INCREMENT,
  `type` int(5) NOT NULL,
  `name` varchar(200) COLLATE utf8_unicode_ci NOT NULL,
  `address` varchar(200) COLLATE utf8_unicode_ci NOT NULL,
  `phone` varchar(15) COLLATE utf8_unicode_ci NOT NULL,
  `debt` bigint(20) NOT NULL,
  `note` varchar(50) COLLATE utf8_unicode_ci NOT NULL,
  PRIMARY KEY (`id`)
) ENGINE=InnoDB  DEFAULT CHARSET=utf8 COLLATE=utf8_unicode_ci AUTO_INCREMENT=6 ;

--
-- Dumping data for table `fipoma_ana_supplier`
--

INSERT INTO `fipoma_ana_supplier` (`id`, `type`, `name`, `address`, `phone`, `debt`, `note`) VALUES
(1, 2, 'ĐẠI LÝ THUỐC', 'Đồng Tháp', '0', 0, 'ghi gì đó'),
(2, 1, 'THỨC ĂN DOMI', 'Đồng Tháp', '123456789', 0, '1'),
(3, 1, 'THỨC ĂN HOÀNG LONG', 'Đồng Tháp', '123456789', 0, 'ghi gì đó'),
(4, 1, 'THỨC ĂN VĨNH HOÀN', 'Đồng Tháp', '123456789', 0, 'ghi gì đó'),
(5, 1, 'THỨC ĂN CỎ MAY', 'Đồng Tháp', '123456789', 0, 'Có ghi chú gì thêm không ?');

-- --------------------------------------------------------

--
-- Table structure for table `fipoma_ana_supplier_paid`
--

CREATE TABLE IF NOT EXISTS `fipoma_ana_supplier_paid` (
  `id` mediumint(9) NOT NULL AUTO_INCREMENT,
  `name` varchar(10) COLLATE utf8_unicode_ci NOT NULL,
  `id_supplier` mediumint(9) NOT NULL,
  `date` date NOT NULL,
  `value` double NOT NULL,
  `description` varchar(50) COLLATE utf8_unicode_ci NOT NULL,
  PRIMARY KEY (`id`,`id_supplier`),
  KEY `fipoma_ana_supplier_paid_1` (`id_supplier`)
) ENGINE=InnoDB DEFAULT CHARSET=utf8 COLLATE=utf8_unicode_ci AUTO_INCREMENT=1 ;

-- --------------------------------------------------------

--
-- Table structure for table `fipoma_ana_unit`
--

CREATE TABLE IF NOT EXISTS `fipoma_ana_unit` (
  `id` mediumint(9) NOT NULL AUTO_INCREMENT,
  `name` varchar(25) COLLATE utf8_unicode_ci NOT NULL,
  PRIMARY KEY (`id`)
) ENGINE=InnoDB  DEFAULT CHARSET=utf8 COLLATE=utf8_unicode_ci AUTO_INCREMENT=4 ;

--
-- Dumping data for table `fipoma_ana_unit`
--

INSERT INTO `fipoma_ana_unit` (`id`, `name`) VALUES
(1, 'Kg'),
(2, 'Gói'),
(3, 'Lít');

-- --------------------------------------------------------

--
-- Table structure for table `fipoma_app`
--

CREATE TABLE IF NOT EXISTS `fipoma_app` (
  `id` mediumint(9) NOT NULL AUTO_INCREMENT,
  `name` varchar(50) CHARACTER SET utf8 COLLATE utf8_unicode_ci NOT NULL,
  `phone` varchar(15) CHARACTER SET utf8 COLLATE utf8_unicode_ci NOT NULL,
  `address` varchar(125) CHARACTER SET utf8 COLLATE utf8_unicode_ci NOT NULL,
  `email` varchar(50) NOT NULL,
  `banner` varchar(125) NOT NULL,
  `prefix` varchar(50) NOT NULL,
  `alias` varchar(256) NOT NULL,
  `date_created` timestamp NOT NULL DEFAULT CURRENT_TIMESTAMP,
  `date_modified` timestamp NOT NULL DEFAULT '0000-00-00 00:00:00',
  `date_activity` timestamp NOT NULL DEFAULT '0000-00-00 00:00:00',
  `type` tinyint(4) NOT NULL,
  `page_view` bigint(20) NOT NULL,
  PRIMARY KEY (`id`)
) ENGINE=InnoDB  DEFAULT CHARSET=utf8 AUTO_INCREMENT=2 ;

--
-- Dumping data for table `fipoma_app`
--

INSERT INTO `fipoma_app` (`id`, `name`, `phone`, `address`, `email`, `banner`, `prefix`, `alias`, `date_created`, `date_modified`, `date_activity`, `type`, `page_view`) VALUES
(1, 'Ánh Nguyệt Farm', '0939 43 88 37', 'An Nhơn Châu Thành Đồng Tháp', 'anhnguyetfarm@yahoo.com', '', 'fipoma_ana_', 'nguyet', '2012-06-29 13:00:00', '0000-00-00 00:00:00', '2012-12-24 18:25:31', 0, 0);

-- --------------------------------------------------------

--
-- Table structure for table `fipoma_user`
--

CREATE TABLE IF NOT EXISTS `fipoma_user` (
  `id` mediumint(9) NOT NULL AUTO_INCREMENT,
  `email` varchar(200) COLLATE utf8_unicode_ci DEFAULT NULL,
  `pass` varchar(256) COLLATE utf8_unicode_ci DEFAULT NULL,
  `pass2` varchar(256) COLLATE utf8_unicode_ci NOT NULL,
  `gender` int(11) NOT NULL,
  `note` varchar(200) COLLATE utf8_unicode_ci DEFAULT NULL,
  `datecreate` timestamp NOT NULL DEFAULT CURRENT_TIMESTAMP,
  `dateupdate` timestamp NOT NULL DEFAULT '0000-00-00 00:00:00',
  `dateactivity` timestamp NOT NULL DEFAULT '0000-00-00 00:00:00',
  `type` tinyint(4) NOT NULL,
  PRIMARY KEY (`id`)
) ENGINE=InnoDB  DEFAULT CHARSET=utf8 COLLATE=utf8_unicode_ci AUTO_INCREMENT=5 ;

--
-- Dumping data for table `fipoma_user`
--

INSERT INTO `fipoma_user` (`id`, `email`, `pass`, `pass2`, `gender`, `note`, `datecreate`, `dateupdate`, `dateactivity`, `type`) VALUES
(1, 'tuanbuithanh@gmail.com', 'WHa3/wsMpuVHlDy+Y8Zb+EDkccANR4eKdzU9/dqLRUc=', '', 1, ' ', '0000-00-00 00:00:00', '0000-00-00 00:00:00', '0000-00-00 00:00:00', 4),
(2, 'thanhbao2007vl@gmail.com', 'WHa3/wsMpuVHlDy+Y8Zb+EDkccANR4eKdzU9/dqLRUc=', '', 1, '', '0000-00-00 00:00:00', '0000-00-00 00:00:00', '0000-00-00 00:00:00', 4),
(3, 'quihuu1990@gmail.com', 'V5Z9ViDcv7J0iujP8JfU230mqh8ObWum7m6zKOM2YEw=', 'dVvHBnRnEcRKOUNdMiTtIauRP+TEOIvn8xnh9bB07jMVDGKWKhtoTUe3/LRKyg41RAwSv9s8wAtiL44j6+QfQg==', 1, ' ', '0000-00-00 00:00:00', '0000-00-00 00:00:00', '0000-00-00 00:00:00', 1),
(4, 'nguyet@yahoo.com', 'uWKga3hnnnu1JcWaGt48KX8xrH+zxnUujiPgwFsRFlo=', 'iqazDOkNcJ9Hfpgb+qy5/HhgZvgawM1cWS5s5Xe4Qzb2ZvOjLTEIwo3gBKJZdvzGHzvJMeU8vei8hq8fTqgs0pATbWBG179ma+L1avXYMz9yPKdKgZSqpFm/Bb6NXWMx1awle2+BCY2JcwsoSyB2QA8LaeEE6N1oxonAGc8qPg4=', 1, ' ', '0000-00-00 00:00:00', '0000-00-00 00:00:00', '0000-00-00 00:00:00', 1);

-- --------------------------------------------------------

--
-- Table structure for table `fipoma_user_app`
--

CREATE TABLE IF NOT EXISTS `fipoma_user_app` (
  `id` mediumint(9) NOT NULL AUTO_INCREMENT,
  `id_user` mediumint(9) NOT NULL,
  `id_app` mediumint(9) NOT NULL,
  `permission` mediumint(9) NOT NULL,
  PRIMARY KEY (`id`,`id_user`,`id_app`),
  KEY `fipoma_user_app_1` (`id_user`),
  KEY `fipoma_user_app_2` (`id_app`)
) ENGINE=InnoDB  DEFAULT CHARSET=utf8 COLLATE=utf8_unicode_ci AUTO_INCREMENT=4 ;

--
-- Dumping data for table `fipoma_user_app`
--

INSERT INTO `fipoma_user_app` (`id`, `id_user`, `id_app`, `permission`) VALUES
(1, 1, 1, 1),
(2, 2, 1, 1),
(3, 4, 1, 1);

--
-- Constraints for dumped tables
--

--
-- Constraints for table `fipoma_ana_order_export`
--
ALTER TABLE `fipoma_ana_order_export`
  ADD CONSTRAINT `fipoma_ana_order_export_1` FOREIGN KEY (`id_pond`) REFERENCES `fipoma_ana_pond` (`id`) ON DELETE CASCADE ON UPDATE CASCADE,
  ADD CONSTRAINT `fipoma_ana_order_export_2` FOREIGN KEY (`id_store`) REFERENCES `fipoma_ana_store` (`id`) ON DELETE CASCADE ON UPDATE CASCADE;

--
-- Constraints for table `fipoma_ana_order_export_detail`
--
ALTER TABLE `fipoma_ana_order_export_detail`
  ADD CONSTRAINT `fipoma_ana_order_export_detail_1` FOREIGN KEY (`id_order`) REFERENCES `fipoma_ana_order_export` (`id`) ON DELETE CASCADE ON UPDATE CASCADE,
  ADD CONSTRAINT `fipoma_ana_order_export_detail_2` FOREIGN KEY (`id_resource`) REFERENCES `fipoma_ana_resource` (`id`) ON DELETE CASCADE ON UPDATE CASCADE;

--
-- Constraints for table `fipoma_ana_order_import`
--
ALTER TABLE `fipoma_ana_order_import`
  ADD CONSTRAINT `fipoma_ana_order_import_1` FOREIGN KEY (`id_pond`) REFERENCES `fipoma_ana_pond` (`id`) ON DELETE CASCADE ON UPDATE CASCADE,
  ADD CONSTRAINT `fipoma_ana_order_import_2` FOREIGN KEY (`id_store`) REFERENCES `fipoma_ana_store` (`id`) ON DELETE CASCADE ON UPDATE CASCADE;

--
-- Constraints for table `fipoma_ana_order_import_detail`
--
ALTER TABLE `fipoma_ana_order_import_detail`
  ADD CONSTRAINT `fipoma_ana_order_import_detail_1` FOREIGN KEY (`id_order`) REFERENCES `fipoma_ana_order_import` (`id`) ON DELETE CASCADE ON UPDATE CASCADE,
  ADD CONSTRAINT `fipoma_ana_order_import_detail_2` FOREIGN KEY (`id_resource`) REFERENCES `fipoma_ana_resource` (`id`) ON DELETE CASCADE ON UPDATE CASCADE;

/*!40101 SET CHARACTER_SET_CLIENT=@OLD_CHARACTER_SET_CLIENT */;
/*!40101 SET CHARACTER_SET_RESULTS=@OLD_CHARACTER_SET_RESULTS */;
/*!40101 SET COLLATION_CONNECTION=@OLD_COLLATION_CONNECTION */;
