-- MySQL dump 10.13  Distrib 5.5.8, for Win32 (x86)
--
-- Host: localhost    Database: ktth
-- ------------------------------------------------------
-- Server version	5.5.8

/*!40101 SET @OLD_CHARACTER_SET_CLIENT=@@CHARACTER_SET_CLIENT */;
/*!40101 SET @OLD_CHARACTER_SET_RESULTS=@@CHARACTER_SET_RESULTS */;
/*!40101 SET @OLD_COLLATION_CONNECTION=@@COLLATION_CONNECTION */;
/*!40101 SET NAMES utf8 */;
/*!40103 SET @OLD_TIME_ZONE=@@TIME_ZONE */;
/*!40103 SET TIME_ZONE='+00:00' */;
/*!40014 SET @OLD_UNIQUE_CHECKS=@@UNIQUE_CHECKS, UNIQUE_CHECKS=0 */;
/*!40014 SET @OLD_FOREIGN_KEY_CHECKS=@@FOREIGN_KEY_CHECKS, FOREIGN_KEY_CHECKS=0 */;
/*!40101 SET @OLD_SQL_MODE=@@SQL_MODE, SQL_MODE='NO_AUTO_VALUE_ON_ZERO' */;
/*!40111 SET @OLD_SQL_NOTES=@@SQL_NOTES, SQL_NOTES=0 */;

--
-- Table structure for table `ktth_album`
--

DROP TABLE IF EXISTS `ktth_album`;
/*!40101 SET @saved_cs_client     = @@character_set_client */;
/*!40101 SET character_set_client = utf8 */;
CREATE TABLE `ktth_album` (
  `id` int(11) NOT NULL AUTO_INCREMENT,
  `name` varchar(125) COLLATE utf8_unicode_ci NOT NULL,
  `time` timestamp NOT NULL DEFAULT CURRENT_TIMESTAMP ON UPDATE CURRENT_TIMESTAMP,
  `url` varchar(256) COLLATE utf8_unicode_ci NOT NULL,
  `note` varchar(125) COLLATE utf8_unicode_ci NOT NULL,
  `key` varchar(250) COLLATE utf8_unicode_ci NOT NULL,
  PRIMARY KEY (`id`)
) ENGINE=InnoDB AUTO_INCREMENT=3 DEFAULT CHARSET=utf8 COLLATE=utf8_unicode_ci;
/*!40101 SET character_set_client = @saved_cs_client */;

--
-- Dumping data for table `ktth_album`
--

LOCK TABLES `ktth_album` WRITE;
/*!40000 ALTER TABLE `ktth_album` DISABLE KEYS */;
INSERT INTO `ktth_album` VALUES (1,'Du Lịch Đà Lạt Tết Dương Lịch 2011','2011-01-10 01:54:10','host=picasaweb.google.com&hl=vi&feat=flashalbum&RGB=0x000000&feed=https%3A%2F%2Fpicasaweb.google.com%2Fdata%2Ffeed%2Fapi%2Fuser%2F114034695456040921919%2Falbumid%2F5940395641087679633%3Falt%3Drss%26kind%3Dphoto%26hl%3Dvi','Du Lịch Đà Lạt Tết Dương Lịch 2011','du-lich-da-lat-tet-duong-lich-2011'),(2,'Du lịch Mekong Đồng Phú 2010','2010-01-10 01:54:37','host=picasaweb.google.com&hl=vi&feat=flashalbum&RGB=0x000000&feed=https%3A%2F%2Fpicasaweb.google.com%2Fdata%2Ffeed%2Fapi%2Fuser%2F114034695456040921919%2Falbumid%2F5940400493989820673%3Falt%3Drss%26kind%3Dphoto%26hl%3Dvi','Du lịch Mekong Đồng Phú 2010','du-lich-mekong-dong-phu-2010');
/*!40000 ALTER TABLE `ktth_album` ENABLE KEYS */;
UNLOCK TABLES;

--
-- Table structure for table `ktth_app`
--

DROP TABLE IF EXISTS `ktth_app`;
/*!40101 SET @saved_cs_client     = @@character_set_client */;
/*!40101 SET character_set_client = utf8 */;
CREATE TABLE `ktth_app` (
  `id` int(11) NOT NULL AUTO_INCREMENT,
  `name` varchar(50) CHARACTER SET utf8 COLLATE utf8_unicode_ci NOT NULL,
  `phone` varchar(15) CHARACTER SET utf8 COLLATE utf8_unicode_ci NOT NULL,
  `address` varchar(125) CHARACTER SET utf8 COLLATE utf8_unicode_ci NOT NULL,
  `email` varchar(50) CHARACTER SET utf8 COLLATE utf8_unicode_ci NOT NULL,
  `banner` varchar(125) CHARACTER SET utf8 COLLATE utf8_unicode_ci NOT NULL,
  `prefix` varchar(50) NOT NULL,
  `alias` varchar(256) NOT NULL,
  `date_created` timestamp NOT NULL DEFAULT CURRENT_TIMESTAMP,
  `date_modified` timestamp NOT NULL DEFAULT '0000-00-00 00:00:00',
  `date_activity` timestamp NOT NULL DEFAULT '0000-00-00 00:00:00',
  `type` tinyint(4) NOT NULL,
  `page_view` bigint(20) NOT NULL,
  PRIMARY KEY (`id`)
) ENGINE=InnoDB AUTO_INCREMENT=3 DEFAULT CHARSET=utf8;
/*!40101 SET character_set_client = @saved_cs_client */;

--
-- Dumping data for table `ktth_app`
--

LOCK TABLES `ktth_app` WRITE;
/*!40000 ALTER TABLE `ktth_app` DISABLE KEYS */;
INSERT INTO `ktth_app` VALUES (1,'Phòng Kỹ Thuật Thể Hiện','0913 71 81 56','50 Phạm Thái Bường F4 TP Vĩnh Long','quangphuong@thvl.vn','Phòng Kỹ Thuật Thể Hiện','ktth_','ktthehien.com','2012-06-01 02:00:00','2037-09-30 17:00:00','2036-12-01 04:04:58',0,20),(2,'Quản Lý Thù Lao','0903062068','phường 5','thanhbao2007vl@gmail.com','Quản Lý Thù Lao','ktth_','thu-lao','2013-11-02 10:37:36','0000-00-00 00:00:00','0000-00-00 00:00:00',2,20);
/*!40000 ALTER TABLE `ktth_app` ENABLE KEYS */;
UNLOCK TABLES;

--
-- Table structure for table `ktth_ask`
--

DROP TABLE IF EXISTS `ktth_ask`;
/*!40101 SET @saved_cs_client     = @@character_set_client */;
/*!40101 SET character_set_client = utf8 */;
CREATE TABLE `ktth_ask` (
  `id` int(11) NOT NULL AUTO_INCREMENT,
  `id_category` int(11) NOT NULL,
  `question` mediumtext NOT NULL,
  `author1` varchar(50) NOT NULL,
  `time` timestamp NOT NULL DEFAULT CURRENT_TIMESTAMP,
  `answer` mediumtext NOT NULL,
  `author2` varchar(50) NOT NULL,
  `key` varchar(250) NOT NULL,
  PRIMARY KEY (`id`),
  KEY `foreign_field` (`id_category`),
  CONSTRAINT `ktth_ask_1` FOREIGN KEY (`id_category`) REFERENCES `ktth_category_ask` (`id`) ON DELETE CASCADE ON UPDATE CASCADE
) ENGINE=InnoDB AUTO_INCREMENT=18 DEFAULT CHARSET=utf8;
/*!40101 SET character_set_client = @saved_cs_client */;

--
-- Dumping data for table `ktth_ask`
--

LOCK TABLES `ktth_ask` WRITE;
/*!40000 ALTER TABLE `ktth_ask` DISABLE KEYS */;
INSERT INTO `ktth_ask` VALUES (1,2,'<p>\r\n	Những kh&oacute; khăn bắt đầu ập tới với con từ khi con vừa học xong trung học.</p>\r\n','Phật tử','2012-11-21 00:15:23','<p>\r\n	Xin ch&agrave;o người bạn trẻ th&acirc;n mến! C&aacute;m ơn rất nhiều những chia sẻ từ tr&aacute;i tim của bạn. Tất cả những sự chia sẻ đ&oacute; cũng đều xuất ph&aacute;t từ sự mong muốn c&oacute; một hướng đi để c&oacute; thể sống l&agrave;nh, sống đẹp, sống b&igrave;nh an v&agrave; hạnh ph&uacute;c.</p>\r\n','BBT:',''),(2,2,'<p>\r\n	Sự mong muốn th&agrave;nh c&ocirc;ng đ&atilde; mang đến qu&aacute; nhiều đau khổ v&agrave; bận rộn. Kh&ocirc;ng điều g&igrave; con l&agrave;m m&agrave; cảm thấy đủ cả. L&agrave;m thế n&agrave;o con c&oacute; thể tạo sự an lạc cho bản th&acirc;n?</p>\r\n','Phật tử','2012-11-21 00:15:35','<p>\r\n	Phẩm chất của h&agrave;nh động của bạn phụ thuộc v&agrave;o phẩm chất sự c&oacute; mặt của bạn. Đề nghị bạn hăng h&aacute;i để hiến tặng hạnh ph&uacute;c, l&agrave;m cho người kh&aacute;c hạnh ph&uacute;c. Đ&oacute; l&agrave; việc l&agrave;m tốt đẹp. Nếu bạn kh&ocirc;ng hạnh ph&uacute;c, bạn sẽ kh&ocirc;ng thể l&agrave;m điều đ&oacute;.</p>\r\n','BBT:',''),(3,2,'<p>\r\n	Bất cứ khi n&agrave;o t&ocirc;i l&agrave;m điều g&igrave;, t&acirc;m tr&iacute; t&ocirc;i cứ hướng về tương lai cho việc suy nghĩ?</p>\r\n','Phật tử','2012-11-21 00:16:03','<p>\r\n	Khi bạn nhận c&ugrave;ng l&uacute;c nhiều bức thư, bạn phải quyết định xem n&ecirc;n đọc bức n&agrave;o trước. Tuy bạn muốn đọc hai bức thư c&ugrave;ng một l&uacute;c bởi ch&uacute;ng đều quan trọng.</p>\r\n','BBT:',''),(4,1,'<p>\r\n	L&agrave;m thế n&agrave;o để c&oacute; sự tự tin nơi ch&iacute;nh m&igrave;nh?</p>\r\n','Phật tử','2012-11-21 00:16:36','<p>\r\n	C&acirc;u trả lời n&agrave;y do Ban bi&ecirc;n tập ghi lại t&oacute;m tắt lời dạy của Sư &Ocirc;ng. Khi nh&igrave;n s&acirc;u v&agrave;o ch&iacute;nh m&igrave;nh ta thấy bản th&acirc;n m&igrave;nh vốn c&oacute; sẵn một gia t&agrave;i rất lớn.</p>\r\n','BBT:',''),(5,1,'<p>\r\n	K&iacute;nh thưa qu&yacute; thầy v&agrave; qu&yacute; sư c&ocirc;! Mỗi khi c&oacute; t&acirc;m h&agrave;nh ti&ecirc;u cực xuất hiện, con rất muốn chuyển h&oacute;a ch&uacute;ng.</p>\r\n','Phật tử','2012-11-21 00:16:46','<p>\r\n	Th&acirc;n ch&agrave;o bạn! Mỗi khi bạn c&oacute; những t&acirc;m h&agrave;nh ti&ecirc;u cực xuất hiện, th&igrave; việc đầu ti&ecirc;n m&agrave; bạn phải n&ecirc;n l&agrave;m l&agrave; thực tập hơi thở c&oacute; ch&aacute;nh niệm, để đưa t&acirc;m trở về với th&acirc;n ngay trong gi&acirc;y ph&uacute;t hiện tại.</p>\r\n','BBT:',''),(6,1,'<p>\r\n	Con l&agrave; một sinh vi&ecirc;n vừa tốt nghiệp đại học. Con phải l&agrave;m g&igrave; b&acirc;y giờ?</p>\r\n','Phật tử','2012-11-21 00:16:57','<p>\r\n	Ban Bi&ecirc;n Tập L&agrave;ng Mai đ&atilde; nhận được thư bạn v&agrave; nhiều bức thư kh&aacute;c gởi về với nội dung: muốn t&igrave;m một nơi n&agrave;o m&agrave; ở đ&oacute; m&igrave;nh về lại với ch&iacute;nh m&igrave;nh, ở đ&oacute; m&igrave;nh cảm nhận được cảm gi&aacute;c AN LẠC trong cuộc sống n&agrave;y m&agrave; kh&ocirc;ng phải mưu t&iacute;nh cho tương lai m&agrave; đ&acirc;u biết m&igrave;nh đang hiện hữu trong hiện tại.</p>\r\n','BBT:',''),(7,1,'<p>\r\n	Con biết rằng thế giới n&agrave;y c&oacute; nhiều ph&aacute;p m&ocirc;n tu v&agrave; đạo Phật lu&ocirc;n hướng con người đến con đường an lạc.</p>\r\n','Phật tử','2012-11-21 00:17:16','<p>\r\n	Bạn Anh Nhi th&acirc;n mến! Đọc những d&ograve;ng t&acirc;m sự của bạn, trong t&ocirc;i c&oacute; sự cảm th&ocirc;ng. Ng&agrave;y xưa, khi t&ocirc;i bắt đầu c&oacute; ước muốn đi xuất gia để tiếp nối con đường rất đẹp, rất s&aacute;ng của Bụt.</p>\r\n','BBT:',''),(15,2,'<p>\r\n	Con Bi cam phai lam sao</p>\r\n','Thanh Phong','2013-04-23 13:35:04','<p>\r\n	Tra loi ...............uong thuoc</p>\r\n','BBT',''),(16,2,'thử đặt câu hỏi','abc','2013-07-02 00:39:55','','',''),(17,2,'','','2013-07-20 08:22:59','','','');
/*!40000 ALTER TABLE `ktth_ask` ENABLE KEYS */;
UNLOCK TABLES;

--
-- Table structure for table `ktth_category`
--

DROP TABLE IF EXISTS `ktth_category`;
/*!40101 SET @saved_cs_client     = @@character_set_client */;
/*!40101 SET character_set_client = utf8 */;
CREATE TABLE `ktth_category` (
  `id` int(11) NOT NULL AUTO_INCREMENT,
  `id_position` int(11) NOT NULL,
  `name` varchar(200) COLLATE utf8_unicode_ci NOT NULL,
  `factory` double DEFAULT NULL,
  PRIMARY KEY (`id`),
  KEY `ktth_category_1` (`id_position`),
  CONSTRAINT `ktth_category_1` FOREIGN KEY (`id_position`) REFERENCES `ktth_positions` (`id`) ON DELETE CASCADE ON UPDATE CASCADE
) ENGINE=InnoDB AUTO_INCREMENT=93 DEFAULT CHARSET=utf8 COLLATE=utf8_unicode_ci;
/*!40101 SET character_set_client = @saved_cs_client */;

--
-- Dumping data for table `ktth_category`
--

LOCK TABLES `ktth_category` WRITE;
/*!40000 ALTER TABLE `ktth_category` DISABLE KEYS */;
INSERT INTO `ktth_category` VALUES (1,1,'Chuyên mục',1),(2,1,'Phóng Sự dài, Chuyên đề',1),(3,1,'Chấp cánh ước mơ',2.5),(4,1,'Trái tim Nhân Ái',3),(5,1,'Chuyến xe Nhân Ái',3),(6,1,'Thần Tài Gõ Cửa',3),(7,1,'Thấp Sáng Niềm Tin',2.5),(8,1,'Phim Tài Liệu',2.5),(9,1,'Ký sự Truyền Hình',2.5),(10,1,'Người Miền Tây',2),(11,1,'Nhịp Sóng Đồng Bằng',2.5),(12,1,'Miền Tây Miến Yêu',2),(13,1,'Phóng sự ngắn',0.4),(14,1,'Bản tin TS Địa Phương - (Trưa)',0.5),(15,1,'Bản tin TS Địa Phương 18h30 K1- (Dựng tin)',0.5),(16,1,'Bản tin TS Địa phuong - (Tói-K2)',0.5),(17,1,'Vinh Long Ngày Mới',0.5),(18,1,'Bản tin TSQT - (Trưa)',0.4),(19,1,'Bản tin TSQT - (Chiều)',0.6),(20,1,'Bản tin TSQT - (22h)',0.5),(21,1,'Thế giới Quanh ta',0.4),(22,1,'Bài khoa giáo Vệ Tinh',0.5),(23,1,'Nhân vật sự kiện',0.4),(24,1,'Thế Giới Tuần qua',0.4),(25,1,'VLNM : TSQT & Thể Thao',0.5),(26,3,'Chạy chữ GTCT - K2',0.1),(27,2,'Trực Studio Thời sự (7h30ph - 11h)',0.5),(28,2,'Trực Studio Thời sự (13h30ph - 16h)',0.5),(29,2,'Trực Studio Thời sự (16h - 19h)',0.4),(30,2,'Trực Studio TSQT (7h30ph - 11h)',0.5),(31,2,'Trực Studio TSQT (13h30ph -16h)',0.5),(32,2,'Trực Studio TSQT (16h -18h30ph)',0.4),(33,2,'Trực Studio TSQT (19h30ph - 22h)',0.5),(34,2,'Trực Studio DBTT & Phóng Sự',0.5),(35,2,'Trực Phòng thu Vệ tinh',0.5),(36,2,'Trực Phòng thu Discovery L4',0.5),(37,2,'Âm Thanh VLNM',0.5),(38,2,'Thu Dựng Thời tiết Chủ nhật',0.5),(39,2,'Camera VLNM',0.25),(40,2,'Đạo diễn VLNM',0.5),(41,2,'Thu Thắp sáng niềm tin',0.5),(42,2,'Thu Chuyến xe nhân ái',0.5),(43,2,'Thu Thần Tài Gõ Cửa',0.5),(44,2,'Thu Chấp cánh ước mơ',0.5),(45,2,'Ca nhạc Sân Khấu (setup Âm thanh - Ánh sáng)',1.5),(46,3,'Hình hiệu chương trình (Loại 01)',5),(47,3,'Hình hiệu Tiểu mục, Cổ động',1.5),(48,3,'Backdrop',4),(49,3,'Background',1),(50,3,'Banner, Logo',1),(51,3,'Trailer Phim, Chuong Trình',1),(52,3,'Trailer Phim tuần',0.5),(53,3,'Trailer Chuyên mục',0.75),(54,3,'Giới thiệu CT Vệ tinh',0.25),(55,3,'Dựng và xử lý CT GameShow',1),(56,3,'Ca nhạc chủ óề, giai óiệu QH',0.25),(57,3,'Ca nhạc Giải trí, Giai óiệu trẻ',0.5),(58,3,'Dựng Bản tin thị trường',0.4),(59,3,'Dựng Dự báo Sâu Bệnh',0.4),(60,3,'Dựng Dự báo nhiệt độ',0.1),(61,3,'Key Chuong Trình, In DVD',0.08),(62,3,'Dựng Thế giới 24H',0.4),(63,3,'Dựng Thể thao 24H',0.2),(64,1,'Danh sách đại chỉ Nhân Đạo',0.5),(65,1,'Phóng sự Địa chỉ Nhân Đạo',0.5),(66,1,'Dựng PLại Bạn Nhà nông, Nhịp cầu Y tế',1),(67,2,'Âm Thanh BTCT',0.25),(68,2,'Camera BTCT',0.12),(69,2,'Đạo diễn BTCT',0.25),(70,2,'Nhạc phim Tài Liệu, Ký sự',0.4),(71,2,'Nhạc Phim NSĐB, Người Miền Tây',0.2),(72,2,'Dự báo thời tiết',0.4),(73,2,'Thu Vợ tôi là só 1',0.5),(74,1,'Trực Dựng Chủ Nhật Hàng Tuần',0.5),(75,3,'Hình hiệu chương trình (Loại 02)',4),(76,3,'Hình hiệu chương trình (Loại 03)',3),(77,3,'Xử lý cắt QC, CH Trình, GameShow, Phim',0.2),(78,3,'Dựng cắt Cải Lương Góc',1),(79,2,'Thu Vượt Qua Thử Thách',0.5),(80,1,'Vượt Qua Thử Thách',3),(81,2,'Trực tiếp Thời Sự Địa Phương',0.4),(82,2,'Thu 24h',0.4),(83,2,'Trực tiếp BNN, Ytế',0.4),(84,1,'Bản tin TS Địa phương 18h30 K1 - (Chạy Trực Tiếp)',0.5),(85,3,'Trực tiếp XSKT Vĩnh Long',0.25),(86,1,'Vợ Tôi là Số 1',3),(87,1,'Ngôi Nhà Thân Ái',3),(88,2,'Ca nhạc sân khấu (Âm thanh - ánh sáng SK /1 đêm)',1),(89,2,'Bản tin cuối ngày - Kênh 2',0.5),(90,2,'AT Tọa Đàm Chuyên Hôm Nay',0.2),(91,1,'Tạp chí văn hóa',2),(92,1,'Đời sống đô thị',1);
/*!40000 ALTER TABLE `ktth_category` ENABLE KEYS */;
UNLOCK TABLES;

--
-- Table structure for table `ktth_category_ask`
--

DROP TABLE IF EXISTS `ktth_category_ask`;
/*!40101 SET @saved_cs_client     = @@character_set_client */;
/*!40101 SET character_set_client = utf8 */;
CREATE TABLE `ktth_category_ask` (
  `id` int(11) NOT NULL AUTO_INCREMENT,
  `name` varchar(50) COLLATE utf8_unicode_ci NOT NULL,
  `order` int(11) NOT NULL,
  `key` varchar(250) COLLATE utf8_unicode_ci NOT NULL,
  PRIMARY KEY (`id`)
) ENGINE=InnoDB AUTO_INCREMENT=3 DEFAULT CHARSET=utf8 COLLATE=utf8_unicode_ci;
/*!40101 SET character_set_client = @saved_cs_client */;

--
-- Dumping data for table `ktth_category_ask`
--

LOCK TABLES `ktth_category_ask` WRITE;
/*!40000 ALTER TABLE `ktth_category_ask` DISABLE KEYS */;
INSERT INTO `ktth_category_ask` VALUES (1,' Tự Học',2,'tu-hoc'),(2,'Chuyên gia',2,'chuyen-gia');
/*!40000 ALTER TABLE `ktth_category_ask` ENABLE KEYS */;
UNLOCK TABLES;

--
-- Table structure for table `ktth_category_news`
--

DROP TABLE IF EXISTS `ktth_category_news`;
/*!40101 SET @saved_cs_client     = @@character_set_client */;
/*!40101 SET character_set_client = utf8 */;
CREATE TABLE `ktth_category_news` (
  `id` int(11) NOT NULL AUTO_INCREMENT,
  `name` varchar(50) COLLATE utf8_unicode_ci NOT NULL,
  `order` int(11) NOT NULL,
  `key` varchar(250) COLLATE utf8_unicode_ci NOT NULL,
  PRIMARY KEY (`id`)
) ENGINE=InnoDB AUTO_INCREMENT=13 DEFAULT CHARSET=utf8 COLLATE=utf8_unicode_ci;
/*!40101 SET character_set_client = @saved_cs_client */;

--
-- Dumping data for table `ktth_category_news`
--

LOCK TABLES `ktth_category_news` WRITE;
/*!40000 ALTER TABLE `ktth_category_news` DISABLE KEYS */;
INSERT INTO `ktth_category_news` VALUES (11,'Tin Đài PT-TH Vĩnh Long',0,'tin-dai-pt-th-vinh-long'),(12,'Tin Nội Bộ',1,'tin-noi-bo');
/*!40000 ALTER TABLE `ktth_category_news` ENABLE KEYS */;
UNLOCK TABLES;

--
-- Table structure for table `ktth_category_video`
--

DROP TABLE IF EXISTS `ktth_category_video`;
/*!40101 SET @saved_cs_client     = @@character_set_client */;
/*!40101 SET character_set_client = utf8 */;
CREATE TABLE `ktth_category_video` (
  `id` int(11) NOT NULL AUTO_INCREMENT,
  `name` varchar(50) COLLATE utf8_unicode_ci NOT NULL,
  `picture` varchar(128) COLLATE utf8_unicode_ci NOT NULL,
  `order` int(11) NOT NULL,
  `type` int(11) NOT NULL DEFAULT '0',
  `btype` int(11) NOT NULL,
  `key` varchar(250) COLLATE utf8_unicode_ci NOT NULL,
  PRIMARY KEY (`id`)
) ENGINE=InnoDB AUTO_INCREMENT=4 DEFAULT CHARSET=utf8 COLLATE=utf8_unicode_ci;
/*!40101 SET character_set_client = @saved_cs_client */;

--
-- Dumping data for table `ktth_category_video`
--

LOCK TABLES `ktth_category_video` WRITE;
/*!40000 ALTER TABLE `ktth_category_video` DISABLE KEYS */;
INSERT INTO `ktth_category_video` VALUES (1,'Nội bộ','/data/images/logo/tvonline.jpgtvonline.jpg',18,1,0,'noi-bo'),(3,'Hoạt hình','https://lh3.googleusercontent.com/-EjY3-D4cZMc/UZ3HyZ9sNKI/AAAAAAAAACs/uvV5CU7Ox50/s800/Duc-Phat-191.jpg',3,0,0,'hoat-hinh');
/*!40000 ALTER TABLE `ktth_category_video` ENABLE KEYS */;
UNLOCK TABLES;

--
-- Table structure for table `ktth_config`
--

DROP TABLE IF EXISTS `ktth_config`;
/*!40101 SET @saved_cs_client     = @@character_set_client */;
/*!40101 SET character_set_client = utf8 */;
CREATE TABLE `ktth_config` (
  `id` int(11) NOT NULL AUTO_INCREMENT,
  `param` varchar(125) COLLATE utf8_unicode_ci NOT NULL,
  `value` varchar(256) COLLATE utf8_unicode_ci NOT NULL,
  PRIMARY KEY (`id`)
) ENGINE=InnoDB AUTO_INCREMENT=6 DEFAULT CHARSET=utf8 COLLATE=utf8_unicode_ci;
/*!40101 SET character_set_client = @saved_cs_client */;

--
-- Dumping data for table `ktth_config`
--

LOCK TABLES `ktth_config` WRITE;
/*!40000 ALTER TABLE `ktth_config` DISABLE KEYS */;
INSERT INTO `ktth_config` VALUES (1,'ROW_PER_PAGE','20'),(5,'GUEST_VISIT','3084');
/*!40000 ALTER TABLE `ktth_config` ENABLE KEYS */;
UNLOCK TABLES;

--
-- Table structure for table `ktth_guest`
--

DROP TABLE IF EXISTS `ktth_guest`;
/*!40101 SET @saved_cs_client     = @@character_set_client */;
/*!40101 SET character_set_client = utf8 */;
CREATE TABLE `ktth_guest` (
  `id` int(11) NOT NULL AUTO_INCREMENT,
  `ip` varchar(16) CHARACTER SET latin1 NOT NULL,
  `entry_time` varchar(32) CHARACTER SET latin1 NOT NULL,
  `exit_time` varchar(32) CHARACTER SET latin1 NOT NULL,
  `agent` varchar(16) CHARACTER SET latin1 NOT NULL,
  PRIMARY KEY (`id`)
) ENGINE=InnoDB AUTO_INCREMENT=6884 DEFAULT CHARSET=utf8;
/*!40101 SET character_set_client = @saved_cs_client */;

--
-- Dumping data for table `ktth_guest`
--

LOCK TABLES `ktth_guest` WRITE;
/*!40000 ALTER TABLE `ktth_guest` DISABLE KEYS */;
INSERT INTO `ktth_guest` VALUES (6883,'113.161.196.216','1396850506','1396854106','113.161.196.216');
/*!40000 ALTER TABLE `ktth_guest` ENABLE KEYS */;
UNLOCK TABLES;

--
-- Table structure for table `ktth_news`
--

DROP TABLE IF EXISTS `ktth_news`;
/*!40101 SET @saved_cs_client     = @@character_set_client */;
/*!40101 SET character_set_client = utf8 */;
CREATE TABLE `ktth_news` (
  `id` int(11) NOT NULL AUTO_INCREMENT,
  `id_category` int(11) DEFAULT NULL,
  `author` varchar(50) NOT NULL,
  `date` timestamp NOT NULL DEFAULT CURRENT_TIMESTAMP,
  `content` longtext NOT NULL,
  `title` text NOT NULL,
  `type` int(11) NOT NULL DEFAULT '0',
  `key` varchar(250) NOT NULL,
  PRIMARY KEY (`id`),
  KEY `foreign_field` (`id_category`),
  CONSTRAINT `ktth_news_1` FOREIGN KEY (`id_category`) REFERENCES `ktth_category_news` (`id`) ON DELETE CASCADE ON UPDATE CASCADE
) ENGINE=InnoDB AUTO_INCREMENT=22 DEFAULT CHARSET=utf8;
/*!40101 SET character_set_client = @saved_cs_client */;

--
-- Dumping data for table `ktth_news`
--

LOCK TABLES `ktth_news` WRITE;
/*!40000 ALTER TABLE `ktth_news` DISABLE KEYS */;
INSERT INTO `ktth_news` VALUES (7,12,'Nhiên Như - Quảng Tánh','2013-12-06 03:45:00','<p>\r\n	<iframe height=\"412\" id=\"mediaspace\" scrolling=\"no\" src=\"http://thvl.vn/jwplayer/?l=http://media1.thvl.vn/Media_upload/Video/VoToiLaSo1/2013/VTLS10112.mp4&amp;i=&amp;w=514&amp;h=412&amp;a=1\" style=\"list-style: none; margin: 0px; padding: 0px; border-width: 0px; color: rgb(0, 0, 0); font-family: arial; font-size: 14px; text-align: -webkit-center; overflow: hidden;\" width=\"514\"></iframe></p>\r\n<div>\r\n	&nbsp;</div>\r\n','Vợ tôi là số 1 (01/12/2013)',0,'vo-toi-la-so-1-01122013-7'),(10,11,'Nhiên Như - Quảng Tánh','2013-12-06 03:43:00','<p style=\"list-style: none; margin: 0px 0px 10px; padding: 0px; color: rgb(0, 0, 0); font-family: arial; font-size: 14px; text-align: justify;\">\r\n	<strong style=\"list-style: none; margin: 0px; padding: 0px;\">V&agrave;o m&ugrave;a xu&acirc;n, người ta lu&ocirc;n lu&ocirc;n cắm một c&agrave;nh hoa mận để trang tr&iacute; tại hốc tường Tokonoma &ndash; nơi quan trọng trong tr&agrave; thất. Theo quan niệm của người Nhật, hoa mận tạo cảm gi&aacute;c ấm &aacute;p v&agrave; gợi cho kh&aacute;ch thưởng tr&agrave; về những điều tốt đẹp, về sức sống đang trỗi dậy của m&ugrave;a xu&acirc;n.</strong></p>\r\n<p style=\"list-style: none; margin: 0px 0px 10px; padding: 0px; color: rgb(0, 0, 0); font-family: arial; font-size: 14px; text-align: justify;\">\r\n	Trong tiệc tr&agrave;, kh&aacute;ch cũng được mời d&ugrave;ng b&aacute;nh ngọt, trong đ&oacute; kh&ocirc;ng thể thiếu loại b&aacute;nh m&ocirc; phỏng h&igrave;nh d&aacute;ng của hoa mận.</p>\r\n<p style=\"list-style: none; margin: 0px 0px 10px; padding: 0px; color: rgb(0, 0, 0); font-family: arial; font-size: 14px; text-align: center;\">\r\n	<a href=\"http://thvl.vn/wp-content/uploads/2013/12/plum8.jpg\" style=\"list-style: none; text-decoration: none; margin: 0px; padding: 0px; color: rgb(0, 51, 153); border: 0px;\"><img alt=\"\" class=\"alignnone size-full wp-image-329460\" height=\"306\" src=\"http://thvl.vn/wp-content/uploads/2013/12/plum8.jpg\" style=\"list-style: none; margin: 0px; padding: 0px; border: none;\" width=\"450\" /></a></p>\r\n<p style=\"list-style: none; margin: 0px 0px 10px; padding: 0px; color: rgb(0, 0, 0); font-family: arial; font-size: 14px; text-align: center;\">\r\n	<img alt=\"\" src=\"http://thvl.vn/wp-content/uploads/2013/12/plum18.jpg\" style=\"list-style: none; margin: 0px; padding: 0px; width: 450px; height: 271px;\" /></p>\r\n<p style=\"list-style: none; margin: 0px 0px 10px; padding: 0px; color: rgb(0, 0, 0); font-family: arial; font-size: 14px; text-align: center;\">\r\n	<span style=\"list-style: none; margin: 0px; padding: 0px; font-size: 12px;\"><span style=\"list-style: none; margin: 0px; padding: 0px; color: rgb(128, 0, 0);\">B&aacute;nh ngọt m&ocirc; phỏng h&igrave;nh hoa mận</span></span></p>\r\n<p style=\"list-style: none; margin: 0px 0px 10px; padding: 0px; color: rgb(0, 0, 0); font-family: arial; font-size: 14px; text-align: justify;\">\r\n	Kh&iacute; hậu của Nhật Bản c&oacute; 4 m&ugrave;a r&otilde; rệt, người Nhật d&ugrave;ng h&igrave;nh ảnh của một lo&agrave;i thực vật hay động vật l&agrave;m đại diện cho từng m&ugrave;a. Trang phục c&oacute; h&igrave;nh trang tr&iacute; hoa mận th&iacute;ch hợp để mặc v&agrave;o m&ugrave;a xu&acirc;n. Đối với những chiếc kimono nền đỏ, h&igrave;nh ảnh hoa mận trắng gi&uacute;p chiếc &aacute;o trở n&ecirc;n nổi bật. Ở đ&acirc;y, người ta kh&ocirc;ng vẽ hoa văn tr&ecirc;n &aacute;o m&agrave; sử dụng kỹ thuật th&ecirc;u thủ c&ocirc;ng.</p>\r\n<p style=\"list-style: none; margin: 0px 0px 10px; padding: 0px; color: rgb(0, 0, 0); font-family: arial; font-size: 14px; text-align: center;\">\r\n	<img alt=\"\" src=\"http://thvl.vn/wp-content/uploads/2013/12/plum10.jpg\" style=\"list-style: none; margin: 0px; padding: 0px; width: 450px; height: 675px;\" /></p>\r\n<p style=\"list-style: none; margin: 0px 0px 10px; padding: 0px; color: rgb(0, 0, 0); font-family: arial; font-size: 14px; text-align: center;\">\r\n	<img alt=\"\" src=\"http://thvl.vn/wp-content/uploads/2013/12/plum9.jpg\" style=\"list-style: none; margin: 0px; padding: 0px; width: 450px; height: 299px;\" /></p>\r\n<p style=\"list-style: none; margin: 0px 0px 10px; padding: 0px; color: rgb(0, 0, 0); font-family: arial; font-size: 14px; text-align: center;\">\r\n	<span style=\"list-style: none; margin: 0px; padding: 0px; font-size: 12px;\"><span style=\"list-style: none; margin: 0px; padding: 0px; color: rgb(128, 0, 0);\">Trang phục v&agrave; phụ kiện d&agrave;nh cho nữ giới mang h&igrave;nh ảnh hoa mận</span></span></p>\r\n<p style=\"list-style: none; margin: 0px 0px 10px; padding: 0px; color: rgb(0, 0, 0); font-family: arial; font-size: 14px; text-align: center;\">\r\n	<img alt=\"\" src=\"http://thvl.vn/wp-content/uploads/2013/12/plum11.jpg\" style=\"list-style: none; margin: 0px; padding: 0px; width: 450px; height: 336px;\" /></p>\r\n<p style=\"list-style: none; margin: 0px 0px 10px; padding: 0px; color: rgb(0, 0, 0); font-family: arial; font-size: 14px; text-align: center;\">\r\n	<span style=\"list-style: none; margin: 0px; padding: 0px; font-size: 12px;\"><span style=\"list-style: none; margin: 0px; padding: 0px; color: rgb(128, 0, 0);\">Hoa mận hiện diện tr&ecirc;n b&igrave;nh tr&agrave; bằng gốm</span></span></p>\r\n<p style=\"list-style: none; margin: 0px 0px 10px; padding: 0px; color: rgb(0, 0, 0); font-family: arial; font-size: 14px; text-align: justify;\">\r\n	C&acirc;y mận được trồng tại Nhật Bản c&aacute;ch nay khoảng 2 ng&agrave;n năm, n&oacute; được du nhập từ Trung Quốc c&ugrave;ng với c&acirc;y l&uacute;a nước. Giới khoa học đ&atilde; x&aacute;c nhận điều n&agrave;y khi họ t&igrave;m thấy nhiều mẫu h&oacute;a thạch c&oacute; li&ecirc;n quan đến c&acirc;y mận tại c&aacute;c địa điểm khảo cổ tr&ecirc;n khắp Nhật Bản.</p>\r\n<p style=\"list-style: none; margin: 0px 0px 10px; padding: 0px; color: rgb(0, 0, 0); font-family: arial; font-size: 14px; text-align: justify;\">\r\n	C&acirc;y mận được cho l&agrave; c&oacute; vai tr&ograve; quan trọng trong đời sống của người xưa, họ trồng ch&uacute;ng để l&agrave;m thực phẩm. Tr&aacute;i mận d&ugrave;ng để l&agrave;m gia vị v&agrave; l&agrave;m thuốc chữa bệnh. Người ta phơi kh&ocirc; những tr&aacute;i mận ch&iacute;n, bảo quản ch&uacute;ng cẩn thận để sử dụng dần trong năm. Mận kh&ocirc; c&oacute; t&aacute;c dụng tốt trong c&aacute;c b&agrave;i thuốc điều trị ho, giảm đau hay cảm mạo.</p>\r\n<p style=\"list-style: none; margin: 0px 0px 10px; padding: 0px; color: rgb(0, 0, 0); font-family: arial; font-size: 14px; text-align: center;\">\r\n	<img alt=\"\" src=\"http://thvl.vn/wp-content/uploads/2013/12/plum7.jpg\" style=\"list-style: none; margin: 0px; padding: 0px; width: 450px; height: 301px;\" /></p>\r\n<p style=\"list-style: none; margin: 0px 0px 10px; padding: 0px; color: rgb(0, 0, 0); font-family: arial; font-size: 14px; text-align: center;\">\r\n	<span style=\"list-style: none; margin: 0px; padding: 0px; font-size: 12px;\"><span style=\"list-style: none; margin: 0px; padding: 0px; color: rgb(128, 0, 0);\">Tr&aacute;i mận được d&ugrave;ng l&agrave;m gia vị v&agrave; thuốc chữa bệnh</span></span></p>\r\n<p style=\"list-style: none; margin: 0px 0px 10px; padding: 0px; color: rgb(0, 0, 0); font-family: arial; font-size: 14px; text-align: justify;\">\r\n	L&uacute;c đầu, hoa mận &iacute;t được mọi người để &yacute; đến. M&atilde;i đến thời Nara, thế kỷ thứ 8, lĩnh vực văn học, thơ ca của Nhật Bản ph&aacute;t triển mạnh mẽ trong giới qu&yacute; tộc, người ta bắt đầu cảm nhận vẻ đẹp của lo&agrave;i hoa n&agrave;y.</p>\r\n<p style=\"list-style: none; margin: 0px 0px 10px; padding: 0px; color: rgb(0, 0, 0); font-family: arial; font-size: 14px; text-align: justify;\">\r\n	C&ugrave;ng với hoa đ&agrave;o, hoa c&uacute;c l&agrave; những lo&agrave;i hoa cao qu&yacute;, hoa mận trở th&agrave;nh đề t&agrave;i trong thi ca. C&aacute;c tuyển tập thơ nổi tiếng l&uacute;c bấy giờ tr&agrave;n ngập h&igrave;nh ảnh của lo&agrave;i hoa n&agrave;y.</p>\r\n<p style=\"list-style: none; margin: 0px 0px 10px; padding: 0px; color: rgb(0, 0, 0); font-family: arial; font-size: 14px; text-align: justify;\">\r\n	Đến thời Chiến quốc Sengoku, tr&aacute;i mận một lần nữa l&agrave;m phong ph&uacute; cho nền ẩm thực Nhật Bản với sự ra đời của m&oacute;n mận muối umeboshi. Mận muối v&agrave; lương thực l&agrave; nguồn thức ăn quan trọng của c&aacute;c binh sĩ. Mận umeboshi bảo quản được l&acirc;u v&agrave; c&oacute; thể mang theo ra chiến trường d&agrave;i ng&agrave;y, ngo&agrave;i ra n&oacute; c&ograve;n c&oacute; t&aacute;c dụng chữa bệnh đối với những binh sĩ bị thương hay mắc phải bệnh tật.</p>\r\n<p style=\"list-style: none; margin: 0px 0px 10px; padding: 0px; color: rgb(0, 0, 0); font-family: arial; font-size: 14px; text-align: center;\">\r\n	<img alt=\"\" src=\"http://thvl.vn/wp-content/uploads/2013/12/plum12.jpg\" style=\"list-style: none; margin: 0px; padding: 0px; width: 450px; height: 266px;\" /></p>\r\n<p style=\"list-style: none; margin: 0px 0px 10px; padding: 0px; color: rgb(0, 0, 0); font-family: arial; font-size: 14px; text-align: center;\">\r\n	<img alt=\"\" src=\"http://thvl.vn/wp-content/uploads/2013/12/plum13.jpg\" style=\"list-style: none; margin: 0px; padding: 0px; width: 450px; height: 338px;\" /></p>\r\n<p style=\"list-style: none; margin: 0px 0px 10px; padding: 0px; color: rgb(0, 0, 0); font-family: arial; font-size: 14px; text-align: center;\">\r\n	<img alt=\"\" src=\"http://thvl.vn/wp-content/uploads/2013/12/plum16.jpg\" style=\"list-style: none; margin: 0px; padding: 0px; width: 450px; height: 338px;\" /></p>\r\n<p style=\"list-style: none; margin: 0px 0px 10px; padding: 0px; color: rgb(0, 0, 0); font-family: arial; font-size: 14px; text-align: center;\">\r\n	<span style=\"list-style: none; margin: 0px; padding: 0px; font-size: 12px;\"><span style=\"list-style: none; margin: 0px; padding: 0px; color: rgb(128, 0, 0);\">M&oacute;n mận muối c&oacute; mặt trong tất cả mọi gia đ&igrave;nh Nhật Bản v&agrave; trở th&agrave;nh m&oacute;n ăn quen thuộc nhất</span></span></p>\r\n<p style=\"list-style: none; margin: 0px 0px 10px; padding: 0px; color: rgb(0, 0, 0); font-family: arial; font-size: 14px; text-align: justify;\">\r\n	Kh&ocirc;ng chỉ l&agrave; thực phẩm hữu dụng trong thời chiến, mận muối umeboshi đ&atilde; được người d&acirc;n sử dụng rộng r&atilde;i sau n&agrave;y. Hiện nay, n&oacute; l&agrave; 1 trong những m&oacute;n ăn điển h&igrave;nh của Nhật Bản.</p>\r\n<p style=\"list-style: none; margin: 0px 0px 10px; padding: 0px; color: rgb(0, 0, 0); font-family: arial; font-size: 14px; text-align: justify;\">\r\n	Thời kỳ nội chiến Sengoku kết th&uacute;c, người d&acirc;n Nhật Bản hưởng cuộc sống th&aacute;i b&igrave;nh dưới thời Edo. Ch&iacute;nh quyền Mạc Phủ l&uacute;c bấy giờ ra lệnh mở rộng c&aacute;c khu vườn trồng mận tr&ecirc;n khắp cả nước như một c&aacute;ch để t&ocirc;n vinh lo&agrave;i c&acirc;y n&agrave;y.</p>\r\n<p style=\"list-style: none; margin: 0px 0px 10px; padding: 0px; color: rgb(0, 0, 0); font-family: arial; font-size: 14px; text-align: justify;\">\r\n	Mận muối trở th&agrave;nh m&oacute;n ăn phổ biến trong đời sống h&agrave;ng ng&agrave;y của người Nhật, cả đối với tầng lớp thượng lưu lẫn d&acirc;n thường. Sau chiến tranh thế giới thứ 2, h&igrave;nh ảnh quả mận muối được xem như biểu tượng của tinh thần Nhật Bản. Học sinh được r&egrave;n luyện &yacute; ch&iacute; vượt kh&oacute; bằng những bữa cơm trắng ăn k&egrave;m chỉ với 1 quả mận muối.</p>\r\n<p style=\"list-style: none; margin: 0px 0px 10px; padding: 0px; color: rgb(0, 0, 0); font-family: arial; font-size: 14px; text-align: center;\">\r\n	<img alt=\"\" src=\"http://thvl.vn/wp-content/uploads/2013/12/plum14.jpg\" style=\"list-style: none; margin: 0px; padding: 0px; width: 450px; height: 338px;\" /></p>\r\n<p style=\"list-style: none; margin: 0px 0px 10px; padding: 0px; color: rgb(0, 0, 0); font-family: arial; font-size: 14px; text-align: center;\">\r\n	<img alt=\"\" src=\"http://thvl.vn/wp-content/uploads/2013/12/plum15.jpg\" style=\"list-style: none; margin: 0px; padding: 0px; width: 450px; height: 320px;\" /></p>\r\n<p style=\"list-style: none; margin: 0px 0px 10px; padding: 0px; color: rgb(0, 0, 0); font-family: arial; font-size: 14px; text-align: center;\">\r\n	<span style=\"list-style: none; margin: 0px; padding: 0px; font-size: 12px;\"><span style=\"list-style: none; margin: 0px; padding: 0px; color: rgb(128, 0, 0);\">Những bữa cơm trắng đi k&egrave;m với 1 quả mận muối l&agrave; c&aacute;ch m&agrave; người Nhật</span></span></p>\r\n<p style=\"list-style: none; margin: 0px 0px 10px; padding: 0px; color: rgb(0, 0, 0); font-family: arial; font-size: 14px; text-align: center;\">\r\n	<span style=\"list-style: none; margin: 0px; padding: 0px; font-size: 12px;\"><span style=\"list-style: none; margin: 0px; padding: 0px; color: rgb(128, 0, 0);\">r&egrave;n luyện tinh thần v&agrave; &yacute; ch&iacute; vượt kh&oacute;</span></span></p>\r\n<p style=\"list-style: none; margin: 0px 0px 10px; padding: 0px; color: rgb(0, 0, 0); font-family: arial; font-size: 14px; text-align: justify;\">\r\n	Nhiều người c&ograve;n trang tr&iacute; hộp cơm trưa của m&igrave;nh bằng c&aacute;ch đặt một quả mận muối umeboshi m&agrave;u đỏ l&ecirc;n giữa phần cơm trắng để thể hiện h&igrave;nh ảnh quốc kỳ của nước Nhật.<br style=\"list-style: none; margin: 0px; padding: 0px;\" />\r\n	Ng&agrave;y nay, người Nhật c&oacute; nhiều sự lựa chọn trong việc ăn uống khi c&aacute;c m&oacute;n ăn phương T&acirc;y du nhập mạnh mẽ v&agrave;o nước n&agrave;y. Tuy nhi&ecirc;n, trong bữa ăn của hầu hết c&aacute;c gia đ&igrave;nh, những quả mặn muối c&oacute; vị chua lu&ocirc;n l&agrave; sự ưu ti&ecirc;n để hỗ trợ ti&ecirc;u h&oacute;a.</p>\r\n<p style=\"list-style: none; margin: 0px 0px 10px; padding: 0px; color: rgb(0, 0, 0); font-family: arial; font-size: 14px; text-align: justify;\">\r\n	<span style=\"list-style: none; margin: 0px; padding: 0px; color: rgb(0, 0, 128);\">Thanh T&acirc;m</span></p>\r\n','Hoa mận ở xứ Phù Tang – Phần 2',0,'hoa-man-o-xu-phu-tang-phan-2-10'),(11,11,'Nhiên Như - Quảng Tánh','2013-12-06 03:44:00','<p style=\"list-style: none; margin: 0px 0px 10px; padding: 0px; color: rgb(0, 0, 0); font-family: arial; font-size: 14px; text-align: justify;\">\r\n	<strong style=\"list-style: none; margin: 0px; padding: 0px;\">Nhờ trời ph&uacute; cho vẻ ngo&agrave;i hấp dẫn, lo&agrave;i bọ ngựa hoa lan sinh trưởng tự nhi&ecirc;n trong c&aacute;c khu rừng nhiệt đới ở Đ&ocirc;ng Nam &Aacute; c&oacute; sức hấp dẫn với c&ocirc;n tr&ugrave;ng thụ phấn c&ograve;n hơn cả những b&ocirc;ng hoa thực sự.</strong></p>\r\n<p style=\"list-style: none; margin: 0px 0px 10px; padding: 0px; color: rgb(0, 0, 0); font-family: arial; font-size: 14px; text-align: center;\">\r\n	<a href=\"http://thvl.vn/wp-content/uploads/2013/12/Hymenopus-coronatus1.jpg\" style=\"list-style: none; text-decoration: none; margin: 0px; padding: 0px; color: rgb(0, 51, 153); border: 0px;\"><img alt=\"\" class=\"alignnone size-full wp-image-329587\" height=\"298\" src=\"http://thvl.vn/wp-content/uploads/2013/12/Hymenopus-coronatus1.jpg\" style=\"list-style: none; margin: 0px; padding: 0px; border: none;\" width=\"450\" /></a></p>\r\n<p style=\"list-style: none; margin: 0px 0px 10px; padding: 0px; color: rgb(0, 0, 0); font-family: arial; font-size: 14px; text-align: center;\">\r\n	<img alt=\"\" src=\"http://thvl.vn/wp-content/uploads/2013/12/Hymenopus-coronatus2.jpg\" style=\"list-style: none; margin: 0px; padding: 0px; width: 450px; height: 675px;\" /></p>\r\n<p style=\"list-style: none; margin: 0px 0px 10px; padding: 0px; color: rgb(0, 0, 0); font-family: arial; font-size: 14px; text-align: justify;\">\r\n	Lo&agrave;i bọ ngựa hoa lan Hymenopus coronatus tr&ocirc;ng rất giống một b&ocirc;ng hoa, với những chiếc ch&acirc;n c&oacute; h&igrave;nh dạng của c&aacute;nh hoa. Theo c&aacute;c nh&agrave; nghi&ecirc;n cứu, vẻ ngo&agrave;i đặc biệt n&agrave;y đ&atilde; gi&uacute;p bọ ngựa hoa lan kh&ocirc;ng chỉ ẩn n&aacute;u m&agrave; c&ograve;n c&oacute; thể dẫn dụ c&aacute;c con mồi.&nbsp;</p>\r\n<p style=\"list-style: none; margin: 0px 0px 10px; padding: 0px; color: rgb(0, 0, 0); font-family: arial; font-size: 14px; text-align: center;\">\r\n	<img alt=\"\" src=\"http://thvl.vn/wp-content/uploads/2013/12/Hymenopus-coronatus3.jpg\" style=\"list-style: none; margin: 0px; padding: 0px; width: 450px; height: 302px;\" /></p>\r\n<p style=\"list-style: none; margin: 0px 0px 10px; padding: 0px; color: rgb(0, 0, 0); font-family: arial; font-size: 14px; text-align: center;\">\r\n	<img alt=\"\" src=\"http://thvl.vn/wp-content/uploads/2013/12/Hymenopus-coronatus4.jpg\" style=\"list-style: none; margin: 0px; padding: 0px; width: 450px; height: 308px;\" /></p>\r\n<p style=\"list-style: none; margin: 0px 0px 10px; padding: 0px; color: rgb(0, 0, 0); font-family: arial; font-size: 14px; text-align: justify;\">\r\n	Trong thực tế, bọ ngựa hoa lan Hymenopus coronatus thậm ch&iacute; c&ograve;n c&oacute; sức h&uacute;t m&atilde;nh liệt với c&aacute;c c&ocirc;n tr&ugrave;ng hơn một số b&ocirc;ng hoa thực sự, v&igrave; lớp &aacute;o ngo&agrave;i v&ocirc; c&ugrave;ng y&ecirc;u kiều. Nhờ t&agrave;i h&oacute;a trang bậc thầy, bọ ngựa hoa lan c&oacute; thể dễ d&agrave;ng t&oacute;m bắt v&agrave; ăn thịt những động vật đ&oacute;ng vai tr&ograve; thụ phấn cho hoa, chẳng hạn như bướm&hellip;.</p>\r\n<p style=\"list-style: none; margin: 0px 0px 10px; padding: 0px; color: rgb(0, 0, 0); font-family: arial; font-size: 14px; text-align: center;\">\r\n	<img alt=\"\" src=\"http://thvl.vn/wp-content/uploads/2013/12/Hymenopus-coronatus5.jpg\" style=\"list-style: none; margin: 0px; padding: 0px; width: 450px; height: 300px;\" /></p>\r\n<p style=\"list-style: none; margin: 0px 0px 10px; padding: 0px; color: rgb(0, 0, 0); font-family: arial; font-size: 14px; text-align: center;\">\r\n	<img alt=\"\" src=\"http://thvl.vn/wp-content/uploads/2013/12/Hymenopus-coronatus8.jpg\" style=\"list-style: none; margin: 0px; padding: 0px; width: 450px; height: 377px;\" /></p>\r\n<p style=\"list-style: none; margin: 0px 0px 10px; padding: 0px; color: rgb(0, 0, 0); font-family: arial; font-size: 14px; text-align: center;\">\r\n	<img alt=\"\" src=\"http://thvl.vn/wp-content/uploads/2013/12/Hymenopus-coronatus10.jpg\" style=\"list-style: none; margin: 0px; padding: 0px; width: 450px; height: 300px;\" /></p>\r\n<p style=\"list-style: none; margin: 0px 0px 10px; padding: 0px; color: rgb(0, 0, 0); font-family: arial; font-size: 14px; text-align: center;\">\r\n	<img alt=\"\" src=\"http://thvl.vn/wp-content/uploads/2013/12/Hymenopus-coronatus6.jpg\" style=\"list-style: none; margin: 0px; padding: 0px; width: 450px; height: 300px;\" /></p>\r\n<p style=\"list-style: none; margin: 0px 0px 10px; padding: 0px; color: rgb(0, 0, 0); font-family: arial; font-size: 14px; text-align: center;\">\r\n	<img alt=\"\" src=\"http://thvl.vn/wp-content/uploads/2013/12/Hymenopus-coronatus7.jpg\" style=\"list-style: none; margin: 0px; padding: 0px; width: 450px; height: 345px;\" /></p>\r\n<p style=\"list-style: none; margin: 0px 0px 10px; padding: 0px; color: rgb(0, 0, 0); font-family: arial; font-size: 14px; text-align: center;\">\r\n	<img alt=\"\" src=\"http://thvl.vn/wp-content/uploads/2013/12/Hymenopus-coronatus9.jpg\" style=\"list-style: none; margin: 0px; padding: 0px; width: 450px; height: 300px;\" /></p>\r\n<p style=\"list-style: none; margin: 0px 0px 10px; padding: 0px; color: rgb(0, 0, 0); font-family: arial; font-size: 14px; text-align: justify;\">\r\n	<span style=\"list-style: none; margin: 0px; padding: 0px; color: rgb(0, 0, 128);\">Theo&nbsp;<strong style=\"list-style: none; margin: 0px; padding: 0px;\">VNN</strong></span></p>\r\n','Bọ ngựa độc đáo hóa trang thành hoa để săn mồi',0,'bo-ngua-doc-dao-hoa-trang-thanh-hoa-de-san-moi-11'),(19,11,'Theo soha','2013-12-06 03:42:00','<p style=\"list-style: none; margin: 0px 0px 10px; padding: 0px; color: rgb(0, 0, 0); font-family: arial; font-size: 14px; text-align: justify;\">\r\n	<strong style=\"list-style: none; margin: 0px; padding: 0px;\">S&ocirc;ng Niger l&agrave; một trong những con s&ocirc;ng quan trọng ở ph&iacute;a T&acirc;y Ch&acirc;u Phi với chiều d&agrave;i 4470 km. Khu vực sinh sống của bộ tộc Dogon nằm c&aacute;ch lưu vực s&ocirc;ng Niger kh&ocirc;ng xa lắm. Giống như c&aacute;c tộc người kh&aacute;c, họ từng sở hữu một nền văn h&oacute;a truyền thống đậm đ&agrave; bản sắc với v&ocirc; số c&acirc;u chuyện thần thoại th&uacute; vị. Từ xưa, những c&acirc;u chuyện thần thoại của bộ tộc Dogon kh&ocirc;ng hề chịu sự ảnh hưởng từ c&aacute;c nền văn minh kh&aacute;c, nhờ vậy ch&uacute;ng lu&ocirc;n giữ được n&eacute;t ri&ecirc;ng v&agrave; m&agrave;u sắc b&iacute; ẩn.</strong></p>\r\n<div style=\"list-style: none; margin: 0px; padding: 0px; color: rgb(0, 0, 0); font-family: arial; font-size: 14px;\">\r\n	<span style=\"list-style: none; margin: 0px; padding: 0px; text-align: justify;\">Trong thần thoại của bộ tộc Dogon c&oacute; nhắc đến một thần rắn t&ecirc;n l&agrave; Libi v&agrave; họ tin rằng tổ ti&ecirc;n nguy&ecirc;n thủy từng l&agrave; một con rắn thần tinh khiết về linh hồn v&agrave; thể x&aacute;c.&nbsp;Mỗi ng&ocirc;i l&agrave;ng Dogon đều phụng thờ thần rắn Libi. Cứ mỗi 3 năm, người ta tiến h&agrave;nh cắt da qui đầu cho b&eacute; trai ở độ tuổi 15 &ndash; 16. Nghi thức n&agrave;y được tổ chức kh&aacute; long trọng tại nơi đ&acirc;y.&nbsp;</span></div>\r\n<div style=\"list-style: none; margin: 0px; padding: 0px; color: rgb(0, 0, 0); font-family: arial; font-size: 14px;\">\r\n	&nbsp;</div>\r\n<div style=\"list-style: none; margin: 0px; padding: 0px; color: rgb(0, 0, 0); font-family: arial; font-size: 14px;\">\r\n	<span style=\"list-style: none; margin: 0px; padding: 0px; text-align: justify;\">V&aacute;ch đ&aacute; sa thạch l&agrave; nơi lưu giữ nhiều bức tranh trừu tượng của tổ ti&ecirc;n bộ tộc Dogon, trong đ&oacute; nổi bật nhất l&agrave; h&igrave;nh ảnh những chiếc mặt nạ.</span></div>\r\n<p style=\"list-style: none; margin: 0px 0px 10px; padding: 0px; color: rgb(0, 0, 0); font-family: arial; font-size: 14px; text-align: justify;\">\r\n	Với chiều d&agrave;i 150km, cao hơn 500m, v&aacute;ch đ&aacute; Bandiagara l&agrave; một trong những v&aacute;ch đ&aacute; h&ugrave;ng vĩ nhất ở ch&acirc;u Phi. N&oacute; trải d&agrave;i đến tận khu vực sinh sống của bộ tộc Dogon. Tuy v&aacute;ch đ&aacute; Bandiagara thuộc quốc gia Mali, nhưng nhiều cư d&acirc;n địa phương vẫn xem n&oacute; thuộc v&ugrave;ng đất của bộ tộc Dogon.&nbsp;V&aacute;ch đ&aacute; Bandiagara nằm ở v&ugrave;ng ph&iacute;a Nam sa mạc Sahara, đ&acirc;y l&agrave; một khu vực kh&ocirc; cằn với lượng mưa trung b&igrave;nh mỗi năm chỉ khoảng 580 mm. Theo nhiều người, khi sống tr&ecirc;n những v&aacute;ch đ&aacute; sa thạch kh&ocirc; hạn v&agrave; khắc nghiệt như thế, người Dogon sẽ kh&oacute; c&oacute; thể tồn tại. Nhưng thực tế, nền kinh tế của bộ tộc n&agrave;y lại kh&aacute; ph&aacute;t triển, dựa v&agrave;o c&aacute;c hoạt động n&ocirc;ng nghiệp. Người Dogon rất giỏi trong việc canh t&aacute;c, họ chủ yếu trồng c&acirc;y k&ecirc;, l&uacute;a, đậu, c&acirc;y me chua, thuốc l&aacute; v&agrave; h&agrave;nh. B&ecirc;n cạnh đ&oacute;, họ cũng chăn nu&ocirc;i th&ecirc;m cừu, d&ecirc;, b&ograve; v&agrave; một số loại gia cầm.&nbsp;</p>\r\n<p style=\"list-style: none; margin: 0px 0px 10px; padding: 0px; color: rgb(0, 0, 0); font-family: arial; font-size: 14px; text-align: justify;\">\r\n	Cũng như nhiều bộ tộc kh&aacute;c ở lục địa đen, bộ tộc Dogon c&oacute; v&ocirc; số nghi lễ, hoạt động giải tr&iacute; đặc sắc thu h&uacute;t sự quan t&acirc;m của nhiều nh&agrave; nghi&ecirc;n cứu văn h&oacute;a tr&ecirc;n thế giới. Trong đ&oacute; c&oacute; điệu m&uacute;a truyền thống với những chiếc mặt nạ gỗ v&ocirc; c&ugrave;ng ấn tượng v&agrave; kỳ b&iacute;. Khi một người n&agrave;o đ&oacute; của l&agrave;ng qua đời, người Dogon đeo những chiếc mặt nạ gỗ nhảy m&uacute;a trong nh&agrave; người chết. Bởi họ tin rằng linh hồn sẽ hợp nhất với điệu m&uacute;a v&agrave; rời khỏi cơ thể để t&igrave;m kiếm một th&acirc;n thể kh&aacute;c nhập v&agrave;o.</p>\r\n<p style=\"list-style: none; margin: 0px 0px 10px; padding: 0px; color: rgb(0, 0, 0); font-family: arial; font-size: 14px; text-align: justify;\">\r\n	Bộ tộc Dogon lưu truyền nhiều c&acirc;u chuyện thần thoại th&uacute; vị, trong đ&oacute; c&oacute; chuyện một phụ nữ đ&aacute;nh bại một vị thần trong rừng s&acirc;u v&agrave; được sở hữu một chiếc mặt nạ linh hồn. Một nh&oacute;m thanh ni&ecirc;n nọ đ&atilde; đ&aacute;nh cắp chiếc mặt nạ đ&oacute;, rồi th&agrave;nh lập một tổ chức b&iacute; mật v&agrave; chỉ thu nhận những phụ nữ v&agrave;o nh&oacute;m v&agrave; cho họ đeo mặt nạ. Từ đ&oacute;, nhiều cuộc chiến gi&agrave;nh lại chiếc mặt nạ linh hồn đ&atilde; kh&ocirc;ng ngừng xảy ra.</p>\r\n<p style=\"list-style: none; margin: 0px 0px 10px; padding: 0px; color: rgb(0, 0, 0); font-family: arial; font-size: 14px; text-align: center;\">\r\n	<img alt=\"\" src=\"http://thvl.vn/wp-content/uploads/2013/10/Dogon4.jpg\" style=\"list-style: none; margin: 0px; padding: 0px; width: 450px; height: 338px;\" /></p>\r\n<p style=\"list-style: none; margin: 0px 0px 10px; padding: 0px; color: rgb(0, 0, 0); font-family: arial; font-size: 14px; text-align: center;\">\r\n	<img alt=\"\" src=\"http://thvl.vn/wp-content/uploads/2013/10/Dogon6.jpg\" style=\"list-style: none; margin: 0px; padding: 0px; width: 450px; height: 300px;\" /></p>\r\n<p style=\"list-style: none; margin: 0px 0px 10px; padding: 0px; color: rgb(0, 0, 0); font-family: arial; font-size: 14px; text-align: center;\">\r\n	<img alt=\"\" src=\"http://thvl.vn/wp-content/uploads/2013/10/Dogon8.jpg\" style=\"list-style: none; margin: 0px; padding: 0px; width: 450px; height: 300px;\" /></p>\r\n<p style=\"list-style: none; margin: 0px 0px 10px; padding: 0px; color: rgb(0, 0, 0); font-family: arial; font-size: 14px; text-align: justify;\">\r\n	Những chiếc mặt nạ gỗ kh&ocirc;ng thể thiếu trong c&aacute;c lễ hội đầy m&agrave;u sắc ở v&ugrave;ng đ&aacute; sa thạch n&agrave;y, trong đ&oacute; nổi tiếng nhất phải kể đến nghi lễ Sigui. Sự kiện n&agrave;y cứ 60 năm được diễn ra một lần. Người Dogon tổ chức hoạt động quan trọng n&agrave;y để tưởng nhớ v&agrave; biết ơn nguồn gốc tổ ti&ecirc;n của họ.&nbsp;</p>\r\n<p style=\"list-style: none; margin: 0px 0px 10px; padding: 0px; color: rgb(0, 0, 0); font-family: arial; font-size: 14px; text-align: justify;\">\r\n	Cũng theo thần thoại Dogon, nghi lễ Sigui c&oacute; li&ecirc;n hệ mật thiết với sao Sirius trong ch&ograve;m sao Đại Khuyển. Họ tin rằng c&oacute; hai ng&ocirc;i sao Sirius song sinh c&ugrave;ng tồn tại v&agrave; kh&ocirc;ng thể nh&igrave;n thấy bằng mắt thường. V&agrave;o những năm đầu thế kỷ 20, nhiều nh&agrave; thi&ecirc;n văn học tr&ecirc;n thế giới đ&atilde; ph&aacute;t hiện ra sao Sirius kh&ocirc;ng phải là ng&ocirc;i sao đơn lẻ m&agrave; thực ch&acirc;́t đó là m&ocirc;̣t h&ecirc;̣ thống sao k&eacute;p là Sirius A v&agrave; Sirius B. Người thời nay rất kh&acirc;m phục khả năng hiểu biết kỳ lạ về thi&ecirc;n văn, vũ trụ của người Dogon xưa.</p>\r\n<p style=\"list-style: none; margin: 0px 0px 10px; padding: 0px; color: rgb(0, 0, 0); font-family: arial; font-size: 14px; text-align: justify;\">\r\n	Mặt nạ được đục đẽo từ c&agrave;nh của một th&acirc;n c&acirc;y to được thiết kế theo một đường thẳng, nhằm thể hiện sự kết nối &aacute;nh mặt trời với tr&aacute;i đất. Mặt nạ của người Dogon c&oacute; hơn 70 loại kh&aacute;c nhau, chẳng hạn như mặt nạ h&igrave;nh chữ nhật, mặt nạ thẳng đứng hay mặt nạ c&oacute; mắt h&igrave;nh tam gi&aacute;c với hai chiếc sừng d&agrave;i&hellip;</p>\r\n<p style=\"list-style: none; margin: 0px 0px 10px; padding: 0px; color: rgb(0, 0, 0); font-family: arial; font-size: 14px; text-align: center;\">\r\n	<img alt=\"\" src=\"http://thvl.vn/wp-content/uploads/2013/10/Dogon7.jpg\" style=\"list-style: none; margin: 0px; padding: 0px; width: 450px; height: 300px;\" /></p>\r\n<p style=\"list-style: none; margin: 0px 0px 10px; padding: 0px; color: rgb(0, 0, 0); font-family: arial; font-size: 14px; text-align: justify;\">\r\n	Mỗi loại mặt nạ đ&atilde; t&aacute;i hiện sinh động nguồn gốc v&agrave; lịch sử của bộ tộc Dogon. Động t&aacute;c m&uacute;a mặt nạ của họ nhanh v&agrave; gi&agrave;u cảm x&uacute;c hơn bất cứ điệu m&uacute;a n&agrave;o. Mặt nạ của người Dogon c&ograve;n mang &yacute; nghĩa linh thi&ecirc;ng tương tự như nghi thức m&uacute;a mặt nạ. Đặc biệt, khi kết th&uacute;c m&ugrave;a lễ hội v&agrave; c&aacute;c nghi lễ, những chiếc mặt nạ được bảo quản v&agrave; cất giữ cẩn thận tr&ecirc;n những hang động nằm t&iacute;t cao tr&ecirc;n v&aacute;ch đ&aacute;, tr&aacute;nh để người kh&aacute;c nh&igrave;n thấy hay chạm tay v&agrave;o.</p>\r\n<p style=\"list-style: none; margin: 0px 0px 10px; padding: 0px; color: rgb(0, 0, 0); font-family: arial; font-size: 14px; text-align: justify;\">\r\n	Điệu m&uacute;a với mặt nạ gỗ thường do một nh&oacute;m thanh ni&ecirc;n trai tr&aacute;ng của bộ tộc Dogon đảm nhận. Những người lớn tuổi trong l&agrave;ng phụ tr&aacute;ch việc truyền dạy những điệu m&uacute;a truyền thống cho c&aacute;c thế hệ trẻ.</p>\r\n<p style=\"list-style: none; margin: 0px 0px 10px; padding: 0px; color: rgb(0, 0, 0); font-family: arial; font-size: 14px; text-align: justify;\">\r\n	Trong c&aacute;c lễ hội truyền thống hay nghi lễ li&ecirc;n quan đến n&ocirc;ng nghiệp như cầu mưa, cầu cho m&ugrave;a m&agrave;ng bội thu, những thanh ni&ecirc;n sẽ đeo mặt nạ nhảy m&uacute;a c&ograve;n những cụ gi&agrave; lớn tuổi biểu diễn nhạc cụ v&agrave; ca h&aacute;t, tạo n&ecirc;n một bầu kh&ocirc;ng kh&iacute; v&ocirc; c&ugrave;ng s&ocirc;i động.</p>\r\n<p style=\"list-style: none; margin: 0px 0px 10px; padding: 0px; color: rgb(0, 0, 0); font-family: arial; font-size: 14px; text-align: justify;\">\r\n	Khu vực sinh sống của bộ tộc Dogon được chia l&agrave;m ba v&ugrave;ng địa l&yacute; kh&aacute;c nhau l&agrave; đồng bằng, cao nguy&ecirc;n v&agrave; tr&ecirc;n c&aacute;c v&aacute;ch đ&aacute; cheo leo. Cả bộ tộc c&oacute; khoảng v&agrave;i trăm ng&ocirc;i l&agrave;ng, mỗi l&agrave;ng c&oacute; khoảng 500 cư d&acirc;n. Tuy sống ở ba v&ugrave;ng địa l&yacute; kh&aacute;c nhau nhưng c&aacute;c ng&ocirc;i l&agrave;ng ở đ&acirc;y c&oacute; mối li&ecirc;n kết chặt chẽ với nhau.</p>\r\n<p style=\"list-style: none; margin: 0px 0px 10px; padding: 0px; color: rgb(0, 0, 0); font-family: arial; font-size: 14px; text-align: justify;\">\r\n	Nh&agrave; của người Dogon được x&acirc;y đấp bằng một loại b&ugrave;n đặc qu&aacute;nh. Ch&uacute;ng c&oacute; kiến tr&uacute;c rất độc đ&aacute;o với m&aacute;i l&aacute;, nh&igrave;n như những t&uacute;p lều tranh mọc san s&aacute;t nhau. Ph&iacute;a trước mỗi nh&agrave; c&oacute; đặt một số bức tượng được chạm trỗ kh&aacute; tinh xảo. Ch&uacute;ng đ&atilde; phần n&agrave;o thể hiện được cuộc sống, hoạt động nghệ thuật, sự kh&eacute;o l&eacute;o của nghệ nh&acirc;n Dogon.</p>\r\n<p style=\"list-style: none; margin: 0px 0px 10px; padding: 0px; color: rgb(0, 0, 0); font-family: arial; font-size: 14px; text-align: center;\">\r\n	<a href=\"http://thvl.vn/wp-content/uploads/2013/10/Dogon1.jpg\" style=\"list-style: none; text-decoration: none; margin: 0px; padding: 0px; color: rgb(0, 51, 153); border: 0px;\"><img alt=\"\" class=\"alignnone size-full wp-image-312366\" height=\"338\" src=\"http://thvl.vn/wp-content/uploads/2013/10/Dogon1.jpg\" style=\"list-style: none; margin: 0px; padding: 0px; border: none;\" width=\"450\" /></a></p>\r\n<p style=\"list-style: none; margin: 0px 0px 10px; padding: 0px; color: rgb(0, 0, 0); font-family: arial; font-size: 14px; text-align: center;\">\r\n	<img alt=\"\" src=\"http://thvl.vn/wp-content/uploads/2013/10/Dogon2.jpg\" style=\"list-style: none; margin: 0px; padding: 0px; width: 450px; height: 338px;\" /></p>\r\n<p style=\"list-style: none; margin: 0px 0px 10px; padding: 0px; color: rgb(0, 0, 0); font-family: arial; font-size: 14px; text-align: center;\">\r\n	<img alt=\"\" src=\"http://thvl.vn/wp-content/uploads/2013/10/Dogon3.jpg\" style=\"list-style: none; margin: 0px; padding: 0px; width: 450px; height: 338px;\" /></p>\r\n<p style=\"list-style: none; margin: 0px 0px 10px; padding: 0px; color: rgb(0, 0, 0); font-family: arial; font-size: 14px; text-align: justify;\">\r\n	Ph&aacute;p sư được gọi l&agrave; Hogon, l&agrave; người c&oacute; quyền h&agrave;nh tối cao trong văn h&oacute;a người Dogon. Nh&agrave; của ph&aacute;p sư được x&acirc;y dựng đẹp v&agrave; ki&ecirc;n cố hơn so với c&aacute;c ng&ocirc;i nh&agrave; kh&aacute;c trong l&agrave;ng. Ph&aacute;p sư l&agrave; người được chọn lựa từ c&aacute;c vị trưởng bối c&oacute; uy t&iacute;n của l&agrave;ng. Theo quy định, sau khi trở th&agrave;nh Hogon, người được chọn chỉ mặt trang phục m&agrave;u trắng, kh&ocirc;ng được cạo r&acirc;u, tắm gội v&agrave; kh&ocirc;ng tiếp x&uacute;c với mọi người trong khoảng v&agrave;i th&aacute;ng.</p>\r\n<p style=\"list-style: none; margin: 0px 0px 10px; padding: 0px; color: rgb(0, 0, 0); font-family: arial; font-size: 14px; text-align: justify;\">\r\n	Ph&aacute;p sư c&oacute; quyền h&agrave;nh cao nhất ở mỗi ng&ocirc;i l&agrave;ng v&agrave; c&oacute; vai tr&ograve; như một người cầm c&acirc;n nảy mực mang lại sự c&ocirc;ng bằng giữa c&aacute;c th&agrave;nh vi&ecirc;n trong bộ tộc. &Ocirc;ng ấy được cho l&agrave; người c&oacute; khả năng cầu mưa, gọi gi&oacute; khi m&ugrave;a m&agrave;ng kh&ocirc; hạn.</p>\r\n<p style=\"list-style: none; margin: 0px 0px 10px; padding: 0px; color: rgb(0, 0, 0); font-family: arial; font-size: 14px; text-align: justify;\">\r\n	Ng&agrave;y nay, nhiều du kh&aacute;ch đến đ&acirc;y lu&ocirc;n tự hỏi tại sao người Dogon phải x&acirc;y dựng nh&agrave; ở những vị tr&iacute; ch&ecirc;nh v&ecirc;nh, cao ch&oacute;t v&oacute;t như thế v&agrave; l&agrave;m c&aacute;ch n&agrave;o m&agrave; họ l&agrave;m được điều đ&oacute;. Nh&igrave;n từ xa, những ng&ocirc;i nh&agrave; của người d&acirc;n nơi đ&acirc;y như một bức tranh đi&ecirc;u khắc tuyệt đẹp tr&ecirc;n nền đ&aacute; sa thạch. Từng bị c&ocirc; lập khỏi thế giới văn minh do nằm trọn vẹn tr&ecirc;n một cao nguy&ecirc;n đ&aacute; hẻo l&aacute;nh, nhưng x&atilde; hội, kiến tr&uacute;c nh&agrave; cửa v&agrave; cuộc sống tinh thần của cư d&acirc;n ở đ&acirc;y vẫn ph&aacute;t triển một c&aacute;ch độc đ&aacute;o.</p>\r\n<p style=\"list-style: none; margin: 0px 0px 10px; padding: 0px; color: rgb(0, 0, 0); font-family: arial; font-size: 14px; text-align: justify;\">\r\n	Theo nhiều nh&agrave; nghi&ecirc;n cứu văn h&oacute;a tr&ecirc;n thế giới, c&aacute;c loại mặt nạ của bộ tộc Dogon tuy nay kh&ocirc;ng c&ograve;n mang t&iacute;nh chất linh li&ecirc;ng như xưa, nhưng những điều b&iacute; ẩn sau chiếc mặt nạ truyền thống của người Dogon vẫn lu&ocirc;n l&agrave; một đề t&agrave;i nghi&ecirc;n cứu th&uacute; vị đối với c&aacute;c nh&agrave; khoa học v&agrave; n&oacute; đ&atilde; trở th&agrave;nh một phần quan trọng trong đời sống văn h&oacute;a của nh&acirc;n loại.</p>\r\n<p style=\"list-style: none; margin: 0px 0px 10px; padding: 0px; color: rgb(0, 0, 0); font-family: arial; font-size: 14px; text-align: justify;\">\r\n	<span style=\"list-style: none; margin: 0px; padding: 0px; color: rgb(0, 0, 128);\">Hồng Mẫn</span></p>\r\n','Những chiếc mặt nạ truyền thống – Phần 1',0,'nhung-chiec-mat-na-truyen-thong-phan-1-19'),(20,11,'Theo The Daily Star','2013-12-06 03:31:00','<script type=\'text/javascript\' src=\'http://thvl.vn/swfobject.js\'></script>\r\n<center>\r\n	<p style=\"list-style: none; margin: 0px 0px 10px; padding: 0px; color: rgb(0, 0, 0); font-family: arial; font-size: 14px;\">\r\n		C&aacute;c trường hợp vi phạm chủ yếu l&agrave; vận chuyển, kinh doanh thuốc l&aacute; ngoại, đường c&aacute;t, bia nhập lậu; vi phạm về ghi nh&atilde;n h&agrave;ng h&oacute;a của mỹ phẩm, vải sợi, thực phẩm. Ngo&agrave;i ra, c&ograve;n c&oacute; một số vụ vi phạm về ni&ecirc;m yết gi&aacute; h&agrave;ng h&oacute;a, sử dụng c&acirc;n đồng hồ c&oacute; tem kiểm định hết hạn;&hellip;</p>\r\n	<p style=\"list-style: none; margin: 0px 0px 10px; padding: 0px; color: rgb(0, 0, 0); font-family: arial; font-size: 14px;\">\r\n		&nbsp;</p>\r\n	<p>\r\n		&nbsp;</p>\r\n	<center style=\"list-style: none; margin: 0px; padding: 0px; color: rgb(0, 0, 0); font-family: arial; font-size: 14px;\">\r\n		<p>\r\n			<iframe height=\"412\" scrolling=\"no\" src=\"http://thvl.vn/jwplayer/?l=http://media1.thvl.vn/Media_upload/Video/ThoiSu/2013/BatTlau.mp4&amp;i=&amp;w=514&amp;h=412&amp;a=0\" style=\"list-style: none; margin: 0px; padding: 0px; border-width: 0px; overflow: hidden;\" width=\"514\"></iframe></p>\r\n	</center>\r\n</center>\r\n','Chi cục Quản lý thị trường tỉnh lập biên bản xử lý 52 vụ vi phạm',0,'chi-cuc-quan-ly-thi-truong-tinh-lap-bien-ban-xu-ly-52-vu-vi-pham-20'),(21,12,'Thanh Bảo','2014-04-03 02:56:33','<div>\r\n	<table border=\"0\" cellpadding=\"0\" cellspacing=\"0\" style=\"width:282px;\" width=\"282\">\r\n		<tbody>\r\n			<tr>\r\n				<td nowrap=\"nowrap\" style=\"width:171px;height:21px;\">\r\n					<p>\r\n						<u>Họ va t&ecirc;n </u></p>\r\n				</td>\r\n				<td nowrap=\"nowrap\" style=\"width:111px;height:21px;\">\r\n					<p align=\"center\">\r\n						T&agrave;i khoản</p>\r\n				</td>\r\n			</tr>\r\n			<tr>\r\n				<td nowrap=\"nowrap\" style=\"width:171px;height:21px;\">\r\n					<p>\r\n						<a href=\"http://www.ktthehien.com/thu-lao/employee/3/upd/load\">Trương Thị Minh Phương</a></p>\r\n				</td>\r\n				<td nowrap=\"nowrap\" style=\"width:111px;height:21px;\">\r\n					<p align=\"center\">\r\n						minhphuong</p>\r\n				</td>\r\n			</tr>\r\n			<tr>\r\n				<td nowrap=\"nowrap\" style=\"width:171px;height:21px;\">\r\n					<p>\r\n						<a href=\"http://www.ktthehien.com/thu-lao/employee/4/upd/load\">L&ecirc; Văn T&egrave;o</a></p>\r\n				</td>\r\n				<td nowrap=\"nowrap\" style=\"width:111px;height:21px;\">\r\n					<p align=\"center\">\r\n						vanteo</p>\r\n				</td>\r\n			</tr>\r\n			<tr>\r\n				<td nowrap=\"nowrap\" style=\"width:171px;height:21px;\">\r\n					<p>\r\n						<a href=\"http://www.ktthehien.com/thu-lao/employee/5/upd/load\">Lưu Hải Hồ</a></p>\r\n				</td>\r\n				<td nowrap=\"nowrap\" style=\"width:111px;height:21px;\">\r\n					<p align=\"center\">\r\n						haiho</p>\r\n				</td>\r\n			</tr>\r\n			<tr>\r\n				<td nowrap=\"nowrap\" style=\"width:171px;height:21px;\">\r\n					<p>\r\n						<a href=\"http://www.ktthehien.com/thu-lao/employee/6/upd/load\">Nguyễn Thanh Nh&agrave;n</a></p>\r\n				</td>\r\n				<td nowrap=\"nowrap\" style=\"width:111px;height:21px;\">\r\n					<p align=\"center\">\r\n						thanhnhan</p>\r\n				</td>\r\n			</tr>\r\n			<tr>\r\n				<td nowrap=\"nowrap\" style=\"width:171px;height:21px;\">\r\n					<p>\r\n						<a href=\"http://www.ktthehien.com/thu-lao/employee/7/upd/load\">Nguyễn Thế Nh&acirc;n</a></p>\r\n				</td>\r\n				<td nowrap=\"nowrap\" style=\"width:111px;height:21px;\">\r\n					<p align=\"center\">\r\n						thenhan</p>\r\n				</td>\r\n			</tr>\r\n			<tr>\r\n				<td nowrap=\"nowrap\" style=\"width:171px;height:21px;\">\r\n					<p>\r\n						<a href=\"http://www.ktthehien.com/thu-lao/employee/8/upd/load\">B&ugrave;i Ho&agrave;ng Phong</a></p>\r\n				</td>\r\n				<td nowrap=\"nowrap\" style=\"width:111px;height:21px;\">\r\n					<p align=\"center\">\r\n						hoangphong</p>\r\n				</td>\r\n			</tr>\r\n			<tr>\r\n				<td nowrap=\"nowrap\" style=\"width:171px;height:21px;\">\r\n					<p>\r\n						<a href=\"http://www.ktthehien.com/thu-lao/employee/9/upd/load\">Trần Tứ Hiếu</a></p>\r\n				</td>\r\n				<td nowrap=\"nowrap\" style=\"width:111px;height:21px;\">\r\n					<p align=\"center\">\r\n						tuhieu</p>\r\n				</td>\r\n			</tr>\r\n			<tr>\r\n				<td nowrap=\"nowrap\" style=\"width:171px;height:21px;\">\r\n					<p>\r\n						<a href=\"http://www.ktthehien.com/thu-lao/employee/10/upd/load\">Ng&ocirc; Phi Yến</a></p>\r\n				</td>\r\n				<td nowrap=\"nowrap\" style=\"width:111px;height:21px;\">\r\n					<p align=\"center\">\r\n						phiyen</p>\r\n				</td>\r\n			</tr>\r\n			<tr>\r\n				<td nowrap=\"nowrap\" style=\"width:171px;height:21px;\">\r\n					<p>\r\n						<a href=\"http://www.ktthehien.com/thu-lao/employee/11/upd/load\">Nguyễn Quang Nhựt</a></p>\r\n				</td>\r\n				<td nowrap=\"nowrap\" style=\"width:111px;height:21px;\">\r\n					<p align=\"center\">\r\n						quangnhut</p>\r\n				</td>\r\n			</tr>\r\n			<tr>\r\n				<td nowrap=\"nowrap\" style=\"width:171px;height:21px;\">\r\n					<p>\r\n						<a href=\"http://www.ktthehien.com/thu-lao/employee/12/upd/load\">Ng&ocirc; Gia Qu&iacute;</a></p>\r\n				</td>\r\n				<td nowrap=\"nowrap\" style=\"width:111px;height:21px;\">\r\n					<p align=\"center\">\r\n						giaqui</p>\r\n				</td>\r\n			</tr>\r\n			<tr>\r\n				<td nowrap=\"nowrap\" style=\"width:171px;height:21px;\">\r\n					<p>\r\n						<a href=\"http://www.ktthehien.com/thu-lao/employee/13/upd/load\">Nguyễn Minh Đức</a></p>\r\n				</td>\r\n				<td nowrap=\"nowrap\" style=\"width:111px;height:21px;\">\r\n					<p align=\"center\">\r\n						minhduc</p>\r\n				</td>\r\n			</tr>\r\n			<tr>\r\n				<td nowrap=\"nowrap\" style=\"width:171px;height:21px;\">\r\n					<p>\r\n						<a href=\"http://www.ktthehien.com/thu-lao/employee/14/upd/load\">Trần Thanh Phong</a></p>\r\n				</td>\r\n				<td nowrap=\"nowrap\" style=\"width:111px;height:21px;\">\r\n					<p align=\"center\">\r\n						thanhphong</p>\r\n				</td>\r\n			</tr>\r\n			<tr>\r\n				<td nowrap=\"nowrap\" style=\"width:171px;height:21px;\">\r\n					<p>\r\n						<a href=\"http://www.ktthehien.com/thu-lao/employee/15/upd/load\">Nguyễn Minh Khoa</a></p>\r\n				</td>\r\n				<td nowrap=\"nowrap\" style=\"width:111px;height:21px;\">\r\n					<p align=\"center\">\r\n						minhkhoa</p>\r\n				</td>\r\n			</tr>\r\n			<tr>\r\n				<td nowrap=\"nowrap\" style=\"width:171px;height:21px;\">\r\n					<p>\r\n						<a href=\"http://www.ktthehien.com/thu-lao/employee/16/upd/load\">Nguyễn Đăng Khoa</a></p>\r\n				</td>\r\n				<td nowrap=\"nowrap\" style=\"width:111px;height:21px;\">\r\n					<p align=\"center\">\r\n						dangkhoa</p>\r\n				</td>\r\n			</tr>\r\n			<tr>\r\n				<td nowrap=\"nowrap\" style=\"width:171px;height:21px;\">\r\n					<p>\r\n						<a href=\"http://www.ktthehien.com/thu-lao/employee/17/upd/load\">Mai Ho&agrave;ng Hải Đăng</a></p>\r\n				</td>\r\n				<td nowrap=\"nowrap\" style=\"width:111px;height:21px;\">\r\n					<p align=\"center\">\r\n						haidang</p>\r\n				</td>\r\n			</tr>\r\n			<tr>\r\n				<td nowrap=\"nowrap\" style=\"width:171px;height:21px;\">\r\n					<p>\r\n						<a href=\"http://www.ktthehien.com/thu-lao/employee/18/upd/load\">B&ugrave;i Điều Kinh Lu&acirc;n</a></p>\r\n				</td>\r\n				<td nowrap=\"nowrap\" style=\"width:111px;height:21px;\">\r\n					<p align=\"center\">\r\n						kinhluan</p>\r\n				</td>\r\n			</tr>\r\n			<tr>\r\n				<td nowrap=\"nowrap\" style=\"width:171px;height:21px;\">\r\n					<p>\r\n						<a href=\"http://www.ktthehien.com/thu-lao/employee/19/upd/load\">Nguyễn Ho&agrave;ng L&acirc;m</a></p>\r\n				</td>\r\n				<td nowrap=\"nowrap\" style=\"width:111px;height:21px;\">\r\n					<p align=\"center\">\r\n						hoanglam</p>\r\n				</td>\r\n			</tr>\r\n			<tr>\r\n				<td nowrap=\"nowrap\" style=\"width:171px;height:21px;\">\r\n					<p>\r\n						<a href=\"http://www.ktthehien.com/thu-lao/employee/20/upd/load\">Ch&acirc;u Ngọc B&iacute;ch Kiều</a></p>\r\n				</td>\r\n				<td nowrap=\"nowrap\" style=\"width:111px;height:21px;\">\r\n					<p align=\"center\">\r\n						bichkieu</p>\r\n				</td>\r\n			</tr>\r\n			<tr>\r\n				<td nowrap=\"nowrap\" style=\"width:171px;height:21px;\">\r\n					<p>\r\n						<a href=\"http://www.ktthehien.com/thu-lao/employee/21/upd/load\">L&ecirc; Thanh Quốc Huy</a></p>\r\n				</td>\r\n				<td nowrap=\"nowrap\" style=\"width:111px;height:21px;\">\r\n					<p align=\"center\">\r\n						quochuy</p>\r\n				</td>\r\n			</tr>\r\n			<tr>\r\n				<td nowrap=\"nowrap\" style=\"width:171px;height:21px;\">\r\n					<p>\r\n						<a href=\"http://www.ktthehien.com/thu-lao/employee/22/upd/load\">V&otilde; Quốc Việt</a></p>\r\n				</td>\r\n				<td nowrap=\"nowrap\" style=\"width:111px;height:21px;\">\r\n					<p align=\"center\">\r\n						quocviet</p>\r\n				</td>\r\n			</tr>\r\n			<tr>\r\n				<td nowrap=\"nowrap\" style=\"width:171px;height:21px;\">\r\n					<p>\r\n						<a href=\"http://www.ktthehien.com/thu-lao/employee/23/upd/load\">H&agrave; Ngọc Hải</a></p>\r\n				</td>\r\n				<td nowrap=\"nowrap\" style=\"width:111px;height:21px;\">\r\n					<p align=\"center\">\r\n						ngochai</p>\r\n				</td>\r\n			</tr>\r\n			<tr>\r\n				<td nowrap=\"nowrap\" style=\"width:171px;height:21px;\">\r\n					<p>\r\n						<a href=\"http://www.ktthehien.com/thu-lao/employee/24/upd/load\">Nguyễn Th&agrave;nh Đ&ocirc;</a></p>\r\n				</td>\r\n				<td nowrap=\"nowrap\" style=\"width:111px;height:21px;\">\r\n					<p align=\"center\">\r\n						thanhdo</p>\r\n				</td>\r\n			</tr>\r\n			<tr>\r\n				<td nowrap=\"nowrap\" style=\"width:171px;height:21px;\">\r\n					<p>\r\n						<a href=\"http://www.ktthehien.com/thu-lao/employee/26/upd/load\">Nguyễn Th&aacute;i Đức</a></p>\r\n				</td>\r\n				<td nowrap=\"nowrap\" style=\"width:111px;height:21px;\">\r\n					<p align=\"center\">\r\n						nguyenduc</p>\r\n				</td>\r\n			</tr>\r\n			<tr>\r\n				<td nowrap=\"nowrap\" style=\"width:171px;height:21px;\">\r\n					<p>\r\n						<a href=\"http://www.ktthehien.com/thu-lao/employee/27/upd/load\">L&ecirc; Nguy&ecirc;n Phương</a></p>\r\n				</td>\r\n				<td nowrap=\"nowrap\" style=\"width:111px;height:21px;\">\r\n					<p align=\"center\">\r\n						nguyenphuong</p>\r\n				</td>\r\n			</tr>\r\n			<tr>\r\n				<td nowrap=\"nowrap\" style=\"width:171px;height:21px;\">\r\n					<p>\r\n						<a href=\"http://www.ktthehien.com/thu-lao/employee/28/upd/load\">L&ecirc; Tiến Dũng</a></p>\r\n				</td>\r\n				<td nowrap=\"nowrap\" style=\"width:111px;height:21px;\">\r\n					<p align=\"center\">\r\n						tiendung</p>\r\n				</td>\r\n			</tr>\r\n			<tr>\r\n				<td nowrap=\"nowrap\" style=\"width:171px;height:21px;\">\r\n					<p>\r\n						<a href=\"http://www.ktthehien.com/thu-lao/employee/29/upd/load\">B&ugrave;i Văn Ngọc Thơ</a></p>\r\n				</td>\r\n				<td nowrap=\"nowrap\" style=\"width:111px;height:21px;\">\r\n					<p align=\"center\">\r\n						ngoctho</p>\r\n				</td>\r\n			</tr>\r\n			<tr>\r\n				<td nowrap=\"nowrap\" style=\"width:171px;height:21px;\">\r\n					<p>\r\n						<a href=\"http://www.ktthehien.com/thu-lao/employee/30/upd/load\">Nguyễn Nhật T&acirc;n</a></p>\r\n				</td>\r\n				<td nowrap=\"nowrap\" style=\"width:111px;height:21px;\">\r\n					<p align=\"center\">\r\n						nhattan</p>\r\n				</td>\r\n			</tr>\r\n			<tr>\r\n				<td nowrap=\"nowrap\" style=\"width:171px;height:21px;\">\r\n					<p>\r\n						<a href=\"http://www.ktthehien.com/thu-lao/employee/31/upd/load\">Trần Thị Tố Lan</a></p>\r\n				</td>\r\n				<td nowrap=\"nowrap\" style=\"width:111px;height:21px;\">\r\n					<p align=\"center\">\r\n						tolan</p>\r\n				</td>\r\n			</tr>\r\n			<tr>\r\n				<td nowrap=\"nowrap\" style=\"width:171px;height:21px;\">\r\n					<p>\r\n						<a href=\"http://www.ktthehien.com/thu-lao/employee/32/upd/load\">V&otilde; Hữu Giao</a></p>\r\n				</td>\r\n				<td nowrap=\"nowrap\" style=\"width:111px;height:21px;\">\r\n					<p align=\"center\">\r\n						huugiao</p>\r\n				</td>\r\n			</tr>\r\n			<tr>\r\n				<td nowrap=\"nowrap\" style=\"width:171px;height:21px;\">\r\n					<p>\r\n						<a href=\"http://www.ktthehien.com/thu-lao/employee/33/upd/load\">L&ecirc; Nguyễn Trọng Huỳnh</a></p>\r\n				</td>\r\n				<td nowrap=\"nowrap\" style=\"width:111px;height:21px;\">\r\n					<p align=\"center\">\r\n						tronghuynh</p>\r\n				</td>\r\n			</tr>\r\n			<tr>\r\n				<td nowrap=\"nowrap\" style=\"width:171px;height:20px;\">\r\n					<p>\r\n						<a href=\"http://www.ktthehien.com/thu-lao/employee/34/upd/load\">Phạm Thanh Quang</a></p>\r\n				</td>\r\n				<td nowrap=\"nowrap\" style=\"width:111px;height:20px;\">\r\n					<p align=\"center\">\r\n						thanhquang</p>\r\n				</td>\r\n			</tr>\r\n		</tbody>\r\n	</table>\r\n</div>\r\n<div>\r\n	&nbsp;</div>\r\n','Thông Báo - Thông tin tài khoản',1,'thong-bao-thong-tin-tai-khoan-');
/*!40000 ALTER TABLE `ktth_news` ENABLE KEYS */;
UNLOCK TABLES;

--
-- Table structure for table `ktth_positions`
--

DROP TABLE IF EXISTS `ktth_positions`;
/*!40101 SET @saved_cs_client     = @@character_set_client */;
/*!40101 SET character_set_client = utf8 */;
CREATE TABLE `ktth_positions` (
  `id` int(11) NOT NULL AUTO_INCREMENT,
  `name` varchar(25) CHARACTER SET utf8 COLLATE utf8_unicode_ci DEFAULT NULL,
  `count` int(11) DEFAULT NULL,
  `note` varchar(200) CHARACTER SET utf8 COLLATE utf8_unicode_ci DEFAULT NULL,
  PRIMARY KEY (`id`)
) ENGINE=InnoDB AUTO_INCREMENT=6 DEFAULT CHARSET=latin1;
/*!40101 SET character_set_client = @saved_cs_client */;

--
-- Dumping data for table `ktth_positions`
--

LOCK TABLES `ktth_positions` WRITE;
/*!40000 ALTER TABLE `ktth_positions` DISABLE KEYS */;
INSERT INTO `ktth_positions` VALUES (1,'Tổ Kỹ Thuật Dựng',12,''),(2,'Tổ Kỹ Thuật AT& AS',8,''),(3,'Tổ Đồ họa',8,''),(4,'Tổ Trưởng',3,''),(5,'Lãnh Đạo Phòng',2,'');
/*!40000 ALTER TABLE `ktth_positions` ENABLE KEYS */;
UNLOCK TABLES;

--
-- Table structure for table `ktth_report`
--

DROP TABLE IF EXISTS `ktth_report`;
/*!40101 SET @saved_cs_client     = @@character_set_client */;
/*!40101 SET character_set_client = utf8 */;
CREATE TABLE `ktth_report` (
  `id` int(11) NOT NULL AUTO_INCREMENT,
  `iduser` int(11) NOT NULL,
  `name` varchar(120) NOT NULL,
  `date_start` datetime NOT NULL,
  `date_end` datetime NOT NULL,
  `description` longtext,
  PRIMARY KEY (`id`),
  KEY `ktth_report_1` (`iduser`),
  CONSTRAINT `ktth_report_1` FOREIGN KEY (`iduser`) REFERENCES `ktth_user` (`id`) ON DELETE CASCADE ON UPDATE CASCADE
) ENGINE=InnoDB AUTO_INCREMENT=8 DEFAULT CHARSET=utf8;
/*!40101 SET character_set_client = @saved_cs_client */;

--
-- Dumping data for table `ktth_report`
--

LOCK TABLES `ktth_report` WRITE;
/*!40000 ALTER TABLE `ktth_report` DISABLE KEYS */;
INSERT INTO `ktth_report` VALUES (1,25,'Tháng 01-2014','2014-01-01 00:00:00','2014-01-31 00:00:00',''),(5,25,'Tháng 02-2014','2014-02-01 00:00:00','2014-02-28 00:00:00',NULL),(6,25,'Thang 03-2014','2014-03-01 00:00:00','2014-03-31 00:00:00',NULL),(7,25,'Tháng 04-2014','2014-04-01 00:00:00','2014-04-30 00:00:00',NULL);
/*!40000 ALTER TABLE `ktth_report` ENABLE KEYS */;
UNLOCK TABLES;

--
-- Table structure for table `ktth_salarydaily`
--

DROP TABLE IF EXISTS `ktth_salarydaily`;
/*!40101 SET @saved_cs_client     = @@character_set_client */;
/*!40101 SET character_set_client = utf8 */;
CREATE TABLE `ktth_salarydaily` (
  `id` int(11) NOT NULL AUTO_INCREMENT,
  `id_category` int(11) NOT NULL,
  `id_employee` int(11) NOT NULL,
  `content` varchar(200) CHARACTER SET utf8 COLLATE utf8_unicode_ci DEFAULT NULL,
  `count` int(11) DEFAULT NULL,
  `date_work` date NOT NULL,
  `date_note` timestamp NOT NULL DEFAULT CURRENT_TIMESTAMP,
  `note` varchar(100) DEFAULT NULL,
  PRIMARY KEY (`id`),
  KEY `ktth_salarydaily_1` (`id_category`),
  KEY `ktth_salarydaily_2` (`id_employee`),
  CONSTRAINT `ktth_salarydaily_1` FOREIGN KEY (`id_category`) REFERENCES `ktth_category` (`id`) ON DELETE CASCADE ON UPDATE CASCADE,
  CONSTRAINT `ktth_salarydaily_2` FOREIGN KEY (`id_employee`) REFERENCES `ktth_user` (`id`) ON DELETE CASCADE ON UPDATE CASCADE
) ENGINE=InnoDB AUTO_INCREMENT=9710 DEFAULT CHARSET=utf8;
/*!40101 SET character_set_client = @saved_cs_client */;

--
-- Dumping data for table `ktth_salarydaily`
--

LOCK TABLES `ktth_salarydaily` WRITE;
/*!40000 ALTER TABLE `ktth_salarydaily` DISABLE KEYS */;
INSERT INTO `ktth_salarydaily` VALUES (9084,27,25,'',1,'2013-12-16','2013-12-17 03:20:09',''),(9085,28,25,'',1,'2013-12-16','2013-12-17 03:20:18',''),(9086,37,25,'',1,'2013-12-17','2013-12-17 03:20:33',''),(9087,28,25,'',1,'2013-12-17','2013-12-17 03:20:43',''),(9089,28,25,'',1,'2013-12-18','2013-12-17 03:21:01',''),(9090,28,25,'',1,'2013-12-19','2013-12-17 03:21:12',''),(9091,83,25,'',1,'2013-12-19','2013-12-17 03:22:16',''),(9092,28,25,'',1,'2013-12-20','2013-12-17 03:22:26',''),(9093,37,25,'',1,'2013-12-21','2013-12-17 03:22:44',''),(9094,28,25,'',1,'2013-12-21','2013-12-17 03:22:58',''),(9095,27,25,'',1,'2013-12-09','2013-12-18 02:53:35',''),(9096,28,25,'',1,'2013-12-09','2013-12-18 02:53:43',''),(9097,27,25,'',1,'2013-12-10','2013-12-18 02:54:06',''),(9098,29,25,'',1,'2013-12-10','2013-12-18 02:56:42',''),(9099,33,25,'',1,'2013-12-10','2013-12-18 02:57:16',''),(9100,37,25,'',1,'2013-12-12','2013-12-18 02:57:32',''),(9101,28,25,'',1,'2013-12-11','2013-12-18 02:58:51',''),(9102,28,25,'',1,'2013-12-12','2013-12-18 02:59:44',''),(9103,28,25,'',1,'2013-12-13','2013-12-18 03:00:14',''),(9104,27,25,'',1,'2013-12-14','2013-12-18 03:00:48',''),(9105,29,25,'',1,'2013-12-14','2013-12-18 03:00:55',''),(9106,27,25,'',1,'2013-12-18','2013-12-18 04:03:46',''),(9107,13,33,'PSN_BNN_Ky 117 ',1,'2014-03-01','0000-00-00 00:00:00',''),(9108,16,33,'BTCT_0203 ',1,'2014-03-01','0000-00-00 00:00:00',''),(9109,13,33,'PSN_Nam 2014... tuyen sinh theo 3 chung',1,'2014-03-03','0000-00-00 00:00:00',''),(9110,64,33,'DS DCND_Ky 6_Thai Ngoc Quan',1,'2014-03-03','0000-00-00 00:00:00',''),(9111,13,33,'PSN_Bo doi bien fong Tra Vinh ',1,'2014-03-04','0000-00-00 00:00:00',''),(9112,13,33,'NNDN_Nhu cau nuoc sach cho nguoi dan xa\nXuan Hiep\n ',1,'2014-03-04','0000-00-00 00:00:00',''),(9113,13,33,'NDDT_Nhom tu thien tu ai ',1,'2014-03-04','0000-00-00 00:00:00',''),(9114,13,33,'PSN_hieu qua mo hinh trong dau nanh...\nhuyen Long Ho\n',1,'2014-03-04','0000-00-00 00:00:00',''),(9115,1,33,'QPTD - Chien si ao trang o benh vien quan\ndan y_05032014\n\n',1,'2014-03-05','0000-00-00 00:00:00',''),(9116,84,33,'TSK1_0503\n\n',1,'2014-03-05','0000-00-00 00:00:00',''),(9117,13,33,'PSN_Vl tap trung day manh xuat khau lao\ndong\n\n',1,'2014-03-06','0000-00-00 00:00:00',''),(9118,13,33,'PSN_Phu nu Vung Liem... kinh te gia dinh\n\n',1,'2014-03-06','0000-00-00 00:00:00',''),(9119,13,33,'PSN_Talk show CHN_Huy Thuy\n\n',1,'2014-03-07','0000-00-00 00:00:00',''),(9120,1,33,'XDD_Cong tac can bo nu\n\n',1,'2014-03-07','0000-00-00 00:00:00',''),(9121,13,33,'PSN_SMSH_Ky 18\n\n',1,'2014-03-07','0000-00-00 00:00:00',''),(9122,16,33,'BTCT_0903\n\n',1,'2014-03-07','0000-00-00 00:00:00',''),(9123,66,33,'SMSH_Ky 18_Phat lai kenh 2\n',1,'2014-03-08','0000-00-00 00:00:00',''),(9124,17,33,'VLNM_0903 ',1,'2014-03-09','0000-00-00 00:00:00',''),(9125,13,33,'PSN_Tang cuong phong chong dich cum gia\ncam\n',1,'2014-03-10','0000-00-00 00:00:00',''),(9126,64,33,'DS DCND_Le Van Tong_11032014\n',1,'2014-03-10','0000-00-00 00:00:00',''),(9127,16,33,'TSK2_1003\n',1,'2014-03-10','0000-00-00 00:00:00',''),(9128,14,33,'TSK1_1103',1,'2014-03-11','0000-00-00 00:00:00',''),(9129,15,33,'TSK1_1103',1,'2014-03-11','0000-00-00 00:00:00',''),(9130,84,33,'TSK1_1103',1,'2014-03-11','0000-00-00 00:00:00',''),(9131,17,33,'VLNM_1203 ',1,'2014-03-12','0000-00-00 00:00:00',''),(9132,1,33,'GDHN_Co hoi viec lam cho tuong lai ',1,'2014-03-12','0000-00-00 00:00:00',''),(9133,1,33,'ASPL_Canh bao toi pham thanh thieu\nnien_13032014\n',1,'2014-03-13','0000-00-00 00:00:00',''),(9134,13,33,'STLH_Ve tham mien dat co do',1,'2014-03-14','0000-00-00 00:00:00',''),(9135,14,33,'TSK1_Trua_1403',1,'2014-03-14','0000-00-00 00:00:00',''),(9136,15,33,'\nTSK1_toi_1403 ',1,'2014-03-14','0000-00-00 00:00:00',''),(9137,16,33,'BTCT_1603 ',1,'2014-03-15','0000-00-00 00:00:00',''),(9138,14,33,'TSK1_1703',1,'2014-03-17','0000-00-00 00:00:00',''),(9139,15,33,'TSK1_1703',1,'2014-03-17','0000-00-00 00:00:00',''),(9140,84,33,'TSK1_1703',1,'2014-03-17','0000-00-00 00:00:00',''),(9141,64,33,'DS DCND_Ong Bui Van Chien_18032014',1,'2014-03-17','0000-00-00 00:00:00',''),(9145,15,4,'TSchieu',1,'2014-03-17','0000-00-00 00:00:00',''),(9146,15,4,'TS chieu',1,'2014-03-17','0000-00-00 00:00:00',''),(9147,74,4,'Truc chu nhat dung NCYT',1,'2014-03-16','0000-00-00 00:00:00',''),(9148,17,4,'VLNM',1,'2014-03-16','0000-00-00 00:00:00',''),(9149,5,4,'CXNA',1,'2014-03-15','0000-00-00 00:00:00',''),(9150,65,4,'DCND',1,'2014-03-15','0000-00-00 00:00:00',''),(9151,13,4,'PSN ',1,'2014-03-15','0000-00-00 00:00:00',''),(9152,1,4,'CM CSPL',1,'2014-03-11','0000-00-00 00:00:00',''),(9153,17,4,'VLNM',1,'2014-03-10','0000-00-00 00:00:00',''),(9154,14,4,'TS Trua',1,'2014-03-10','0000-00-00 00:00:00',''),(9155,15,4,'TS chieu',1,'2014-03-10','0000-00-00 00:00:00',''),(9156,5,4,'CXNa',1,'2014-03-08','0000-00-00 00:00:00',''),(9157,65,4,'DCND',1,'2014-03-08','0000-00-00 00:00:00',''),(9158,13,4,'PSN',1,'2014-03-08','0000-00-00 00:00:00',''),(9159,17,4,'VLNM',1,'2014-03-04','0000-00-00 00:00:00',''),(9160,14,4,'TS trua',1,'2014-03-03','0000-00-00 00:00:00',''),(9161,15,4,'TS Chieu',1,'2014-03-03','0000-00-00 00:00:00',''),(9162,16,4,'BTCN',1,'2014-03-01','0000-00-00 00:00:00',''),(9163,16,4,'BTCN',1,'2014-03-01','0000-00-00 00:00:00',''),(9164,16,4,'BTCN',1,'2014-03-08','0000-00-00 00:00:00',''),(9165,16,4,'BTCN',1,'2014-03-13','0000-00-00 00:00:00',''),(9166,5,4,'CXNA',1,'2014-03-01','0000-00-00 00:00:00',''),(9167,17,33,'VLNM_1803',1,'2014-03-18','0000-00-00 00:00:00',''),(9168,1,33,'CSPL_Nhung diem moi ve quyen con nguoi... trong hien phap_18032014',1,'2014-03-18','0000-00-00 00:00:00',''),(9169,28,25,'',1,'2014-03-01','0000-00-00 00:00:00',''),(9170,37,25,'',1,'2014-03-04','0000-00-00 00:00:00',''),(9171,79,25,'',1,'2014-03-06','0000-00-00 00:00:00',''),(9172,28,25,'',1,'2014-03-03','0000-00-00 00:00:00',''),(9173,28,25,'',1,'2014-03-05','0000-00-00 00:00:00',''),(9174,28,25,'',1,'2014-03-07','0000-00-00 00:00:00',''),(9175,27,25,'',1,'2014-03-04','0000-00-00 00:00:00',''),(9176,27,25,'',1,'2014-03-06','0000-00-00 00:00:00',''),(9177,27,25,'',1,'2014-03-08','0000-00-00 00:00:00',''),(9178,89,25,'',1,'2014-03-04','0000-00-00 00:00:00',''),(9179,89,25,'',1,'2014-03-07','0000-00-00 00:00:00',''),(9180,43,25,'',3,'2014-03-10','0000-00-00 00:00:00',''),(9181,43,25,'',3,'2014-03-12','0000-00-00 00:00:00',''),(9182,37,25,'',1,'2014-03-14','0000-00-00 00:00:00',''),(9183,27,25,'',1,'2014-03-10','0000-00-00 00:00:00',''),(9184,28,25,'',1,'2014-03-12','0000-00-00 00:00:00',''),(9185,28,25,'',1,'2014-03-13','0000-00-00 00:00:00',''),(9186,28,25,'',1,'2014-03-14','0000-00-00 00:00:00',''),(9187,28,25,'',1,'2014-03-15','0000-00-00 00:00:00',''),(9188,89,25,'',1,'2014-03-13','0000-00-00 00:00:00',''),(9189,28,25,'',1,'2014-03-17','0000-00-00 00:00:00',''),(9190,28,25,'',1,'2014-03-19','0000-00-00 00:00:00',''),(9191,28,25,'',1,'2014-03-22','0000-00-00 00:00:00',''),(9192,27,25,'',1,'2014-03-20','0000-00-00 00:00:00',''),(9193,27,25,'',1,'2014-03-21','0000-00-00 00:00:00',''),(9194,41,25,'',1,'2014-03-18','0000-00-00 00:00:00',''),(9195,89,25,'',1,'2014-03-20','0000-00-00 00:00:00',''),(9196,89,25,'',1,'2014-03-21','0000-00-00 00:00:00',''),(9197,37,25,'',1,'2014-03-19','0000-00-00 00:00:00',''),(9198,37,25,'',1,'2014-03-22','0000-00-00 00:00:00',''),(9201,27,26,'',1,'2014-03-01','0000-00-00 00:00:00',''),(9202,89,26,'',1,'2014-03-01','0000-00-00 00:00:00',''),(9203,39,26,'',1,'2014-03-03','0000-00-00 00:00:00',''),(9204,27,26,'',1,'2014-03-03','0000-00-00 00:00:00',''),(9205,89,26,'',1,'2014-03-03','0000-00-00 00:00:00',''),(9209,27,26,'',1,'2014-03-04','0000-00-00 00:00:00',''),(9210,89,26,'',1,'2014-03-04','0000-00-00 00:00:00',''),(9211,39,26,'',1,'2014-03-04','0000-00-00 00:00:00',''),(9212,39,26,'',1,'2014-03-05','0000-00-00 00:00:00',''),(9213,27,26,'',1,'2014-03-05','0000-00-00 00:00:00',''),(9214,28,26,'',1,'2014-03-05','0000-00-00 00:00:00',''),(9216,39,26,'',1,'2014-03-06','0000-00-00 00:00:00',''),(9217,27,26,'',1,'2014-03-06','0000-00-00 00:00:00',''),(9218,89,26,'',1,'2014-03-06','0000-00-00 00:00:00',''),(9219,39,26,'',1,'2014-03-07','0000-00-00 00:00:00',''),(9220,27,26,'',1,'2014-03-07','0000-00-00 00:00:00',''),(9221,89,26,'',1,'2014-03-07','0000-00-00 00:00:00',''),(9222,39,26,'',1,'2014-03-08','0000-00-00 00:00:00',''),(9223,27,26,'',1,'2014-03-08','0000-00-00 00:00:00',''),(9224,89,26,'',1,'2014-03-08','0000-00-00 00:00:00',''),(9225,39,26,'',1,'2014-03-09','0000-00-00 00:00:00',''),(9226,28,26,'',1,'2014-03-10','0000-00-00 00:00:00',''),(9227,89,26,'',1,'2014-03-10','0000-00-00 00:00:00',''),(9228,27,26,'',1,'2014-03-11','0000-00-00 00:00:00',''),(9229,28,26,'',1,'2014-03-11','0000-00-00 00:00:00',''),(9230,89,26,'',1,'2014-03-11','0000-00-00 00:00:00',''),(9231,27,26,'',1,'2014-03-12','0000-00-00 00:00:00',''),(9232,27,26,'',1,'2014-03-13','0000-00-00 00:00:00',''),(9233,89,26,'',1,'2014-03-13','0000-00-00 00:00:00',''),(9234,27,26,'',1,'2014-03-14','0000-00-00 00:00:00',''),(9235,89,26,'',1,'2014-03-14','0000-00-00 00:00:00',''),(9236,27,26,'',1,'2014-03-15','0000-00-00 00:00:00',''),(9237,39,26,'',1,'2014-03-17','0000-00-00 00:00:00',''),(9238,27,26,'',1,'2014-03-17','0000-00-00 00:00:00',''),(9239,89,26,'',1,'2014-03-17','0000-00-00 00:00:00',''),(9240,39,26,'',1,'2014-03-18','0000-00-00 00:00:00',''),(9241,27,26,'',1,'2014-03-18','0000-00-00 00:00:00',''),(9242,89,26,'',1,'2014-03-18','0000-00-00 00:00:00',''),(9243,39,26,'',1,'2014-03-19','0000-00-00 00:00:00',''),(9244,27,26,'',1,'2014-03-19','0000-00-00 00:00:00',''),(9245,89,26,'',1,'2014-03-19','0000-00-00 00:00:00',''),(9246,39,26,'',1,'2014-03-20','0000-00-00 00:00:00',''),(9247,28,26,'',1,'2014-03-20','0000-00-00 00:00:00',''),(9248,39,26,'',1,'2014-03-21','0000-00-00 00:00:00',''),(9249,89,26,'',1,'2014-03-21','0000-00-00 00:00:00',''),(9250,39,26,'',1,'2014-03-22','0000-00-00 00:00:00',''),(9251,27,26,'',1,'2014-03-22','0000-00-00 00:00:00',''),(9252,89,26,'',1,'2014-03-22','0000-00-00 00:00:00',''),(9253,39,26,'',1,'2014-03-23','0000-00-00 00:00:00',''),(9254,39,32,'',1,'2014-03-01','0000-00-00 00:00:00',''),(9255,33,32,'',1,'2014-03-01','0000-00-00 00:00:00',''),(9256,34,32,'',1,'2014-03-01','0000-00-00 00:00:00',''),(9257,39,32,'',1,'2014-03-02','0000-00-00 00:00:00',''),(9258,34,32,'',1,'2014-03-03','0000-00-00 00:00:00',''),(9264,34,32,'',1,'2014-03-04','0000-00-00 00:00:00',''),(9266,35,32,'',1,'2014-03-05','0000-00-00 00:00:00',''),(9267,34,32,'',2,'2014-03-05','0000-00-00 00:00:00',''),(9268,89,32,'',2,'2014-03-05','0000-00-00 00:00:00',''),(9269,34,32,'',2,'2014-03-06','0000-00-00 00:00:00',''),(9270,34,32,'',2,'2014-03-07','0000-00-00 00:00:00',''),(9275,39,32,'',1,'2014-03-10','0000-00-00 00:00:00',''),(9276,34,32,'',1,'2014-03-10','0000-00-00 00:00:00',''),(9277,33,32,'',1,'2014-03-10','0000-00-00 00:00:00',''),(9278,39,32,'',1,'2014-03-11','0000-00-00 00:00:00',''),(9279,34,32,'',2,'2014-03-11','0000-00-00 00:00:00',''),(9280,34,32,'',2,'2014-03-12','0000-00-00 00:00:00',''),(9281,39,32,'',1,'2014-03-12','0000-00-00 00:00:00',''),(9282,89,32,'',1,'2014-03-12','0000-00-00 00:00:00',''),(9283,39,32,'',1,'2014-03-13','0000-00-00 00:00:00',''),(9284,34,32,'',1,'2014-03-13','0000-00-00 00:00:00',''),(9285,34,32,'',1,'2014-03-14','0000-00-00 00:00:00',''),(9286,39,32,'',1,'2014-03-14','0000-00-00 00:00:00',''),(9287,39,32,'',1,'2014-03-15','0000-00-00 00:00:00',''),(9288,34,32,'',1,'2014-03-15','0000-00-00 00:00:00',''),(9289,83,32,'',1,'2014-03-15','0000-00-00 00:00:00',''),(9290,39,32,'',1,'2014-03-16','0000-00-00 00:00:00',''),(9291,34,32,'',1,'2014-03-17','0000-00-00 00:00:00',''),(9292,41,32,'',1,'2014-03-18','0000-00-00 00:00:00',''),(9293,89,32,'',1,'2014-03-18','0000-00-00 00:00:00',''),(9294,33,32,'',1,'2014-03-19','0000-00-00 00:00:00',''),(9295,34,32,'',1,'2014-03-19','0000-00-00 00:00:00',''),(9296,34,32,'',2,'2014-03-20','0000-00-00 00:00:00',''),(9297,34,32,'',2,'2014-03-21','0000-00-00 00:00:00',''),(9298,34,32,'',1,'2014-03-22','0000-00-00 00:00:00',''),(9299,16,4,'BTCN',1,'2014-03-19','0000-00-00 00:00:00',''),(9300,1,33,'GDDT_Ky 3 thang 3_Cai tien phuong an thi TN THPT - Mung va lo_20032014',1,'2014-03-19','0000-00-00 00:00:00',''),(9301,14,33,'TSK1_2003',1,'2014-03-20','0000-00-00 00:00:00',''),(9302,15,33,'TSK1_2003',1,'2014-03-20','0000-00-00 00:00:00',''),(9303,5,4,'CXNA Trung An',1,'2014-03-22','0000-00-00 00:00:00',''),(9304,1,33,'XDD_Vinh Long thuc hien cong tac can bo tre_23032014',1,'2014-03-21','0000-00-00 00:00:00',''),(9305,17,4,'VLNM',1,'2014-03-22','0000-00-00 00:00:00',''),(9306,16,33,'TSK2_2103',1,'2014-03-21','0000-00-00 00:00:00',''),(9307,13,33,'CCCT_Vinh Long tang cuong PCCN... cac doanh nghiep',1,'2014-03-22','0000-00-00 00:00:00',''),(9308,39,32,'',1,'2014-03-24','0000-00-00 00:00:00',''),(9309,34,32,'',1,'2014-03-24','0000-00-00 00:00:00',''),(9310,39,32,'',1,'2014-03-25','0000-00-00 00:00:00',''),(9311,34,32,'',1,'2014-03-25','0000-00-00 00:00:00',''),(9312,39,32,'',1,'2014-03-26','0000-00-00 00:00:00',''),(9313,34,32,'',1,'2014-03-26','0000-00-00 00:00:00',''),(9314,89,32,'',1,'2014-03-26','0000-00-00 00:00:00',''),(9315,39,32,'',1,'2014-03-27','0000-00-00 00:00:00',''),(9316,34,32,'',1,'2014-03-27','0000-00-00 00:00:00',''),(9317,34,32,'',1,'2014-03-28','0000-00-00 00:00:00',''),(9318,39,32,'',1,'2014-03-28','0000-00-00 00:00:00',''),(9319,39,32,'',1,'2014-03-29','0000-00-00 00:00:00',''),(9320,34,32,'',1,'2014-03-29','0000-00-00 00:00:00',''),(9321,34,32,'',1,'2014-03-30','0000-00-00 00:00:00',''),(9322,39,32,'',1,'2014-03-30','0000-00-00 00:00:00',''),(9323,33,32,'',1,'2014-03-29','0000-00-00 00:00:00',''),(9324,89,32,'',1,'2014-03-05','0000-00-00 00:00:00',''),(9325,28,25,'',1,'2014-03-24','0000-00-00 00:00:00',''),(9326,27,25,'',1,'2014-03-25','0000-00-00 00:00:00',''),(9327,28,25,'',1,'2014-03-26','0000-00-00 00:00:00',''),(9328,89,25,'',1,'2014-03-25','0000-00-00 00:00:00',''),(9329,89,25,'',1,'2014-03-27','0000-00-00 00:00:00',''),(9330,28,25,'',1,'2014-03-28','0000-00-00 00:00:00',''),(9331,28,25,'',1,'2014-03-29','0000-00-00 00:00:00',''),(9332,65,4,'DCND',1,'2014-03-22','0000-00-00 00:00:00',''),(9333,14,4,'Ts Trua',1,'2014-03-24','0000-00-00 00:00:00',''),(9334,27,25,'',1,'2014-03-27','0000-00-00 00:00:00',''),(9335,15,4,'Ts chieu',1,'2014-03-24','0000-00-00 00:00:00',''),(9336,37,25,'',1,'2014-03-27','0000-00-00 00:00:00',''),(9337,89,25,'',1,'2014-03-14','0000-00-00 00:00:00',''),(9338,89,25,'',1,'2014-03-17','0000-00-00 00:00:00',''),(9339,27,25,'',1,'2014-03-29','0000-00-00 00:00:00',''),(9340,27,25,'',1,'2014-03-28','0000-00-00 00:00:00',''),(9341,27,25,'',1,'2014-03-22','0000-00-00 00:00:00',''),(9342,77,34,'Chuyện Cảnh Giác',1,'2014-03-22','0000-00-00 00:00:00',''),(9343,58,34,'',1,'2014-03-22','0000-00-00 00:00:00',''),(9344,26,34,'',1,'2014-03-22','0000-00-00 00:00:00',''),(9345,51,34,'Nàng dâu hạ môn',1,'2014-03-21','0000-00-00 00:00:00',''),(9346,51,34,'Chuyện bên nhà mẹ',1,'2014-03-22','0000-00-00 00:00:00',''),(9347,51,34,'Hồ sơ pháp y',1,'2014-03-24','0000-00-00 00:00:00',''),(9348,58,34,'',1,'2014-03-24','0000-00-00 00:00:00',''),(9351,60,34,'',1,'2014-03-22','0000-00-00 00:00:00',''),(9352,60,34,'',1,'2014-03-21','0000-00-00 00:00:00',''),(9353,58,34,'',1,'2014-03-21','0000-00-00 00:00:00',''),(9354,26,34,'',1,'2014-03-21','0000-00-00 00:00:00',''),(9355,26,34,'',1,'2014-03-01','0000-00-00 00:00:00',''),(9356,58,34,'',1,'2014-03-01','0000-00-00 00:00:00',''),(9357,60,34,'',1,'2014-03-01','0000-00-00 00:00:00',''),(9358,26,34,'',1,'2014-03-03','0000-00-00 00:00:00',''),(9359,58,34,'',1,'2014-03-03','0000-00-00 00:00:00',''),(9360,60,34,'',1,'2014-03-03','0000-00-00 00:00:00',''),(9361,60,34,'',1,'2014-03-04','0000-00-00 00:00:00',''),(9362,58,34,'',1,'2014-03-04','0000-00-00 00:00:00',''),(9363,26,34,'',1,'2014-03-04','0000-00-00 00:00:00',''),(9364,26,34,'',1,'2014-03-05','0000-00-00 00:00:00',''),(9365,58,34,'',1,'2014-03-05','0000-00-00 00:00:00',''),(9366,60,34,'',1,'2014-03-05','0000-00-00 00:00:00',''),(9367,60,34,'',1,'2014-03-06','0000-00-00 00:00:00',''),(9368,58,34,'',1,'2014-03-06','0000-00-00 00:00:00',''),(9369,26,34,'',1,'2014-03-06','0000-00-00 00:00:00',''),(9370,26,34,'',1,'2014-03-07','0000-00-00 00:00:00',''),(9371,58,34,'',1,'2014-03-07','0000-00-00 00:00:00',''),(9372,60,34,'',1,'2014-03-07','0000-00-00 00:00:00',''),(9373,60,34,'',1,'2014-03-08','0000-00-00 00:00:00',''),(9374,58,34,'',1,'2014-03-08','0000-00-00 00:00:00',''),(9375,26,34,'',1,'2014-03-08','0000-00-00 00:00:00',''),(9376,26,34,'',1,'2014-03-10','0000-00-00 00:00:00',''),(9377,58,34,'',1,'2014-03-10','0000-00-00 00:00:00',''),(9378,60,34,'',1,'2014-03-10','0000-00-00 00:00:00',''),(9379,77,34,'Chuyện Cảnh Giác',1,'2014-03-07','0000-00-00 00:00:00',''),(9380,26,34,'',1,'2014-03-11','0000-00-00 00:00:00',''),(9381,58,34,'',1,'2014-03-11','0000-00-00 00:00:00',''),(9382,60,34,'',1,'2014-03-11','0000-00-00 00:00:00',''),(9383,60,34,'',1,'2014-03-12','0000-00-00 00:00:00',''),(9384,58,34,'',1,'2014-03-12','0000-00-00 00:00:00',''),(9385,26,34,'',1,'2014-03-12','0000-00-00 00:00:00',''),(9386,26,34,'',1,'2014-03-13','0000-00-00 00:00:00',''),(9387,58,34,'',1,'2014-03-13','0000-00-00 00:00:00',''),(9388,60,34,'',1,'2014-03-13','0000-00-00 00:00:00',''),(9389,60,34,'',1,'2014-03-14','0000-00-00 00:00:00',''),(9390,77,34,'Chuyện Cảnh Giác',1,'2014-03-14','0000-00-00 00:00:00',''),(9391,58,34,'Chuyện Cảnh Giác',1,'2014-03-14','0000-00-00 00:00:00',''),(9392,26,34,'Chuyện Cảnh Giác',1,'2014-03-14','0000-00-00 00:00:00',''),(9393,26,34,'Chuyện Cảnh Giác',1,'2014-03-15','0000-00-00 00:00:00',''),(9394,58,34,'Chuyện Cảnh Giác',1,'2014-03-15','0000-00-00 00:00:00',''),(9395,60,34,'Chuyện Cảnh Giác',1,'2014-03-15','0000-00-00 00:00:00',''),(9396,60,34,'Chuyện Cảnh Giác',1,'2014-03-17','0000-00-00 00:00:00',''),(9397,58,34,'',1,'2014-03-17','0000-00-00 00:00:00',''),(9398,26,34,'',1,'2014-03-17','0000-00-00 00:00:00',''),(9399,26,34,'',1,'2014-03-18','0000-00-00 00:00:00',''),(9400,58,34,'',1,'2014-03-18','0000-00-00 00:00:00',''),(9401,60,34,'',1,'2014-03-18','0000-00-00 00:00:00',''),(9402,60,34,'',1,'2014-03-19','0000-00-00 00:00:00',''),(9403,58,34,'',1,'2014-03-19','0000-00-00 00:00:00',''),(9404,26,34,'',1,'2014-03-19','0000-00-00 00:00:00',''),(9405,26,34,'',1,'2014-03-20','0000-00-00 00:00:00',''),(9406,58,34,'',1,'2014-03-20','0000-00-00 00:00:00',''),(9407,60,34,'',1,'2014-03-20','0000-00-00 00:00:00',''),(9408,53,34,'Chuyên đề kinh tế',1,'2014-03-24','0000-00-00 00:00:00',''),(9409,54,34,'',1,'2014-03-11','0000-00-00 00:00:00',''),(9410,54,34,'',1,'2014-03-14','0000-00-00 00:00:00',''),(9411,17,33,'VLNM_2403',1,'2014-03-24','0000-00-00 00:00:00',''),(9413,14,33,'TSK1_Trua_2403',1,'2014-03-24','0000-00-00 00:00:00',''),(9416,84,33,'TSK1_Toi_2403',1,'2014-03-24','0000-00-00 00:00:00',''),(9417,15,33,'TSk1_Toi_2403',1,'2014-03-24','0000-00-00 00:00:00',''),(9418,14,4,'ts trua',1,'2014-03-25','0000-00-00 00:00:00',''),(9419,15,4,'ts chieu',1,'2014-03-25','0000-00-00 00:00:00',''),(9420,16,4,'BTCN',1,'2014-03-25','0000-00-00 00:00:00',''),(9421,13,33,'PSN_Doan thanh nien xa Tan Binh... thanh nien nong thon',1,'2014-03-25','0000-00-00 00:00:00',''),(9422,13,33,'VMDT_Tra On day manh dau tu co so ha tang do thi',1,'2014-03-25','0000-00-00 00:00:00',''),(9423,13,33,'NDDT_Guong can bo doan sx gioi',1,'2014-03-25','0000-00-00 00:00:00',''),(9424,16,9,'Bản tin cuối ngày',1,'2014-03-01','0000-00-00 00:00:00',''),(9425,1,9,'KHNN_Các biện pháp phòng chống dịch cúm gia cầm_Q Chiến',1,'2014-03-03','0000-00-00 00:00:00',''),(9426,1,9,'NNNT_Về thăm NTM Đại Thành_THằng',1,'2014-03-04','0000-00-00 00:00:00',''),(9427,17,9,'VLNM',1,'2014-03-04','0000-00-00 00:00:00',''),(9428,14,9,'Bản tin trưa',1,'2014-03-05','0000-00-00 00:00:00',''),(9429,1,9,'CHN_Vấn đề phòng chống dịch cúm gia cầm_K Phụng',1,'2014-03-06','0000-00-00 00:00:00',''),(9430,14,9,'Bản tin trưa',1,'2014-03-07','0000-00-00 00:00:00',''),(9431,15,9,'Thời sự chiều 18h30',1,'2014-03-07','0000-00-00 00:00:00',''),(9432,14,9,'Bản tin trưa',1,'2014-03-08','0000-00-00 00:00:00',''),(9433,15,9,'Thời sự chiều 18h30',1,'2014-03-08','0000-00-00 00:00:00',''),(9434,16,9,'Bản tin cuối ngày',1,'2014-03-08','0000-00-00 00:00:00',''),(9435,1,9,'NNBV_Họp tác dịch vụ sản xuất lúa ở Mỹ Lộc_Q Chiến',1,'2014-03-10','0000-00-00 00:00:00',''),(9436,17,9,'VLNM',1,'2014-03-10','0000-00-00 00:00:00',''),(9437,13,9,'An toàn vệ sinh lao động và PCCN_C Âu',2,'2014-03-12','0000-00-00 00:00:00',''),(9438,14,9,'Bản tin trưa',1,'2014-03-13','0000-00-00 00:00:00',''),(9439,15,9,'Thời sự chiều 18h30',1,'2014-03-13','0000-00-00 00:00:00',''),(9441,16,9,'Bản tin cuối ngày',1,'2014-03-13','0000-00-00 00:00:00',''),(9442,14,9,'Bản tin trưa',1,'2014-03-15','0000-00-00 00:00:00',''),(9443,15,9,'Thời sự chiều 18h30',1,'2014-03-15','0000-00-00 00:00:00',''),(9444,84,9,'Chạy TS',1,'2014-03-15','0000-00-00 00:00:00',''),(9445,17,9,'VLNM',1,'2014-03-16','0000-00-00 00:00:00',''),(9446,1,9,'KHNN_Quản lý dịch hại nguy hiểm trên cây thanh long_Q Chiến',1,'2014-03-17','0000-00-00 00:00:00',''),(9447,13,9,'CT bảo đảm TTATGT- Nợ BHYT BHXH cần xử lý- Ý thức chấp hành ATVSLD PCCN',3,'2014-03-19','0000-00-00 00:00:00',''),(9448,16,9,'Bản tin cuối ngày',1,'2014-03-19','0000-00-00 00:00:00',''),(9449,13,9,'Ngày quốc tế Hạnh phúc...- Một số lưu ý khi SX lúa hè thu',2,'2014-03-20','0000-00-00 00:00:00',''),(9450,14,9,'Bản tin trưa',1,'2014-03-21','0000-00-00 00:00:00',''),(9451,15,9,'Thời sự chiều 18h30',1,'2014-03-21','0000-00-00 00:00:00',''),(9452,84,9,'Chạy TS',1,'2014-03-21','0000-00-00 00:00:00',''),(9453,17,9,'VLNM',1,'2014-03-22','0000-00-00 00:00:00',''),(9454,14,9,'Bản tin trưa',1,'2014-03-22','0000-00-00 00:00:00',''),(9455,15,9,'Thời sự chiều 18h30',1,'2014-03-22','0000-00-00 00:00:00',''),(9456,1,9,'NNBV_Hiệu quả ứng dụng giải pháp tích hợp trong SX lúa_Q Chiến',1,'2014-03-24','0000-00-00 00:00:00',''),(9457,14,9,'Bản tin trưa',1,'2014-03-25','0000-00-00 00:00:00',''),(9458,15,9,'Thời sự chiều 18h30',1,'2014-03-25','0000-00-00 00:00:00',''),(9459,16,9,'Bản tin cuối ngày',1,'2014-03-25','0000-00-00 00:00:00',''),(9460,3,30,'CCUM_Ky 247 - Ngo Thi Yen (co tai tro)_04032014',1,'2014-03-03','0000-00-00 00:00:00',''),(9461,1,30,'SKCB_05032014_Tim hieu ve phau thuat tao hinh tham my',1,'2014-03-04','0000-00-00 00:00:00',''),(9462,16,30,'ts kenh 2',1,'2014-03-04','0000-00-00 00:00:00',''),(9463,84,30,'ts kenh 1',1,'2014-03-07','0000-00-00 00:00:00',''),(9464,17,30,'vlnm',1,'2014-03-05','0000-00-00 00:00:00',''),(9465,3,30,'CCUM_Ky 248 - Bui Thuy Hang (co tai tro)_11032014',1,'2014-03-10','0000-00-00 00:00:00',''),(9466,1,30,'SKCB_12032014_Nhung bat on kho noi cua phai dep',1,'2014-03-11','0000-00-00 00:00:00',''),(9467,84,30,'ts kenh 1',1,'2014-03-12','0000-00-00 00:00:00',''),(9468,17,30,'vlnm',1,'2014-03-13','0000-00-00 00:00:00',''),(9469,16,30,'ts kenh 2',1,'2014-03-10','0000-00-00 00:00:00',''),(9470,13,30,'PSN_NCYT ky 117 ',2,'2014-03-12','0000-00-00 00:00:00',''),(9471,1,30,'DSDT_Nhip song vung ven',1,'2014-03-13','0000-00-00 00:00:00',''),(9472,3,30,'CCUM_Ky 249 - Nguyen Thi Hoai Thuong (co tai tro)_18032014',1,'2014-03-17','0000-00-00 00:00:00',''),(9473,84,30,'ts kenh 1',1,'2014-03-18','0000-00-00 00:00:00',''),(9474,1,30,'SKCB_Di dang mach mau nao_19032014',1,'2014-03-18','0000-00-00 00:00:00',''),(9475,1,30,'CHN_Chat luong nguon nhan luc DBSCL thuc trang va giai phap',1,'2014-03-19','0000-00-00 00:00:00',''),(9476,17,30,'vlnm',1,'2014-03-19','0000-00-00 00:00:00',''),(9477,16,30,'ts kenh 2',1,'2014-03-22','0000-00-00 00:00:00',''),(9478,1,30,'DSDT_Cu dan do thi thuc hien ATVSLD PCCN',1,'2014-03-20','0000-00-00 00:00:00',''),(9479,13,30,'SMSH_Ky 19',2,'2014-03-21','0000-00-00 00:00:00',''),(9480,13,30,'STLH_Tung bung nao nhiet le hoi cung bien Dong Hai - Tra Vinh',1,'2014-03-21','0000-00-00 00:00:00',''),(9481,27,26,'',1,'2014-03-24','0000-00-00 00:00:00',''),(9482,89,26,'',1,'2014-03-24','0000-00-00 00:00:00',''),(9483,28,26,'',1,'2014-03-25','0000-00-00 00:00:00',''),(9484,27,26,'',1,'2014-03-26','0000-00-00 00:00:00',''),(9485,28,26,'',1,'2014-03-27','0000-00-00 00:00:00',''),(9486,27,26,'',1,'2014-03-28','0000-00-00 00:00:00',''),(9487,89,26,'',1,'2014-03-28','0000-00-00 00:00:00',''),(9488,27,26,'',1,'2014-03-29','0000-00-00 00:00:00',''),(9489,89,26,'',1,'2014-03-29','0000-00-00 00:00:00',''),(9490,32,26,'',1,'2014-03-30','0000-00-00 00:00:00',''),(9491,26,34,'',1,'2014-03-25','0000-00-00 00:00:00',''),(9492,8,9,'Họa sĩ Lâm Chiêu Đồng_Thu Hà',1,'2014-03-26','0000-00-00 00:00:00',''),(9493,58,34,'',1,'2014-03-25','0000-00-00 00:00:00',''),(9494,60,34,'',1,'2014-03-25','0000-00-00 00:00:00',''),(9495,60,34,'',1,'2014-03-26','0000-00-00 00:00:00',''),(9496,58,34,'',1,'2014-03-26','0000-00-00 00:00:00',''),(9497,26,34,'',1,'2014-03-26','0000-00-00 00:00:00',''),(9498,26,34,'',1,'2014-03-27','0000-00-00 00:00:00',''),(9499,58,34,'',1,'2014-03-27','0000-00-00 00:00:00',''),(9500,60,34,'',1,'2014-03-27','0000-00-00 00:00:00',''),(9501,54,34,'',1,'2014-03-27','0000-00-00 00:00:00',''),(9502,15,9,'Thời sự chiều 18h30',1,'2014-03-26','0000-00-00 00:00:00',''),(9503,84,9,'Chay TS',1,'2014-03-26','0000-00-00 00:00:00',''),(9504,53,34,'VTLS1',1,'2014-03-27','0000-00-00 00:00:00',''),(9505,52,34,'Ma kiếm sinh tử kỳ',1,'2014-03-27','0000-00-00 00:00:00',''),(9506,17,4,'VLNM',1,'2014-03-28','0000-00-00 00:00:00',''),(9507,5,4,'CXNA Trung Chanh',1,'2014-03-29','0000-00-00 00:00:00',''),(9508,1,33,'GDDT_Ky IV thang 3_De an tuyen sinh rieng_27032014',1,'2014-03-26','0000-00-00 00:00:00',''),(9509,1,33,'CHN_De an Vinh Long 100_27032014',1,'2014-03-27','0000-00-00 00:00:00',''),(9510,16,33,'TSK2_Toi_2702',1,'2014-03-27','0000-00-00 00:00:00',''),(9511,14,33,'TSK1_Trua_2802',1,'2014-03-28','0000-00-00 00:00:00',''),(9512,15,33,'TSK1_Toi_2802',1,'2014-03-28','0000-00-00 00:00:00',''),(9513,26,34,'',1,'2014-03-28','0000-00-00 00:00:00',''),(9514,58,34,'',1,'2014-03-28','0000-00-00 00:00:00',''),(9515,60,34,'',1,'2014-03-28','0000-00-00 00:00:00',''),(9516,50,34,'Biết để làm đúng',1,'2014-03-28','0000-00-00 00:00:00',''),(9517,26,34,'',1,'2014-03-29','0000-00-00 00:00:00',''),(9518,58,34,'',1,'2014-03-29','0000-00-00 00:00:00',''),(9519,60,34,'',1,'2014-03-29','0000-00-00 00:00:00',''),(9520,77,34,'',1,'2014-03-29','0000-00-00 00:00:00',''),(9521,50,34,'Sức khỏe là vàng',1,'2014-03-29','0000-00-00 00:00:00',''),(9522,3,30,'CCUM_Ky 250 - Dao Si Nghiep (co tai tro)_25032014',1,'2014-03-24','0000-00-00 00:00:00',''),(9523,1,30,'SKCB_26032014_Viem gan sieu vi B',1,'2014-03-25','0000-00-00 00:00:00',''),(9524,84,30,'ts kenh 1',1,'2014-03-24','0000-00-00 00:00:00',''),(9525,17,30,'vlnm',1,'2014-03-25','0000-00-00 00:00:00',''),(9526,14,30,'ts kenh 1',1,'2014-03-26','0000-00-00 00:00:00',''),(9527,15,30,'ts kenh 1',1,'2014-03-26','0000-00-00 00:00:00',''),(9528,14,30,'ts kenh 1',1,'2014-03-27','0000-00-00 00:00:00',''),(9529,15,30,'ts kenh 1',1,'2014-03-27','0000-00-00 00:00:00',''),(9530,13,30,'Phong van ong Nguyen Ngoc An - Pho cuc truong Cuc thong ke',1,'2014-03-28','0000-00-00 00:00:00',''),(9531,13,30,'STLH_Tham bien ho Campuchia',1,'2014-03-28','0000-00-00 00:00:00',''),(9532,13,30,'GN_Soi dong ngay hoi du lich TPHCM lan 10 nam 2014',1,'2014-03-28','0000-00-00 00:00:00',''),(9533,13,30,'VMDT_Vinh Long phat trien do thi va nha o',1,'2014-03-28','0000-00-00 00:00:00',''),(9534,16,30,'ts kenh 2',1,'2014-03-28','0000-00-00 00:00:00',''),(9535,13,30,'PSN toa dam y te_29032014',2,'2014-03-29','0000-00-00 00:00:00',''),(9536,14,5,'',1,'2014-03-01','0000-00-00 00:00:00',''),(9537,15,5,'',1,'2014-03-01','0000-00-00 00:00:00',''),(9538,84,5,'',1,'2014-03-01','0000-00-00 00:00:00',''),(9539,17,5,'trực tiếp với Nhàn',1,'2014-03-02','0000-00-00 00:00:00',''),(9540,13,5,'',2,'2014-03-03','0000-00-00 00:00:00',''),(9541,84,5,'trực tiếp với Nhàn',1,'2014-03-03','0000-00-00 00:00:00',''),(9542,1,5,'TC VHVN',2,'2014-03-05','0000-00-00 00:00:00',''),(9543,1,5,'ĐS đô thị',1,'2014-03-06','0000-00-00 00:00:00',''),(9544,17,5,'trực tiếp với Nhàn',1,'2014-03-08','0000-00-00 00:00:00',''),(9545,13,5,'',2,'2014-03-10','0000-00-00 00:00:00',''),(9546,1,5,'TC VHVN',2,'2014-03-12','0000-00-00 00:00:00',''),(9547,84,5,'trực tiếp với Phong',1,'2014-03-13','0000-00-00 00:00:00',''),(9548,17,5,'trực tiếp với Phong',1,'2014-03-14','0000-00-00 00:00:00',''),(9549,9,5,'',1,'2014-03-14','0000-00-00 00:00:00',''),(9550,9,5,'',1,'2014-03-15','0000-00-00 00:00:00',''),(9551,1,5,'TC VHVN',2,'2014-03-18','0000-00-00 00:00:00',''),(9552,84,5,'trực tiếp với Phong',1,'2014-03-19','0000-00-00 00:00:00',''),(9553,17,5,'trực tiếp với Phong',1,'2014-03-20','0000-00-00 00:00:00',''),(9554,9,5,'',1,'2014-03-20','0000-00-00 00:00:00',''),(9555,2,5,'Cẩm Âu',1,'2014-03-21','0000-00-00 00:00:00',''),(9556,13,5,'',1,'2014-03-22','0000-00-00 00:00:00',''),(9557,1,5,'TC VHVN',2,'2014-03-25','0000-00-00 00:00:00',''),(9558,84,5,'trực tiếp với Phong',1,'2014-03-25','0000-00-00 00:00:00',''),(9559,17,5,'trực tiếp với Phong',1,'2014-03-26','0000-00-00 00:00:00',''),(9560,1,5,'TC VHVN',2,'2014-03-27','0000-00-00 00:00:00',''),(9561,13,5,'Trâm Anh',1,'2014-03-28','0000-00-00 00:00:00',''),(9562,13,5,'Bích Chi',1,'2014-03-29','0000-00-00 00:00:00',''),(9563,16,5,'',1,'2014-03-29','0000-00-00 00:00:00',''),(9564,14,9,'Bản tin trưa',1,'2014-03-28','0000-00-00 00:00:00',''),(9565,15,9,'Thời sự chiều 18h30',1,'2014-03-28','0000-00-00 00:00:00',''),(9566,17,9,'VLNM',1,'2014-03-28','0000-00-00 00:00:00',''),(9567,14,9,'Bản tin trưa',1,'2014-03-29','0000-00-00 00:00:00',''),(9568,6,7,'Kỳ 201 _ Nguyễn Văn Tâm',1,'2014-03-01','0000-00-00 00:00:00',''),(9569,2,7,'TCKT',1,'2014-03-03','0000-00-00 00:00:00',''),(9570,16,7,'Ban tin cuối ngày',1,'2014-03-03','0000-00-00 00:00:00',''),(9571,2,7,'PS hợp đồng của Công an tỉnh',1,'2014-03-04','0000-00-00 00:00:00',''),(9572,84,7,'',1,'2014-03-04','0000-00-00 00:00:00',''),(9573,15,7,'',1,'2014-03-05','0000-00-00 00:00:00',''),(9574,6,7,'Kỳ 202 _ Hội người mù huyện Tam Nông',1,'2014-03-08','0000-00-00 00:00:00',''),(9575,17,7,'',1,'2014-03-09','0000-00-00 00:00:00',''),(9576,14,7,'',1,'2014-03-10','0000-00-00 00:00:00',''),(9577,15,7,'',1,'2014-03-10','0000-00-00 00:00:00',''),(9578,13,7,'',3,'2014-03-11','0000-00-00 00:00:00',''),(9580,84,7,'',1,'2014-03-11','0000-00-00 00:00:00',''),(9581,17,7,'',1,'2014-03-12','0000-00-00 00:00:00',''),(9582,14,7,'',1,'2014-03-12','0000-00-00 00:00:00',''),(9583,15,7,'',1,'2014-03-12','0000-00-00 00:00:00',''),(9584,6,7,'Kỳ 203 _ Đỗ Thanh Tuấn',1,'2014-03-15','0000-00-00 00:00:00',''),(9585,16,7,'Bản tin cuối ngày',1,'2014-03-15','0000-00-00 00:00:00',''),(9589,84,7,'',1,'2014-03-17','0000-00-00 00:00:00',''),(9590,13,7,'',2,'2014-03-17','0000-00-00 00:00:00',''),(9591,14,7,'',1,'2014-03-18','0000-00-00 00:00:00',''),(9592,15,7,'',1,'2014-03-18','0000-00-00 00:00:00',''),(9593,1,7,'QPTD',1,'2014-03-19','0000-00-00 00:00:00',''),(9594,17,7,'',1,'2014-03-18','0000-00-00 00:00:00',''),(9595,16,7,'Bản tin cuối ngày',1,'2014-03-21','0000-00-00 00:00:00',''),(9596,6,7,'Kỳ 204 _ Kim Thị Mỹ Hạnh',1,'2014-03-22','0000-00-00 00:00:00',''),(9597,17,7,'',1,'2014-03-24','0000-00-00 00:00:00',''),(9598,13,7,'PSN (Chuyện Hôm Nay)',2,'2014-03-24','0000-00-00 00:00:00',''),(9599,1,7,'Đời sống đô thị',1,'2014-03-25','0000-00-00 00:00:00',''),(9600,14,7,'',1,'2014-03-26','0000-00-00 00:00:00',''),(9601,13,7,'',1,'2014-03-26','0000-00-00 00:00:00',''),(9602,84,7,'',1,'2014-03-26','0000-00-00 00:00:00',''),(9603,16,7,'Bản tin cuối ngày',1,'2014-03-27','0000-00-00 00:00:00',''),(9604,6,7,'Kỳ 205 _ Cao Thị Chính',1,'2014-03-29','0000-00-00 00:00:00',''),(9605,17,7,'',1,'2014-03-30','0000-00-00 00:00:00',''),(9606,39,26,'',1,'2014-04-01','0000-00-00 00:00:00',''),(9607,27,26,'',1,'2014-04-01','0000-00-00 00:00:00',''),(9608,89,26,'',1,'2014-04-01','0000-00-00 00:00:00',''),(9609,39,26,'',1,'2014-04-02','0000-00-00 00:00:00',''),(9610,27,26,'',1,'2014-04-02','0000-00-00 00:00:00',''),(9611,89,26,'',1,'2014-04-02','0000-00-00 00:00:00',''),(9612,39,26,'',1,'2014-04-03','0000-00-00 00:00:00',''),(9613,28,26,'',1,'2014-04-03','0000-00-00 00:00:00',''),(9614,39,26,'',1,'2014-04-04','0000-00-00 00:00:00',''),(9615,27,26,'',1,'2014-04-04','0000-00-00 00:00:00',''),(9616,28,26,'',1,'2014-04-04','0000-00-00 00:00:00',''),(9617,89,26,'',1,'2014-04-04','0000-00-00 00:00:00',''),(9618,39,26,'',1,'2014-04-05','0000-00-00 00:00:00',''),(9619,28,26,'',1,'2014-04-05','0000-00-00 00:00:00',''),(9620,39,26,'',1,'2014-04-06','0000-00-00 00:00:00',''),(9622,14,4,'TS trua',1,'2014-04-01','0000-00-00 00:00:00',''),(9623,15,4,'TS chieu',1,'2014-04-01','0000-00-00 00:00:00',''),(9624,64,33,'DS DCND_Ngo Van Do_01042014',1,'2014-04-01','0000-00-00 00:00:00',''),(9625,79,28,'',2,'2014-04-01','0000-00-00 00:00:00',''),(9626,35,28,'',2,'2014-04-02','0000-00-00 00:00:00',''),(9627,33,28,'',1,'2014-04-02','0000-00-00 00:00:00',''),(9628,35,28,'',2,'2014-04-03','0000-00-00 00:00:00',''),(9629,81,28,'',1,'2014-04-03','0000-00-00 00:00:00',''),(9630,37,28,'',1,'2014-04-04','0000-00-00 00:00:00',''),(9631,35,28,'',2,'2014-04-04','0000-00-00 00:00:00',''),(9632,35,28,'',2,'2014-04-05','0000-00-00 00:00:00',''),(9633,83,28,'',1,'2014-04-05','0000-00-00 00:00:00',''),(9634,1,9,'KHNN_Chăm sóc và phòng trừ dịch hại trên cây chanh_Q Chiến',1,'2014-04-01','0000-00-00 00:00:00',''),(9635,17,4,'VLNM',1,'2014-04-03','0000-00-00 00:00:00',''),(9636,1,33,'GDDT_Ky 1 thang 4_Bai toan dao tao nhan luc...',1,'2014-04-02','0000-00-00 00:00:00',''),(9637,37,25,'',1,'2014-04-01','0000-00-00 00:00:00',''),(9638,37,25,'',1,'2014-04-06','0000-00-00 00:00:00',''),(9639,28,25,'',1,'2014-04-01','0000-00-00 00:00:00',''),(9640,28,25,'',1,'2014-04-02','0000-00-00 00:00:00',''),(9641,28,25,'',1,'2014-04-04','0000-00-00 00:00:00',''),(9642,27,25,'',1,'2014-04-04','0000-00-00 00:00:00',''),(9643,27,25,'',1,'2014-04-03','0000-00-00 00:00:00',''),(9644,27,25,'',1,'2014-04-02','0000-00-00 00:00:00',''),(9645,27,25,'',1,'2014-04-01','0000-00-00 00:00:00',''),(9646,27,25,'',1,'2014-04-05','0000-00-00 00:00:00',''),(9647,89,25,'',1,'2014-04-05','0000-00-00 00:00:00',''),(9648,49,35,'Background chương trình Chính sách Pháp luật',1,'2014-03-31','0000-00-00 00:00:00',''),(9650,49,35,'background chương trình chính sách pháp luật',1,'2014-03-31','0000-00-00 00:00:00',''),(9651,1,7,'Chuyện hôm nay',1,'2014-04-01','0000-00-00 00:00:00',''),(9652,1,7,'Nông thôn mới',1,'2014-04-01','0000-00-00 00:00:00',''),(9653,1,7,'QPTD',1,'2014-04-02','0000-00-00 00:00:00',''),(9654,16,7,'',1,'2014-04-02','0000-00-00 00:00:00',''),(9655,16,6,'Thoi su 22h',1,'2014-04-01','0000-00-00 00:00:00',''),(9656,13,6,'Nhung kinh nghiem trong chi dao....nong thon moi',1,'2014-04-01','0000-00-00 00:00:00',''),(9657,13,6,'Vinh long no luc bao ve va tai tao nguon loi thuy san',1,'2014-04-01','0000-00-00 00:00:00',''),(9658,13,6,'Can day manh mua lua gao tam tru',1,'2014-04-02','0000-00-00 00:00:00',''),(9659,13,6,'ATLB: Cong an huyen tam binh............an toan giao thong',1,'2014-04-02','0000-00-00 00:00:00',''),(9664,49,35,'background Chính sách Pháp luật',1,'2014-04-01','0000-00-00 00:00:00',''),(9665,16,15,'ts k2',4,'2014-04-01','0000-00-00 00:00:00',''),(9666,49,35,'background Thế giới giải trí',1,'2014-04-02','0000-00-00 00:00:00',''),(9667,17,15,'vlnm',5,'2014-04-01','0000-00-00 00:00:00',''),(9668,86,15,'vtls1',5,'2014-04-01','0000-00-00 00:00:00',''),(9669,80,15,'vqtt',4,'2014-04-01','0000-00-00 00:00:00',''),(9670,26,34,'',1,'2014-04-01','0000-00-00 00:00:00',''),(9671,58,34,'',1,'2014-04-01','0000-00-00 00:00:00',''),(9672,60,34,'',1,'2014-04-01','0000-00-00 00:00:00',''),(9673,26,34,'',1,'2014-04-02','0000-00-00 00:00:00',''),(9674,58,34,'',1,'2014-04-02','0000-00-00 00:00:00',''),(9675,58,34,'',1,'2014-04-03','0000-00-00 00:00:00',''),(9676,26,34,'',1,'2014-04-03','0000-00-00 00:00:00',''),(9678,53,20,'CDKte',1,'2014-04-01','0000-00-00 00:00:00',''),(9679,53,20,'CDKte',2,'2014-04-01','0000-00-00 00:00:00',''),(9680,50,20,'cay phao hoa',3,'2014-04-02','0000-00-00 00:00:00',''),(9681,53,20,'cai dia (3D)',1,'2014-04-03','0000-00-00 00:00:00',''),(9683,49,35,'Vợ tôi là số 1',1,'2014-04-03','0000-00-00 00:00:00',''),(9684,13,6,'Kinh nghiem bon phan.....cho vu lua he thu',1,'2014-04-03','0000-00-00 00:00:00',''),(9685,13,6,'Thanh pho Viet Tri tung bung.....le hoi den hung',1,'2014-04-03','0000-00-00 00:00:00',''),(9686,84,6,'',1,'2014-04-03','0000-00-00 00:00:00',''),(9687,17,6,'',1,'2014-04-04','0000-00-00 00:00:00',''),(9688,13,6,'Cac dia phuong chuan bi dang huong tuong niem cac vua hung',1,'2014-04-04','0000-00-00 00:00:00',''),(9689,13,6,'Tang cuong quan ly hoat dong.......le hoi den hung',1,'2014-04-04','0000-00-00 00:00:00',''),(9690,13,6,'Cac lang xoan co luyen tap chuan bi gio to',1,'2014-04-04','0000-00-00 00:00:00',''),(9691,13,6,'Tap luyen le te quoc to Lac Long Quan',1,'2014-04-04','0000-00-00 00:00:00',''),(9692,13,33,'PSN_Mang tinh phuong Nam ve dat to',1,'2014-04-03','0000-00-00 00:00:00',''),(9693,13,33,'PSN_Canh giac voi toi pham trom cap xe mo to',1,'2014-04-03','0000-00-00 00:00:00',''),(9694,13,6,'Nganh cong nghiep vinh long tap trung......nang luc san xuat',1,'2014-04-04','0000-00-00 00:00:00',''),(9695,1,33,'XDD_Doi moi can ban toan dien giao duc dao tao',1,'2014-04-04','0000-00-00 00:00:00',''),(9696,77,34,'Chuyện Cảnh Giác',1,'2014-04-03','0000-00-00 00:00:00',''),(9697,26,34,'Chuyện Cảnh Giác',1,'2014-04-04','0000-00-00 00:00:00',''),(9698,58,34,'',1,'2014-04-04','0000-00-00 00:00:00',''),(9699,84,33,'TSK1_Toi_0404',1,'2014-04-04','0000-00-00 00:00:00',''),(9700,5,4,'CXNA Thanh binh Vung liem',1,'2014-04-05','0000-00-00 00:00:00',''),(9701,13,4,'PV Phan Nhua Ai',1,'2014-04-05','0000-00-00 00:00:00',''),(9702,65,4,'DCND',1,'2014-04-05','0000-00-00 00:00:00',''),(9703,13,33,'PSN_BNN_118',1,'2014-04-05','0000-00-00 00:00:00',''),(9704,17,33,'VLNM_0504',1,'2014-04-05','0000-00-00 00:00:00',''),(9705,16,33,'TSK2_0504',1,'2014-04-05','0000-00-00 00:00:00',''),(9706,16,33,'BTCT_0604',1,'2014-04-05','0000-00-00 00:00:00',''),(9707,13,6,'Giai phap han che tinh trang cho qua tai....quoc lo 53',1,'2014-04-05','0000-00-00 00:00:00',''),(9708,13,6,'Canh chua thanh tra ca ngat',1,'2014-04-05','0000-00-00 00:00:00',''),(9709,14,33,'TSK1_Trua_0704',1,'2014-04-07','0000-00-00 00:00:00','');
/*!40000 ALTER TABLE `ktth_salarydaily` ENABLE KEYS */;
UNLOCK TABLES;

--
-- Table structure for table `ktth_user`
--

DROP TABLE IF EXISTS `ktth_user`;
/*!40101 SET @saved_cs_client     = @@character_set_client */;
/*!40101 SET character_set_client = utf8 */;
CREATE TABLE `ktth_user` (
  `id` int(11) NOT NULL AUTO_INCREMENT,
  `id_position` int(11) NOT NULL,
  `user` varchar(50) NOT NULL,
  `pass` varchar(255) NOT NULL,
  `gender` tinyint(1) DEFAULT NULL,
  `note` varchar(50) DEFAULT NULL,
  `type` tinyint(4) NOT NULL,
  `rule` int(11) NOT NULL,
  PRIMARY KEY (`id`),
  KEY `ktth_user_1` (`id_position`),
  CONSTRAINT `ktth_user_1` FOREIGN KEY (`id_position`) REFERENCES `ktth_positions` (`id`) ON DELETE CASCADE ON UPDATE CASCADE
) ENGINE=InnoDB AUTO_INCREMENT=36 DEFAULT CHARSET=utf8;
/*!40101 SET character_set_client = @saved_cs_client */;

--
-- Dumping data for table `ktth_user`
--

LOCK TABLES `ktth_user` WRITE;
/*!40000 ALTER TABLE `ktth_user` DISABLE KEYS */;
INSERT INTO `ktth_user` VALUES (1,5,'quangphuong','BOII1W82CWanitoMIxTH4wrlUQNuiV3YOlPbvm4X+I0=',1,'Nguyễn Quang Phương',4,5),(2,5,'thanhhung','VUGPCGuEjarmkXKQ1UJIKzXr2kFT/m49du3IxqUrAfQ=',1,'Nguyễn Thành Hưng',4,5),(3,1,'minhphuong','VUGPCGuEjarmkXKQ1UJIKzXr2kFT/m49du3IxqUrAfQ=',0,'Trương Thị Minh Phương',3,5),(4,1,'vanteo','Wt7QlwiofC66Jwoxhs2X/GeF3qD+EuHKOwHJ+HItcOk=',1,'Lê Văn Tèo',0,5),(5,1,'haiho','9p1UOygQSC8CwrpNMKediSR8cKmgH9+1PUIF/gLaTgE=',1,'Lưu Hải Hồ',0,5),(6,1,'thanhnhan','rsH8oJ8bQQAm2hYQ08s7p+u8f2mrjyKGY6hcLnzYjoE=',1,'Nguyễn Thanh Nhàn',0,5),(7,1,'thenhan','Afm/MmsxbB4xdQqqbWKUc0qmpH6J+iZ0AIBbN7Xq/vA=',1,'Nguyễn Thế Nhân',0,5),(8,1,'hoangphong','VUGPCGuEjarmkXKQ1UJIKzXr2kFT/m49du3IxqUrAfQ=',1,'Bùi Hoàng Phong',0,5),(9,1,'tuhieu','xA/BEypspzxRt18U9lDuoH+qMhCt9SOmTzzhlHmLFns=',1,'Trần Tứ Hiếu',0,5),(10,1,'phiyen','VUGPCGuEjarmkXKQ1UJIKzXr2kFT/m49du3IxqUrAfQ=',0,'Ngô Phi Yến',0,5),(11,1,'quangnhut','CrsCy0WGN8TdUKIQrTXJ04/RlM+boT57Bjvepy80yBs=',1,'Nguyễn Quang Nhựt',0,5),(12,1,'giaqui','VUGPCGuEjarmkXKQ1UJIKzXr2kFT/m49du3IxqUrAfQ=',1,'Ngô Gia Quí',0,5),(13,1,'minhduc','VUGPCGuEjarmkXKQ1UJIKzXr2kFT/m49du3IxqUrAfQ=',1,'Nguyễn Minh Đức',0,5),(14,1,'thanhphong','VUGPCGuEjarmkXKQ1UJIKzXr2kFT/m49du3IxqUrAfQ=',1,'Trần Thanh Phong',0,5),(15,1,'minhkhoa','XGp6B6XmEptKusBpRrT043tGKzDKrPFMOxVUPMUjvm4=',1,'Nguyễn Minh Khoa',0,5),(16,3,'dangkhoa','VUGPCGuEjarmkXKQ1UJIKzXr2kFT/m49du3IxqUrAfQ=',1,'Nguyễn Đăng Khoa',3,5),(17,3,'haidang','VUGPCGuEjarmkXKQ1UJIKzXr2kFT/m49du3IxqUrAfQ=',1,'Mai Hoàng Hải Đăng',0,5),(18,3,'kinhluan','Atw91e0zB7LZarlMbjnTu4d5MZUoE+KRVac9S/9q5lY=',1,'Bùi Điều Kinh Luân',0,5),(19,3,'hoanglam','VUGPCGuEjarmkXKQ1UJIKzXr2kFT/m49du3IxqUrAfQ=',1,'Nguyễn Hoàng Lâm',0,5),(20,3,'bichkieu','VErbwB8PEVsRuom7b1L9a3HEYFnyeAwTCyOP6puoDIg=',0,'Châu Ngọc Bích Kiều',0,5),(21,3,'quochuy','VUGPCGuEjarmkXKQ1UJIKzXr2kFT/m49du3IxqUrAfQ=',1,'Lê Thanh Quốc Huy',0,4),(22,2,'quocviet','VUGPCGuEjarmkXKQ1UJIKzXr2kFT/m49du3IxqUrAfQ=',1,'Võ Quốc Việt',3,5),(23,1,'ngochai','VUGPCGuEjarmkXKQ1UJIKzXr2kFT/m49du3IxqUrAfQ=',1,'Hà Ngọc Hải',0,5),(24,2,'thanhdo','VUGPCGuEjarmkXKQ1UJIKzXr2kFT/m49du3IxqUrAfQ=',1,'Nguyễn Thành Đô',0,5),(25,2,'ThanhBao','ZQkWO1ky2hJIxm4WKyXI8Swe9m6i1kEB3BJhXz5vRE0=',1,'Nguyễn Thanh Bảo',4,5),(26,2,'nguyenduc','VUGPCGuEjarmkXKQ1UJIKzXr2kFT/m49du3IxqUrAfQ=',1,'Nguyễn Thái Đức',0,2),(27,2,'nguyenphuong','VUGPCGuEjarmkXKQ1UJIKzXr2kFT/m49du3IxqUrAfQ=',0,'Lê Nguyên Phương',0,4),(28,2,'tiendung','8bpFWa4J2vuIPIvbBbReZjNG0cRTqHv90xaGZ3vFnIk=',1,'Lê Tiến Dũng',0,5),(29,2,'ngoctho','VUGPCGuEjarmkXKQ1UJIKzXr2kFT/m49du3IxqUrAfQ=',1,'Bùi Văn Ngọc Thơ',0,5),(30,1,'nhattan','VUGPCGuEjarmkXKQ1UJIKzXr2kFT/m49du3IxqUrAfQ=',1,'Nguyễn Nhật Tân',0,5),(31,3,'tolan','omxQIMdjyFEMpQOohUmFem7/CiPLg8twRqMmavbcPRQ=',0,'Trần Thị Tố Lan',0,5),(32,2,'huugiao','srD7544XebPdGjccGY14vtA+gw4/Lnr4iZzuifVMWnM=',1,'Võ Hữu Giao',0,2),(33,1,'tronghuynh','erRF5l/AgIxPt7GHuNiKkzC5tUfK0+v7QuyANUhl7mg=',1,'Lê Nguyễn Trọng Huỳnh',0,5),(34,3,'thanhquang','339n0Xhj+OOmGAm9lQNZ4JtLn57nlUVHOklSCUktn8s=',1,'Phạm Thanh Quang',0,5),(35,3,'HuongGiang','Ulf9MWU9eZl4mOxlICFcbSs5WdO+up5ST/WTtNGHgRc=',0,'Lê Hương Giang',0,5);
/*!40000 ALTER TABLE `ktth_user` ENABLE KEYS */;
UNLOCK TABLES;

--
-- Table structure for table `ktth_video`
--

DROP TABLE IF EXISTS `ktth_video`;
/*!40101 SET @saved_cs_client     = @@character_set_client */;
/*!40101 SET character_set_client = utf8 */;
CREATE TABLE `ktth_video` (
  `id` int(11) NOT NULL AUTO_INCREMENT,
  `name` varchar(125) COLLATE utf8_unicode_ci NOT NULL,
  `time` timestamp NOT NULL DEFAULT CURRENT_TIMESTAMP ON UPDATE CURRENT_TIMESTAMP,
  `url` varchar(125) COLLATE utf8_unicode_ci NOT NULL,
  `note` varchar(125) COLLATE utf8_unicode_ci NOT NULL,
  `count` int(11) NOT NULL,
  `key` varchar(250) COLLATE utf8_unicode_ci NOT NULL,
  PRIMARY KEY (`id`)
) ENGINE=InnoDB AUTO_INCREMENT=25 DEFAULT CHARSET=utf8 COLLATE=utf8_unicode_ci;
/*!40101 SET character_set_client = @saved_cs_client */;

--
-- Dumping data for table `ktth_video`
--

LOCK TABLES `ktth_video` WRITE;
/*!40000 ALTER TABLE `ktth_video` DISABLE KEYS */;
INSERT INTO `ktth_video` VALUES (12,'3Ds Max 2009 hướng dẫn cơ bản','2013-10-28 04:14:59','http://www.youtube.com/embed/ljhY_Wca_Bc','',78,'3ds-max-2009-huong-dan-co-ban-12'),(15,'Hướng dẫn 3ds Max Bài 2 Cơ bản 3ds Max','2013-10-28 04:17:20','http://www.youtube.com/embed/EZRqvTVexW4','',46,'huong-dan-3ds-max-bai-2-co-ban-3ds-max-15'),(16,'1.Mười Đều Tâm Niệm','2012-11-16 16:52:50','http://www.youtube.com/embed/61Lg9EXMros','',25,'1muoi-deu-tam-niem-16'),(17,'2. 15.Hoan Hỷ Đắt Thiền, Buồn Phiền Sanh Bệnh','2012-11-16 16:52:50','http://www.youtube.com/embed/QRkww94txys','',51,'2-15hoan-hy-dat-thien-buon-phien-sanh-benh-17'),(18,'5.Tám Công Năng Của Thập Chú','2012-11-19 04:50:54','http://www.youtube.com/embed/UGRSrdWyhgo','',44,'5tam-cong-nang-cua-thap-chu-18'),(19,'2.Tạo Phước Trong Mùa An Cư','2012-11-16 16:52:50','http://www.youtube.com/embed/HMCb_Zlp8Os','',30,'2tao-phuoc-trong-mua-an-cu-19'),(20,'3.Bốn Trạng Thái Tâm Với Bốn Quả Táo','2012-11-16 16:52:50','http://www.youtube.com/embed/gWQvq5Xe_oA','',21,'3bon-trang-thai-tam-voi-bon-qua-tao-20'),(21,'4.Sức Mạnh Của Tâm','2012-11-16 16:52:50','http://www.youtube.com/embed/ehtdpxg--5s','',22,'4suc-manh-cua-tam-21'),(22,'5.Rồng - Một Trong Tứ Linh','2012-11-16 16:52:50','http://www.youtube.com/embed/11oDTJoJeNA','',20,'5rong-mot-trong-tu-linh-22'),(23,'6.9 Pháp Chướng Đạo','2012-11-16 16:52:50','http://www.youtube.com/embed/wniG6JS_Lr4','',31,'69-phap-chuong-dao-23'),(24,'7.Những Phương Pháp Chúng Đạo','2012-11-16 16:52:50','http://www.youtube.com/embed/LByoCiHNt5U','',21,'7nhung-phuong-phap-chung-dao-24');
/*!40000 ALTER TABLE `ktth_video` ENABLE KEYS */;
UNLOCK TABLES;

--
-- Table structure for table `ktth_video_library`
--

DROP TABLE IF EXISTS `ktth_video_library`;
/*!40101 SET @saved_cs_client     = @@character_set_client */;
/*!40101 SET character_set_client = utf8 */;
CREATE TABLE `ktth_video_library` (
  `id` int(11) NOT NULL AUTO_INCREMENT,
  `id_category` int(11) NOT NULL,
  `id_video` int(11) NOT NULL,
  PRIMARY KEY (`id`),
  KEY `ktth_video_library_1` (`id_category`),
  KEY `ktth_video_library_2` (`id_video`),
  CONSTRAINT `ktth_video_library_1` FOREIGN KEY (`id_category`) REFERENCES `ktth_category_video` (`id`) ON DELETE CASCADE ON UPDATE CASCADE,
  CONSTRAINT `ktth_video_library_2` FOREIGN KEY (`id_video`) REFERENCES `ktth_video` (`id`) ON DELETE CASCADE ON UPDATE CASCADE
) ENGINE=InnoDB AUTO_INCREMENT=3 DEFAULT CHARSET=utf8 COLLATE=utf8_unicode_ci;
/*!40101 SET character_set_client = @saved_cs_client */;

--
-- Dumping data for table `ktth_video_library`
--

LOCK TABLES `ktth_video_library` WRITE;
/*!40000 ALTER TABLE `ktth_video_library` DISABLE KEYS */;
INSERT INTO `ktth_video_library` VALUES (1,1,12),(2,1,15);
/*!40000 ALTER TABLE `ktth_video_library` ENABLE KEYS */;
UNLOCK TABLES;
/*!40103 SET TIME_ZONE=@OLD_TIME_ZONE */;

/*!40101 SET SQL_MODE=@OLD_SQL_MODE */;
/*!40014 SET FOREIGN_KEY_CHECKS=@OLD_FOREIGN_KEY_CHECKS */;
/*!40014 SET UNIQUE_CHECKS=@OLD_UNIQUE_CHECKS */;
/*!40101 SET CHARACTER_SET_CLIENT=@OLD_CHARACTER_SET_CLIENT */;
/*!40101 SET CHARACTER_SET_RESULTS=@OLD_CHARACTER_SET_RESULTS */;
/*!40101 SET COLLATION_CONNECTION=@OLD_COLLATION_CONNECTION */;
/*!40111 SET SQL_NOTES=@OLD_SQL_NOTES */;

-- Dump completed on 2014-04-07 13:04:10
