<?xml version="1.0"?>
<?mso-application progid="Excel.Sheet"?>
<Workbook xmlns="urn:schemas-microsoft-com:office:spreadsheet"
 xmlns:o="urn:schemas-microsoft-com:office:office"
 xmlns:x="urn:schemas-microsoft-com:office:excel"
 xmlns:ss="urn:schemas-microsoft-com:office:spreadsheet"
 xmlns:html="http://www.w3.org/TR/REC-html40">
 <DocumentProperties xmlns="urn:schemas-microsoft-com:office:office">
  <Author>ServerQLHS</Author>
  <LastAuthor>admin</LastAuthor>
  <Created>2011-04-26T07:44:25Z</Created>
  <LastSaved>2012-08-02T07:12:00Z</LastSaved>
  <Company>PTT</Company>
  <Version>11.5606</Version>
 </DocumentProperties>
 <OfficeDocumentSettings xmlns="urn:schemas-microsoft-com:office:office">
  <AllowPNG/>
 </OfficeDocumentSettings>
 <ExcelWorkbook xmlns="urn:schemas-microsoft-com:office:excel">
  <WindowHeight>9240</WindowHeight>
  <WindowWidth>15600</WindowWidth>
  <WindowTopX>0</WindowTopX>
  <WindowTopY>30</WindowTopY>
  <ProtectStructure>False</ProtectStructure>
  <ProtectWindows>False</ProtectWindows>
 </ExcelWorkbook>
 <Styles>
  <Style ss:ID="Default" ss:Name="Normal">
   <Alignment ss:Vertical="Bottom"/>
   <Borders/>
   <Font/>
   <Interior/>
   <NumberFormat/>
   <Protection/>
  </Style>
  <Style ss:ID="s21">
   <Font x:Family="Swiss" ss:Size="12"/>
  </Style>
  <Style ss:ID="s22">
   <Alignment ss:Horizontal="Center" ss:Vertical="Center"/>
   <Borders>
    <Border ss:Position="Bottom" ss:LineStyle="Continuous" ss:Weight="1"/>
    <Border ss:Position="Left" ss:LineStyle="Continuous" ss:Weight="1"/>
    <Border ss:Position="Right" ss:LineStyle="Continuous" ss:Weight="1"/>
    <Border ss:Position="Top" ss:LineStyle="Continuous" ss:Weight="1"/>
   </Borders>
   <Font x:Family="Swiss" ss:Size="12" ss:Color="#FF0000" ss:Bold="1"/>
  </Style>
  <Style ss:ID="s23">
   <Alignment ss:Horizontal="Center" ss:Vertical="Center"/>
   <Borders>
    <Border ss:Position="Bottom" ss:LineStyle="Continuous" ss:Weight="2"/>
    <Border ss:Position="Left" ss:LineStyle="Continuous" ss:Weight="2"/>
    <Border ss:Position="Right" ss:LineStyle="Continuous" ss:Weight="2"/>
    <Border ss:Position="Top" ss:LineStyle="Continuous" ss:Weight="2"/>
   </Borders>
   <Font x:Family="Swiss" ss:Size="17" ss:Bold="1"/>
  </Style>
  <Style ss:ID="s24">
   <Alignment ss:Horizontal="Center" ss:Vertical="Center"/>
   <Borders>
    <Border ss:Position="Bottom" ss:LineStyle="Continuous" ss:Weight="2"/>
    <Border ss:Position="Right" ss:LineStyle="Continuous" ss:Weight="2"/>
    <Border ss:Position="Top" ss:LineStyle="Continuous" ss:Weight="2"/>
   </Borders>
   <Font x:Family="Swiss" ss:Size="17" ss:Bold="1"/>
  </Style>
  <Style ss:ID="s25">
   <Alignment ss:Horizontal="Center" ss:Vertical="Center"/>
   <Borders>
    <Border ss:Position="Bottom" ss:LineStyle="Continuous" ss:Weight="2"/>
    <Border ss:Position="Left" ss:LineStyle="Continuous" ss:Weight="2"/>
    <Border ss:Position="Right" ss:LineStyle="Continuous" ss:Weight="2"/>
   </Borders>
   <Font x:Family="Swiss" ss:Size="17" ss:Bold="1"/>
  </Style>
  <Style ss:ID="s26">
   <Alignment ss:Horizontal="Center" ss:Vertical="Center"/>
   <Borders>
    <Border ss:Position="Bottom" ss:LineStyle="Continuous" ss:Weight="2"/>
    <Border ss:Position="Right" ss:LineStyle="Continuous" ss:Weight="2"/>
   </Borders>
   <Font x:Family="Swiss" ss:Size="17" ss:Bold="1"/>
  </Style>
  <Style ss:ID="s27">
   <Font x:Family="Swiss" ss:Size="16" ss:Bold="1"/>
  </Style>
 </Styles>
 <Worksheet ss:Name="Ban Sim UpLoad">
  <Table ss:ExpandedColumnCount="4" ss:ExpandedRowCount="5" x:FullColumns="1"
   x:FullRows="1" ss:StyleID="s21" ss:DefaultRowHeight="15">
   <Column ss:StyleID="s21" ss:AutoFitWidth="0" ss:Width="109.5"/>
   <Column ss:StyleID="s21" ss:Width="137.25"/>
   <Column ss:StyleID="s21" ss:Width="107.25"/>
   <Column ss:StyleID="s21" ss:AutoFitWidth="0" ss:Width="52.5"/>
   <Row ss:AutoFitHeight="0" ss:Height="16.5">
    <Cell ss:StyleID="s22"><Data ss:Type="String">Sim Điện thoại</Data></Cell>
    <Cell ss:StyleID="s22"><Data ss:Type="String">Cách đọc  sim</Data></Cell>
    <Cell ss:StyleID="s22"><Data ss:Type="String">Giá bán</Data></Cell>
    <Cell ss:StyleID="s22"><Data ss:Type="String">Loại sim</Data></Cell>
   </Row>
   <Row ss:AutoFitHeight="0">
    <Cell><Data ss:Type="String">0917720064</Data></Cell>
    <Cell ss:StyleID="s23"><Data ss:Type="String">0917.72.00.64</Data></Cell>
    <Cell ss:StyleID="s24"><Data ss:Type="Number">250000</Data></Cell>
    <Cell><Data ss:Type="Number">1</Data></Cell>
   </Row>
   <Row ss:AutoFitHeight="0">
    <Cell><Data ss:Type="String">0917714005</Data></Cell>
    <Cell ss:StyleID="s25"><Data ss:Type="String">0917.714.005</Data></Cell>
    <Cell ss:StyleID="s26"><Data ss:Type="Number">250000</Data></Cell>
    <Cell><Data ss:Type="Number">1</Data></Cell>
   </Row>
   <Row ss:AutoFitHeight="0">
    <Cell><Data ss:Type="String">0917710221</Data></Cell>
    <Cell ss:StyleID="s25"><Data ss:Type="String">0917.710.221</Data></Cell>
    <Cell ss:StyleID="s26"><Data ss:Type="Number">250000</Data></Cell>
    <Cell><Data ss:Type="Number">1</Data></Cell>
   </Row>
   <Row ss:AutoFitHeight="0">
    <Cell><Data ss:Type="String">0917710441</Data></Cell>
    <Cell ss:StyleID="s25"><Data ss:Type="String">0917.710.441</Data></Cell>
    <Cell ss:StyleID="s26"><Data ss:Type="Number">250000</Data></Cell>
    <Cell><Data ss:Type="Number">1</Data></Cell>
   </Row>
  </Table>
  <WorksheetOptions xmlns="urn:schemas-microsoft-com:office:excel">
   <Unsynced/>
   <Print>
    <ValidPrinterInfo/>
    <HorizontalResolution>600</HorizontalResolution>
    <VerticalResolution>600</VerticalResolution>
   </Print>
   <Selected/>
   <Panes>
    <Pane>
     <Number>3</Number>
     <ActiveRow>6</ActiveRow>
     <ActiveCol>2</ActiveCol>
    </Pane>
   </Panes>
   <ProtectObjects>False</ProtectObjects>
   <ProtectScenarios>False</ProtectScenarios>
  </WorksheetOptions>
 </Worksheet>
 <Worksheet ss:Name="Ghi chú">
  <Table ss:ExpandedColumnCount="3" ss:ExpandedRowCount="13" x:FullColumns="1"
   x:FullRows="1">
   <Column ss:Width="24.75"/>
   <Column ss:Width="204.75"/>
   <Row ss:AutoFitHeight="0" ss:Height="20.25">
    <Cell ss:StyleID="s27"><Data ss:Type="Number">1</Data></Cell>
    <Cell ss:StyleID="s27"><Data ss:Type="String">Sim Đẹp Tự Nhiên</Data></Cell>
    <Cell ss:StyleID="s27"/>
   </Row>
   <Row ss:AutoFitHeight="0" ss:Height="20.25">
    <Cell ss:StyleID="s27"><Data ss:Type="Number">2</Data></Cell>
    <Cell ss:StyleID="s27"><Data ss:Type="String">Sim Ngũ-Lục-Quý</Data></Cell>
    <Cell ss:StyleID="s27"/>
   </Row>
   <Row ss:AutoFitHeight="0" ss:Height="20.25">
    <Cell ss:StyleID="s27"><Data ss:Type="Number">3</Data></Cell>
    <Cell ss:StyleID="s27"><Data ss:Type="String">Sim Đẹp Tứ Quý</Data></Cell>
    <Cell ss:StyleID="s27"/>
   </Row>
   <Row ss:AutoFitHeight="0" ss:Height="20.25">
    <Cell ss:StyleID="s27"><Data ss:Type="Number">4</Data></Cell>
    <Cell ss:StyleID="s27"><Data ss:Type="String">Sim Đẹp Taxi</Data></Cell>
    <Cell ss:StyleID="s27"/>
   </Row>
   <Row ss:AutoFitHeight="0" ss:Height="20.25">
    <Cell ss:StyleID="s27"><Data ss:Type="Number">5</Data></Cell>
    <Cell ss:StyleID="s27"><Data ss:Type="String">Sim Đẹp Tam Hoa</Data></Cell>
    <Cell ss:StyleID="s27"/>
   </Row>
   <Row ss:AutoFitHeight="0" ss:Height="20.25">
    <Cell ss:StyleID="s27"><Data ss:Type="Number">6</Data></Cell>
    <Cell ss:StyleID="s27"><Data ss:Type="String">Sim Đẹp Số Tiến</Data></Cell>
    <Cell ss:StyleID="s27"/>
   </Row>
   <Row ss:AutoFitHeight="0" ss:Height="20.25">
    <Cell ss:StyleID="s27"><Data ss:Type="Number">7</Data></Cell>
    <Cell ss:StyleID="s27"><Data ss:Type="String">Sim Đẹp Lộc Phát</Data></Cell>
    <Cell ss:StyleID="s27"/>
   </Row>
   <Row ss:AutoFitHeight="0" ss:Height="20.25">
    <Cell ss:StyleID="s27"><Data ss:Type="Number">8</Data></Cell>
    <Cell ss:StyleID="s27"><Data ss:Type="String">Sim Đẹp Thần Tài</Data></Cell>
    <Cell ss:StyleID="s27"/>
   </Row>
   <Row ss:AutoFitHeight="0" ss:Height="20.25">
    <Cell ss:StyleID="s27"><Data ss:Type="Number">9</Data></Cell>
    <Cell ss:StyleID="s27"><Data ss:Type="String">Sim Đẹp Gánh Lặp Kép</Data></Cell>
    <Cell ss:StyleID="s27"/>
   </Row>
   <Row ss:AutoFitHeight="0" ss:Height="20.25">
    <Cell ss:StyleID="s27"><Data ss:Type="Number">10</Data></Cell>
    <Cell ss:StyleID="s27"><Data ss:Type="String">Sim Đẹp Năm Sinh</Data></Cell>
    <Cell ss:StyleID="s27"/>
   </Row>
   <Row ss:AutoFitHeight="0" ss:Height="20.25">
    <Cell ss:StyleID="s27"><Data ss:Type="Number">11</Data></Cell>
    <Cell ss:StyleID="s27"><Data ss:Type="String">Sim Đẹp Dễ Nhớ Độc Đáo</Data></Cell>
    <Cell ss:StyleID="s27"/>
   </Row>
   <Row ss:AutoFitHeight="0" ss:Height="20.25">
    <Cell ss:StyleID="s27"><Data ss:Type="Number">12</Data></Cell>
    <Cell ss:StyleID="s27"><Data ss:Type="String">Sim Thổ Địa</Data></Cell>
    <Cell ss:StyleID="s27"/>
   </Row>
   <Row ss:AutoFitHeight="0" ss:Height="20.25">
    <Cell ss:StyleID="s27"><Data ss:Type="Number">13</Data></Cell>
    <Cell ss:StyleID="s27"><Data ss:Type="String">Sim Số Cặp</Data></Cell>
    <Cell ss:StyleID="s27"/>
   </Row>
  </Table>
  <WorksheetOptions xmlns="urn:schemas-microsoft-com:office:excel">
   <PageSetup>
    <Header x:Margin="0.3"/>
    <Footer x:Margin="0.3"/>
    <PageMargins x:Bottom="0.75" x:Left="0.7" x:Right="0.7" x:Top="0.75"/>
   </PageSetup>
   <Print>
    <ValidPrinterInfo/>
    <HorizontalResolution>300</HorizontalResolution>
    <VerticalResolution>300</VerticalResolution>
   </Print>
   <Panes>
    <Pane>
     <Number>3</Number>
     <ActiveRow>16</ActiveRow>
     <ActiveCol>1</ActiveCol>
    </Pane>
   </Panes>
   <ProtectObjects>False</ProtectObjects>
   <ProtectScenarios>False</ProtectScenarios>
  </WorksheetOptions>
 </Worksheet>
</Workbook>
