<?xml version="1.0"?>
<?mso-application progid="Excel.Sheet"?>
<Workbook xmlns="urn:schemas-microsoft-com:office:spreadsheet"
 xmlns:o="urn:schemas-microsoft-com:office:office"
 xmlns:x="urn:schemas-microsoft-com:office:excel"
 xmlns:ss="urn:schemas-microsoft-com:office:spreadsheet"
 xmlns:html="http://www.w3.org/TR/REC-html40">
 <DocumentProperties xmlns="urn:schemas-microsoft-com:office:office">
  <Author>ServerQLHS</Author>
  <LastAuthor>admin</LastAuthor>
  <Created>2011-04-26T07:44:25Z</Created>
  <LastSaved>2012-08-02T07:12:00Z</LastSaved>
  <Company>PTT</Company>
  <Version>11.5606</Version>
 </DocumentProperties>
 <OfficeDocumentSettings xmlns="urn:schemas-microsoft-com:office:office">
  <AllowPNG/>
 </OfficeDocumentSettings>
 <ExcelWorkbook xmlns="urn:schemas-microsoft-com:office:excel">
  <SupBook>
   <Path>Ho tro nhap lieu so.xls</Path>
   <SheetName>Sheet1</SheetName>
   <SheetName>Sheet2</SheetName>
   <SheetName>Sheet3</SheetName>
   <Xct>
    <Count>38</Count>
    <SheetIndex>0</SheetIndex>
    <Crn>
     <Row>6</Row>
     <ColFirst>0</ColFirst>
     <ColLast>2</ColLast>
     <Text>0937889946</Text>
     <Text>0937.88.99.46</Text>
     <Number>400000</Number>
    </Crn>
    <Crn>
     <Row>6</Row>
     <ColFirst>4</ColFirst>
     <ColLast>4</ColLast>
     <Number>1</Number>
    </Crn>
    <Crn>
     <Row>7</Row>
     <ColFirst>0</ColFirst>
     <ColLast>2</ColLast>
     <Text>0932829983</Text>
     <Text>0932.82.99.83</Text>
     <Number>300000</Number>
    </Crn>
    <Crn>
     <Row>7</Row>
     <ColFirst>4</ColFirst>
     <ColLast>4</ColLast>
     <Number>1</Number>
    </Crn>
    <Crn>
     <Row>8</Row>
     <ColFirst>0</ColFirst>
     <ColLast>2</ColLast>
     <Text>0937113522</Text>
     <Text>0937.11.35.22</Text>
     <Number>350000</Number>
    </Crn>
    <Crn>
     <Row>8</Row>
     <ColFirst>4</ColFirst>
     <ColLast>4</ColLast>
     <Number>1</Number>
    </Crn>
    <Crn>
     <Row>9</Row>
     <ColFirst>0</ColFirst>
     <ColLast>2</ColLast>
     <Text>0932831184</Text>
     <Text>0932.83.11.84</Text>
     <Number>300000</Number>
    </Crn>
    <Crn>
     <Row>9</Row>
     <ColFirst>4</ColFirst>
     <ColLast>4</ColLast>
     <Number>1</Number>
    </Crn>
    <Crn>
     <Row>10</Row>
     <ColFirst>0</ColFirst>
     <ColLast>2</ColLast>
     <Text>0932830583</Text>
     <Text>0932.83.05.83</Text>
     <Number>350000</Number>
    </Crn>
    <Crn>
     <Row>10</Row>
     <ColFirst>4</ColFirst>
     <ColLast>4</ColLast>
     <Number>1</Number>
    </Crn>
    <Crn>
     <Row>11</Row>
     <ColFirst>0</ColFirst>
     <ColLast>2</ColLast>
     <Text>0938065106</Text>
     <Text>0938.06.51.06</Text>
     <Number>300000</Number>
    </Crn>
    <Crn>
     <Row>11</Row>
     <ColFirst>4</ColFirst>
     <ColLast>4</ColLast>
     <Number>1</Number>
    </Crn>
    <Crn>
     <Row>12</Row>
     <ColFirst>0</ColFirst>
     <ColLast>2</ColLast>
     <Text>0932828295</Text>
     <Text>093.28.28.295</Text>
     <Number>300000</Number>
    </Crn>
    <Crn>
     <Row>12</Row>
     <ColFirst>4</ColFirst>
     <ColLast>4</ColLast>
     <Number>1</Number>
    </Crn>
    <Crn>
     <Row>13</Row>
     <ColFirst>0</ColFirst>
     <ColLast>2</ColLast>
     <Text>0932817081</Text>
     <Text>0932.81.70.81</Text>
     <Number>300000</Number>
    </Crn>
    <Crn>
     <Row>13</Row>
     <ColFirst>4</ColFirst>
     <ColLast>4</ColLast>
     <Number>1</Number>
    </Crn>
    <Crn>
     <Row>14</Row>
     <ColFirst>0</ColFirst>
     <ColLast>2</ColLast>
     <Text>0932819581</Text>
     <Text>0932.81.95.81</Text>
     <Number>300000</Number>
    </Crn>
    <Crn>
     <Row>14</Row>
     <ColFirst>4</ColFirst>
     <ColLast>4</ColLast>
     <Number>1</Number>
    </Crn>
    <Crn>
     <Row>15</Row>
     <ColFirst>0</ColFirst>
     <ColLast>2</ColLast>
     <Text>0932819481</Text>
     <Text>0932.81.94.81</Text>
     <Number>300000</Number>
    </Crn>
    <Crn>
     <Row>15</Row>
     <ColFirst>4</ColFirst>
     <ColLast>4</ColLast>
     <Number>1</Number>
    </Crn>
    <Crn>
     <Row>16</Row>
     <ColFirst>0</ColFirst>
     <ColLast>2</ColLast>
     <Text>0935224042</Text>
     <Text>0935.22.40.42</Text>
     <Number>300000</Number>
    </Crn>
    <Crn>
     <Row>16</Row>
     <ColFirst>4</ColFirst>
     <ColLast>4</ColLast>
     <Number>1</Number>
    </Crn>
    <Crn>
     <Row>17</Row>
     <ColFirst>0</ColFirst>
     <ColLast>2</ColLast>
     <Text>0932827892</Text>
     <Text>0932.82.78.92</Text>
     <Number>300000</Number>
    </Crn>
    <Crn>
     <Row>17</Row>
     <ColFirst>4</ColFirst>
     <ColLast>4</ColLast>
     <Number>1</Number>
    </Crn>
    <Crn>
     <Row>18</Row>
     <ColFirst>0</ColFirst>
     <ColLast>2</ColLast>
     <Text>0932818255</Text>
     <Text>0932.81.82.55</Text>
     <Number>300000</Number>
    </Crn>
    <Crn>
     <Row>18</Row>
     <ColFirst>4</ColFirst>
     <ColLast>4</ColLast>
     <Number>1</Number>
    </Crn>
    <Crn>
     <Row>19</Row>
     <ColFirst>0</ColFirst>
     <ColLast>2</ColLast>
     <Text>0934331194</Text>
     <Text>0934.33.11.94</Text>
     <Number>300000</Number>
    </Crn>
    <Crn>
     <Row>19</Row>
     <ColFirst>4</ColFirst>
     <ColLast>4</ColLast>
     <Number>1</Number>
    </Crn>
    <Crn>
     <Row>20</Row>
     <ColFirst>0</ColFirst>
     <ColLast>2</ColLast>
     <Text>0932825592</Text>
     <Text>0932.82.55.92</Text>
     <Number>300000</Number>
    </Crn>
    <Crn>
     <Row>20</Row>
     <ColFirst>4</ColFirst>
     <ColLast>4</ColLast>
     <Number>1</Number>
    </Crn>
    <Crn>
     <Row>21</Row>
     <ColFirst>0</ColFirst>
     <ColLast>2</ColLast>
     <Text>0932818160</Text>
     <Text>0932.81.81.60</Text>
     <Number>400000</Number>
    </Crn>
    <Crn>
     <Row>21</Row>
     <ColFirst>4</ColFirst>
     <ColLast>4</ColLast>
     <Number>1</Number>
    </Crn>
    <Crn>
     <Row>22</Row>
     <ColFirst>0</ColFirst>
     <ColLast>2</ColLast>
     <Text>0937114322</Text>
     <Text>0937.11.43.22</Text>
     <Number>300000</Number>
    </Crn>
    <Crn>
     <Row>22</Row>
     <ColFirst>4</ColFirst>
     <ColLast>4</ColLast>
     <Number>1</Number>
    </Crn>
    <Crn>
     <Row>23</Row>
     <ColFirst>0</ColFirst>
     <ColLast>2</ColLast>
     <Text>0932821482</Text>
     <Text>0932.82.14.82</Text>
     <Number>300000</Number>
    </Crn>
    <Crn>
     <Row>23</Row>
     <ColFirst>4</ColFirst>
     <ColLast>4</ColLast>
     <Number>1</Number>
    </Crn>
    <Crn>
     <Row>24</Row>
     <ColFirst>0</ColFirst>
     <ColLast>2</ColLast>
     <Text>0932824582</Text>
     <Text>0932.82.45.82</Text>
     <Number>350000</Number>
    </Crn>
    <Crn>
     <Row>24</Row>
     <ColFirst>4</ColFirst>
     <ColLast>4</ColLast>
     <Number>1</Number>
    </Crn>
   </Xct>
   <Xct>
    <Count>0</Count>
    <SheetIndex>1</SheetIndex>
   </Xct>
   <Xct>
    <Count>0</Count>
    <SheetIndex>2</SheetIndex>
   </Xct>
  </SupBook>
  <WindowHeight>9240</WindowHeight>
  <WindowWidth>15600</WindowWidth>
  <WindowTopX>0</WindowTopX>
  <WindowTopY>30</WindowTopY>
  <ProtectStructure>False</ProtectStructure>
  <ProtectWindows>False</ProtectWindows>
 </ExcelWorkbook>
 <Styles>
  <Style ss:ID="Default" ss:Name="Normal">
   <Alignment ss:Vertical="Bottom"/>
   <Borders/>
   <Font/>
   <Interior/>
   <NumberFormat/>
   <Protection/>
  </Style>
  <Style ss:ID="s21">
   <Font x:Family="Swiss" ss:Size="12"/>
  </Style>
  <Style ss:ID="s22">
   <Alignment ss:Horizontal="Center" ss:Vertical="Center"/>
   <Borders>
    <Border ss:Position="Bottom" ss:LineStyle="Continuous" ss:Weight="1"/>
    <Border ss:Position="Left" ss:LineStyle="Continuous" ss:Weight="1"/>
    <Border ss:Position="Right" ss:LineStyle="Continuous" ss:Weight="1"/>
    <Border ss:Position="Top" ss:LineStyle="Continuous" ss:Weight="1"/>
   </Borders>
   <Font x:Family="Swiss" ss:Size="12" ss:Color="#FF0000" ss:Bold="1"/>
  </Style>
  <Style ss:ID="s23">
   <Alignment ss:Horizontal="Center" ss:Vertical="Center"/>
   <Borders>
    <Border ss:Position="Bottom" ss:LineStyle="Continuous" ss:Weight="2"/>
    <Border ss:Position="Left" ss:LineStyle="Continuous" ss:Weight="2"/>
    <Border ss:Position="Right" ss:LineStyle="Continuous" ss:Weight="2"/>
    <Border ss:Position="Top" ss:LineStyle="Continuous" ss:Weight="2"/>
   </Borders>
   <Font x:Family="Swiss" ss:Size="17" ss:Bold="1"/>
  </Style>
  <Style ss:ID="s24">
   <Alignment ss:Horizontal="Center" ss:Vertical="Center"/>
   <Borders>
    <Border ss:Position="Bottom" ss:LineStyle="Continuous" ss:Weight="2"/>
    <Border ss:Position="Right" ss:LineStyle="Continuous" ss:Weight="2"/>
    <Border ss:Position="Top" ss:LineStyle="Continuous" ss:Weight="2"/>
   </Borders>
   <Font x:Family="Swiss" ss:Size="17" ss:Bold="1"/>
  </Style>
  <Style ss:ID="s25">
   <Alignment ss:Horizontal="Center" ss:Vertical="Center"/>
   <Borders>
    <Border ss:Position="Bottom" ss:LineStyle="Continuous" ss:Weight="2"/>
    <Border ss:Position="Left" ss:LineStyle="Continuous" ss:Weight="2"/>
    <Border ss:Position="Right" ss:LineStyle="Continuous" ss:Weight="2"/>
   </Borders>
   <Font x:Family="Swiss" ss:Size="17" ss:Bold="1"/>
  </Style>
  <Style ss:ID="s26">
   <Alignment ss:Horizontal="Center" ss:Vertical="Center"/>
   <Borders>
    <Border ss:Position="Bottom" ss:LineStyle="Continuous" ss:Weight="2"/>
    <Border ss:Position="Right" ss:LineStyle="Continuous" ss:Weight="2"/>
   </Borders>
   <Font x:Family="Swiss" ss:Size="17" ss:Bold="1"/>
  </Style>
  <Style ss:ID="s27">
   <Font x:Family="Swiss" ss:Size="16" ss:Bold="1"/>
  </Style>
 </Styles>
 <Worksheet ss:Name="Ban Sim UpLoad">
  <Table ss:ExpandedColumnCount="4" ss:ExpandedRowCount="25" x:FullColumns="1"
   x:FullRows="1" ss:StyleID="s21" ss:DefaultRowHeight="15">
   <Column ss:StyleID="s21" ss:AutoFitWidth="0" ss:Width="109.5"/>
   <Column ss:StyleID="s21" ss:Width="137.25"/>
   <Column ss:StyleID="s21" ss:Width="107.25"/>
   <Column ss:StyleID="s21" ss:AutoFitWidth="0" ss:Width="52.5"/>
   <Row ss:AutoFitHeight="0" ss:Height="16.5">
    <Cell ss:StyleID="s22"><Data ss:Type="String">Sim Điện thoại</Data></Cell>
    <Cell ss:StyleID="s22"><Data ss:Type="String">Cách đọc  sim</Data></Cell>
    <Cell ss:StyleID="s22"><Data ss:Type="String">Giá bán</Data></Cell>
    <Cell ss:StyleID="s22"><Data ss:Type="String">Loại sim</Data></Cell>
   </Row>
   <Row ss:AutoFitHeight="0">
    <Cell ss:Index="2" ss:StyleID="s23"/>
    <Cell ss:StyleID="s24"/>
   </Row>
   <Row ss:AutoFitHeight="0">
    <Cell ss:Index="2" ss:StyleID="s25"/>
    <Cell ss:StyleID="s26"/>
   </Row>
   <Row ss:AutoFitHeight="0">
    <Cell ss:Index="2" ss:StyleID="s25"/>
    <Cell ss:StyleID="s26"/>
   </Row>
   <Row ss:AutoFitHeight="0">
    <Cell ss:Index="2" ss:StyleID="s25"/>
    <Cell ss:StyleID="s26"/>
   </Row>
   <Row ss:AutoFitHeight="0"/>
   <Row ss:AutoFitHeight="0">
    <Cell ss:Formula="='[Ho tro nhap lieu so.xls]Sheet1'!RC"><Data ss:Type="String">0937889946</Data></Cell>
    <Cell ss:Formula="='[Ho tro nhap lieu so.xls]Sheet1'!RC"><Data ss:Type="String">0937.88.99.46</Data></Cell>
    <Cell ss:Formula="='[Ho tro nhap lieu so.xls]Sheet1'!RC"><Data ss:Type="Number">400000</Data></Cell>
    <Cell ss:Formula="='[Ho tro nhap lieu so.xls]Sheet1'!RC[1]"><Data
      ss:Type="Number">1</Data></Cell>
   </Row>
   <Row ss:AutoFitHeight="0">
    <Cell ss:Formula="='[Ho tro nhap lieu so.xls]Sheet1'!RC"><Data ss:Type="String">0932829983</Data></Cell>
    <Cell ss:Formula="='[Ho tro nhap lieu so.xls]Sheet1'!RC"><Data ss:Type="String">0932.82.99.83</Data></Cell>
    <Cell ss:Formula="='[Ho tro nhap lieu so.xls]Sheet1'!RC"><Data ss:Type="Number">300000</Data></Cell>
    <Cell ss:Formula="='[Ho tro nhap lieu so.xls]Sheet1'!RC[1]"><Data
      ss:Type="Number">1</Data></Cell>
   </Row>
   <Row ss:AutoFitHeight="0">
    <Cell ss:Formula="='[Ho tro nhap lieu so.xls]Sheet1'!RC"><Data ss:Type="String">0937113522</Data></Cell>
    <Cell ss:Formula="='[Ho tro nhap lieu so.xls]Sheet1'!RC"><Data ss:Type="String">0937.11.35.22</Data></Cell>
    <Cell ss:Formula="='[Ho tro nhap lieu so.xls]Sheet1'!RC"><Data ss:Type="Number">350000</Data></Cell>
    <Cell ss:Formula="='[Ho tro nhap lieu so.xls]Sheet1'!RC[1]"><Data
      ss:Type="Number">1</Data></Cell>
   </Row>
   <Row ss:AutoFitHeight="0">
    <Cell ss:Formula="='[Ho tro nhap lieu so.xls]Sheet1'!RC"><Data ss:Type="String">0932831184</Data></Cell>
    <Cell ss:Formula="='[Ho tro nhap lieu so.xls]Sheet1'!RC"><Data ss:Type="String">0932.83.11.84</Data></Cell>
    <Cell ss:Formula="='[Ho tro nhap lieu so.xls]Sheet1'!RC"><Data ss:Type="Number">300000</Data></Cell>
    <Cell ss:Formula="='[Ho tro nhap lieu so.xls]Sheet1'!RC[1]"><Data
      ss:Type="Number">1</Data></Cell>
   </Row>
   <Row ss:AutoFitHeight="0">
    <Cell ss:Formula="='[Ho tro nhap lieu so.xls]Sheet1'!RC"><Data ss:Type="String">0932830583</Data></Cell>
    <Cell ss:Formula="='[Ho tro nhap lieu so.xls]Sheet1'!RC"><Data ss:Type="String">0932.83.05.83</Data></Cell>
    <Cell ss:Formula="='[Ho tro nhap lieu so.xls]Sheet1'!RC"><Data ss:Type="Number">350000</Data></Cell>
    <Cell ss:Formula="='[Ho tro nhap lieu so.xls]Sheet1'!RC[1]"><Data
      ss:Type="Number">1</Data></Cell>
   </Row>
   <Row ss:AutoFitHeight="0">
    <Cell ss:Formula="='[Ho tro nhap lieu so.xls]Sheet1'!RC"><Data ss:Type="String">0938065106</Data></Cell>
    <Cell ss:Formula="='[Ho tro nhap lieu so.xls]Sheet1'!RC"><Data ss:Type="String">0938.06.51.06</Data></Cell>
    <Cell ss:Formula="='[Ho tro nhap lieu so.xls]Sheet1'!RC"><Data ss:Type="Number">300000</Data></Cell>
    <Cell ss:Formula="='[Ho tro nhap lieu so.xls]Sheet1'!RC[1]"><Data
      ss:Type="Number">1</Data></Cell>
   </Row>
   <Row ss:AutoFitHeight="0">
    <Cell ss:Formula="='[Ho tro nhap lieu so.xls]Sheet1'!RC"><Data ss:Type="String">0932828295</Data></Cell>
    <Cell ss:Formula="='[Ho tro nhap lieu so.xls]Sheet1'!RC"><Data ss:Type="String">093.28.28.295</Data></Cell>
    <Cell ss:Formula="='[Ho tro nhap lieu so.xls]Sheet1'!RC"><Data ss:Type="Number">300000</Data></Cell>
    <Cell ss:Formula="='[Ho tro nhap lieu so.xls]Sheet1'!RC[1]"><Data
      ss:Type="Number">1</Data></Cell>
   </Row>
   <Row ss:AutoFitHeight="0">
    <Cell ss:Formula="='[Ho tro nhap lieu so.xls]Sheet1'!RC"><Data ss:Type="String">0932817081</Data></Cell>
    <Cell ss:Formula="='[Ho tro nhap lieu so.xls]Sheet1'!RC"><Data ss:Type="String">0932.81.70.81</Data></Cell>
    <Cell ss:Formula="='[Ho tro nhap lieu so.xls]Sheet1'!RC"><Data ss:Type="Number">300000</Data></Cell>
    <Cell ss:Formula="='[Ho tro nhap lieu so.xls]Sheet1'!RC[1]"><Data
      ss:Type="Number">1</Data></Cell>
   </Row>
   <Row ss:AutoFitHeight="0">
    <Cell ss:Formula="='[Ho tro nhap lieu so.xls]Sheet1'!RC"><Data ss:Type="String">0932819581</Data></Cell>
    <Cell ss:Formula="='[Ho tro nhap lieu so.xls]Sheet1'!RC"><Data ss:Type="String">0932.81.95.81</Data></Cell>
    <Cell ss:Formula="='[Ho tro nhap lieu so.xls]Sheet1'!RC"><Data ss:Type="Number">300000</Data></Cell>
    <Cell ss:Formula="='[Ho tro nhap lieu so.xls]Sheet1'!RC[1]"><Data
      ss:Type="Number">1</Data></Cell>
   </Row>
   <Row ss:AutoFitHeight="0">
    <Cell ss:Formula="='[Ho tro nhap lieu so.xls]Sheet1'!RC"><Data ss:Type="String">0932819481</Data></Cell>
    <Cell ss:Formula="='[Ho tro nhap lieu so.xls]Sheet1'!RC"><Data ss:Type="String">0932.81.94.81</Data></Cell>
    <Cell ss:Formula="='[Ho tro nhap lieu so.xls]Sheet1'!RC"><Data ss:Type="Number">300000</Data></Cell>
    <Cell ss:Formula="='[Ho tro nhap lieu so.xls]Sheet1'!RC[1]"><Data
      ss:Type="Number">1</Data></Cell>
   </Row>
   <Row ss:AutoFitHeight="0">
    <Cell ss:Formula="='[Ho tro nhap lieu so.xls]Sheet1'!RC"><Data ss:Type="String">0935224042</Data></Cell>
    <Cell ss:Formula="='[Ho tro nhap lieu so.xls]Sheet1'!RC"><Data ss:Type="String">0935.22.40.42</Data></Cell>
    <Cell ss:Formula="='[Ho tro nhap lieu so.xls]Sheet1'!RC"><Data ss:Type="Number">300000</Data></Cell>
    <Cell ss:Formula="='[Ho tro nhap lieu so.xls]Sheet1'!RC[1]"><Data
      ss:Type="Number">1</Data></Cell>
   </Row>
   <Row ss:AutoFitHeight="0">
    <Cell ss:Formula="='[Ho tro nhap lieu so.xls]Sheet1'!RC"><Data ss:Type="String">0932827892</Data></Cell>
    <Cell ss:Formula="='[Ho tro nhap lieu so.xls]Sheet1'!RC"><Data ss:Type="String">0932.82.78.92</Data></Cell>
    <Cell ss:Formula="='[Ho tro nhap lieu so.xls]Sheet1'!RC"><Data ss:Type="Number">300000</Data></Cell>
    <Cell ss:Formula="='[Ho tro nhap lieu so.xls]Sheet1'!RC[1]"><Data
      ss:Type="Number">1</Data></Cell>
   </Row>
   <Row ss:AutoFitHeight="0">
    <Cell ss:Formula="='[Ho tro nhap lieu so.xls]Sheet1'!RC"><Data ss:Type="String">0932818255</Data></Cell>
    <Cell ss:Formula="='[Ho tro nhap lieu so.xls]Sheet1'!RC"><Data ss:Type="String">0932.81.82.55</Data></Cell>
    <Cell ss:Formula="='[Ho tro nhap lieu so.xls]Sheet1'!RC"><Data ss:Type="Number">300000</Data></Cell>
    <Cell ss:Formula="='[Ho tro nhap lieu so.xls]Sheet1'!RC[1]"><Data
      ss:Type="Number">1</Data></Cell>
   </Row>
   <Row ss:AutoFitHeight="0">
    <Cell ss:Formula="='[Ho tro nhap lieu so.xls]Sheet1'!RC"><Data ss:Type="String">0934331194</Data></Cell>
    <Cell ss:Formula="='[Ho tro nhap lieu so.xls]Sheet1'!RC"><Data ss:Type="String">0934.33.11.94</Data></Cell>
    <Cell ss:Formula="='[Ho tro nhap lieu so.xls]Sheet1'!RC"><Data ss:Type="Number">300000</Data></Cell>
    <Cell ss:Formula="='[Ho tro nhap lieu so.xls]Sheet1'!RC[1]"><Data
      ss:Type="Number">1</Data></Cell>
   </Row>
   <Row ss:AutoFitHeight="0">
    <Cell ss:Formula="='[Ho tro nhap lieu so.xls]Sheet1'!RC"><Data ss:Type="String">0932825592</Data></Cell>
    <Cell ss:Formula="='[Ho tro nhap lieu so.xls]Sheet1'!RC"><Data ss:Type="String">0932.82.55.92</Data></Cell>
    <Cell ss:Formula="='[Ho tro nhap lieu so.xls]Sheet1'!RC"><Data ss:Type="Number">300000</Data></Cell>
    <Cell ss:Formula="='[Ho tro nhap lieu so.xls]Sheet1'!RC[1]"><Data
      ss:Type="Number">1</Data></Cell>
   </Row>
   <Row ss:AutoFitHeight="0">
    <Cell ss:Formula="='[Ho tro nhap lieu so.xls]Sheet1'!RC"><Data ss:Type="String">0932818160</Data></Cell>
    <Cell ss:Formula="='[Ho tro nhap lieu so.xls]Sheet1'!RC"><Data ss:Type="String">0932.81.81.60</Data></Cell>
    <Cell ss:Formula="='[Ho tro nhap lieu so.xls]Sheet1'!RC"><Data ss:Type="Number">400000</Data></Cell>
    <Cell ss:Formula="='[Ho tro nhap lieu so.xls]Sheet1'!RC[1]"><Data
      ss:Type="Number">1</Data></Cell>
   </Row>
   <Row ss:AutoFitHeight="0">
    <Cell ss:Formula="='[Ho tro nhap lieu so.xls]Sheet1'!RC"><Data ss:Type="String">0937114322</Data></Cell>
    <Cell ss:Formula="='[Ho tro nhap lieu so.xls]Sheet1'!RC"><Data ss:Type="String">0937.11.43.22</Data></Cell>
    <Cell ss:Formula="='[Ho tro nhap lieu so.xls]Sheet1'!RC"><Data ss:Type="Number">300000</Data></Cell>
    <Cell ss:Formula="='[Ho tro nhap lieu so.xls]Sheet1'!RC[1]"><Data
      ss:Type="Number">1</Data></Cell>
   </Row>
   <Row ss:AutoFitHeight="0">
    <Cell ss:Formula="='[Ho tro nhap lieu so.xls]Sheet1'!RC"><Data ss:Type="String">0932821482</Data></Cell>
    <Cell ss:Formula="='[Ho tro nhap lieu so.xls]Sheet1'!RC"><Data ss:Type="String">0932.82.14.82</Data></Cell>
    <Cell ss:Formula="='[Ho tro nhap lieu so.xls]Sheet1'!RC"><Data ss:Type="Number">300000</Data></Cell>
    <Cell ss:Formula="='[Ho tro nhap lieu so.xls]Sheet1'!RC[1]"><Data
      ss:Type="Number">1</Data></Cell>
   </Row>
   <Row ss:AutoFitHeight="0">
    <Cell ss:Formula="='[Ho tro nhap lieu so.xls]Sheet1'!RC"><Data ss:Type="String">0932824582</Data></Cell>
    <Cell ss:Formula="='[Ho tro nhap lieu so.xls]Sheet1'!RC"><Data ss:Type="String">0932.82.45.82</Data></Cell>
    <Cell ss:Formula="='[Ho tro nhap lieu so.xls]Sheet1'!RC"><Data ss:Type="Number">350000</Data></Cell>
    <Cell ss:Formula="='[Ho tro nhap lieu so.xls]Sheet1'!RC[1]"><Data
      ss:Type="Number">1</Data></Cell>
   </Row>
  </Table>
  <WorksheetOptions xmlns="urn:schemas-microsoft-com:office:excel">
   <Unsynced/>
   <Print>
    <ValidPrinterInfo/>
    <HorizontalResolution>600</HorizontalResolution>
    <VerticalResolution>600</VerticalResolution>
   </Print>
   <Zoom>85</Zoom>
   <Selected/>
   <Panes>
    <Pane>
     <Number>3</Number>
     <ActiveRow>10</ActiveRow>
     <ActiveCol>5</ActiveCol>
    </Pane>
   </Panes>
   <ProtectObjects>False</ProtectObjects>
   <ProtectScenarios>False</ProtectScenarios>
  </WorksheetOptions>
 </Worksheet>
 <Worksheet ss:Name="Ghi chú">
  <Table ss:ExpandedColumnCount="3" ss:ExpandedRowCount="13" x:FullColumns="1"
   x:FullRows="1">
   <Column ss:Width="24.75"/>
   <Column ss:Width="204.75"/>
   <Row ss:AutoFitHeight="0" ss:Height="20.25">
    <Cell ss:StyleID="s27"><Data ss:Type="Number">1</Data></Cell>
    <Cell ss:StyleID="s27"><Data ss:Type="String">Sim Đẹp Tự Nhiên</Data></Cell>
    <Cell ss:StyleID="s27"/>
   </Row>
   <Row ss:AutoFitHeight="0" ss:Height="20.25">
    <Cell ss:StyleID="s27"><Data ss:Type="Number">2</Data></Cell>
    <Cell ss:StyleID="s27"><Data ss:Type="String">Sim Ngũ-Lục-Quý</Data></Cell>
    <Cell ss:StyleID="s27"/>
   </Row>
   <Row ss:AutoFitHeight="0" ss:Height="20.25">
    <Cell ss:StyleID="s27"><Data ss:Type="Number">3</Data></Cell>
    <Cell ss:StyleID="s27"><Data ss:Type="String">Sim Đẹp Tứ Quý</Data></Cell>
    <Cell ss:StyleID="s27"/>
   </Row>
   <Row ss:AutoFitHeight="0" ss:Height="20.25">
    <Cell ss:StyleID="s27"><Data ss:Type="Number">4</Data></Cell>
    <Cell ss:StyleID="s27"><Data ss:Type="String">Sim Đẹp Taxi</Data></Cell>
    <Cell ss:StyleID="s27"/>
   </Row>
   <Row ss:AutoFitHeight="0" ss:Height="20.25">
    <Cell ss:StyleID="s27"><Data ss:Type="Number">5</Data></Cell>
    <Cell ss:StyleID="s27"><Data ss:Type="String">Sim Đẹp Tam Hoa</Data></Cell>
    <Cell ss:StyleID="s27"/>
   </Row>
   <Row ss:AutoFitHeight="0" ss:Height="20.25">
    <Cell ss:StyleID="s27"><Data ss:Type="Number">6</Data></Cell>
    <Cell ss:StyleID="s27"><Data ss:Type="String">Sim Đẹp Số Tiến</Data></Cell>
    <Cell ss:StyleID="s27"/>
   </Row>
   <Row ss:AutoFitHeight="0" ss:Height="20.25">
    <Cell ss:StyleID="s27"><Data ss:Type="Number">7</Data></Cell>
    <Cell ss:StyleID="s27"><Data ss:Type="String">Sim Đẹp Lộc Phát</Data></Cell>
    <Cell ss:StyleID="s27"/>
   </Row>
   <Row ss:AutoFitHeight="0" ss:Height="20.25">
    <Cell ss:StyleID="s27"><Data ss:Type="Number">8</Data></Cell>
    <Cell ss:StyleID="s27"><Data ss:Type="String">Sim Đẹp Thần Tài</Data></Cell>
    <Cell ss:StyleID="s27"/>
   </Row>
   <Row ss:AutoFitHeight="0" ss:Height="20.25">
    <Cell ss:StyleID="s27"><Data ss:Type="Number">9</Data></Cell>
    <Cell ss:StyleID="s27"><Data ss:Type="String">Sim Đẹp Gánh Lặp Kép</Data></Cell>
    <Cell ss:StyleID="s27"/>
   </Row>
   <Row ss:AutoFitHeight="0" ss:Height="20.25">
    <Cell ss:StyleID="s27"><Data ss:Type="Number">10</Data></Cell>
    <Cell ss:StyleID="s27"><Data ss:Type="String">Sim Đẹp Năm Sinh</Data></Cell>
    <Cell ss:StyleID="s27"/>
   </Row>
   <Row ss:AutoFitHeight="0" ss:Height="20.25">
    <Cell ss:StyleID="s27"><Data ss:Type="Number">11</Data></Cell>
    <Cell ss:StyleID="s27"><Data ss:Type="String">Sim Đẹp Dễ Nhớ Độc Đáo</Data></Cell>
    <Cell ss:StyleID="s27"/>
   </Row>
   <Row ss:AutoFitHeight="0" ss:Height="20.25">
    <Cell ss:StyleID="s27"><Data ss:Type="Number">12</Data></Cell>
    <Cell ss:StyleID="s27"><Data ss:Type="String">Sim Thổ Địa</Data></Cell>
    <Cell ss:StyleID="s27"/>
   </Row>
   <Row ss:AutoFitHeight="0" ss:Height="20.25">
    <Cell ss:StyleID="s27"><Data ss:Type="Number">13</Data></Cell>
    <Cell ss:StyleID="s27"><Data ss:Type="String">Sim Số Cặp</Data></Cell>
    <Cell ss:StyleID="s27"/>
   </Row>
  </Table>
  <WorksheetOptions xmlns="urn:schemas-microsoft-com:office:excel">
   <PageSetup>
    <Header x:Margin="0.3"/>
    <Footer x:Margin="0.3"/>
    <PageMargins x:Bottom="0.75" x:Left="0.7" x:Right="0.7" x:Top="0.75"/>
   </PageSetup>
   <Print>
    <ValidPrinterInfo/>
    <HorizontalResolution>300</HorizontalResolution>
    <VerticalResolution>300</VerticalResolution>
   </Print>
   <Panes>
    <Pane>
     <Number>3</Number>
     <ActiveRow>4</ActiveRow>
     <ActiveCol>1</ActiveCol>
    </Pane>
   </Panes>
   <ProtectObjects>False</ProtectObjects>
   <ProtectScenarios>False</ProtectScenarios>
  </WorksheetOptions>
 </Worksheet>
</Workbook>
