<?xml version="1.0"?>
<?mso-application progid="Excel.Sheet"?>
<Workbook xmlns="urn:schemas-microsoft-com:office:spreadsheet"
 xmlns:o="urn:schemas-microsoft-com:office:office"
 xmlns:x="urn:schemas-microsoft-com:office:excel"
 xmlns:ss="urn:schemas-microsoft-com:office:spreadsheet"
 xmlns:html="http://www.w3.org/TR/REC-html40">
 <DocumentProperties xmlns="urn:schemas-microsoft-com:office:office">
  <Author>ServerQLHS</Author>
  <LastAuthor>admin</LastAuthor>
  <Created>2011-04-26T07:44:25Z</Created>
  <LastSaved>2012-08-02T07:12:00Z</LastSaved>
  <Company>PTT</Company>
  <Version>11.5606</Version>
 </DocumentProperties>
 <OfficeDocumentSettings xmlns="urn:schemas-microsoft-com:office:office">
  <AllowPNG/>
 </OfficeDocumentSettings>
 <ExcelWorkbook xmlns="urn:schemas-microsoft-com:office:excel">
  <SupBook>
   <Path>Ho tro nhap lieu so.xls</Path>
   <SheetName>Sheet1</SheetName>
   <SheetName>Sheet2</SheetName>
   <SheetName>Sheet3</SheetName>
   <Xct>
    <Count>5</Count>
    <SheetIndex>0</SheetIndex>
    <Crn>
     <Row>1</Row>
     <ColFirst>0</ColFirst>
     <ColLast>2</ColLast>
     <Text>0908739234</Text>
     <Text>0908.739.234</Text>
     <Text>600000</Text>
    </Crn>
    <Crn>
     <Row>2</Row>
     <ColFirst>0</ColFirst>
     <ColLast>2</ColLast>
     <Text>0932820929</Text>
     <Text>093.282.09.29</Text>
     <Text>350000</Text>
    </Crn>
    <Crn>
     <Row>3</Row>
     <ColFirst>0</ColFirst>
     <ColLast>2</ColLast>
     <Text>0937241386</Text>
     <Text>0937.24.1386</Text>
     <Text>350000</Text>
    </Crn>
    <Crn>
     <Row>4</Row>
     <ColFirst>0</ColFirst>
     <ColLast>2</ColLast>
     <Text>0932816121</Text>
     <Text>0932.81.61.21</Text>
     <Text>350000</Text>
    </Crn>
    <Crn>
     <Row>5</Row>
     <ColFirst>0</ColFirst>
     <ColLast>2</ColLast>
     <Text>0932819131</Text>
     <Text>0932.81.91.31</Text>
     <Text>400000</Text>
    </Crn>
   </Xct>
   <Xct>
    <Count>0</Count>
    <SheetIndex>1</SheetIndex>
   </Xct>
   <Xct>
    <Count>0</Count>
    <SheetIndex>2</SheetIndex>
   </Xct>
  </SupBook>
  <WindowHeight>9240</WindowHeight>
  <WindowWidth>15600</WindowWidth>
  <WindowTopX>0</WindowTopX>
  <WindowTopY>30</WindowTopY>
  <ProtectStructure>False</ProtectStructure>
  <ProtectWindows>False</ProtectWindows>
 </ExcelWorkbook>
 <Styles>
  <Style ss:ID="Default" ss:Name="Normal">
   <Alignment ss:Vertical="Bottom"/>
   <Borders/>
   <Font/>
   <Interior/>
   <NumberFormat/>
   <Protection/>
  </Style>
  <Style ss:ID="s21">
   <Font x:Family="Swiss" ss:Size="12"/>
  </Style>
  <Style ss:ID="s22">
   <Alignment ss:Horizontal="Center" ss:Vertical="Center"/>
   <Borders>
    <Border ss:Position="Bottom" ss:LineStyle="Continuous" ss:Weight="1"/>
    <Border ss:Position="Left" ss:LineStyle="Continuous" ss:Weight="1"/>
    <Border ss:Position="Right" ss:LineStyle="Continuous" ss:Weight="1"/>
    <Border ss:Position="Top" ss:LineStyle="Continuous" ss:Weight="1"/>
   </Borders>
   <Font x:Family="Swiss" ss:Size="12" ss:Color="#FF0000" ss:Bold="1"/>
  </Style>
  <Style ss:ID="s23">
   <Alignment ss:Horizontal="Center" ss:Vertical="Center"/>
   <Borders>
    <Border ss:Position="Bottom" ss:LineStyle="Continuous" ss:Weight="2"/>
    <Border ss:Position="Left" ss:LineStyle="Continuous" ss:Weight="2"/>
    <Border ss:Position="Right" ss:LineStyle="Continuous" ss:Weight="2"/>
    <Border ss:Position="Top" ss:LineStyle="Continuous" ss:Weight="2"/>
   </Borders>
   <Font x:Family="Swiss" ss:Size="17" ss:Bold="1"/>
  </Style>
  <Style ss:ID="s24">
   <Alignment ss:Horizontal="Center" ss:Vertical="Center"/>
   <Borders>
    <Border ss:Position="Bottom" ss:LineStyle="Continuous" ss:Weight="2"/>
    <Border ss:Position="Right" ss:LineStyle="Continuous" ss:Weight="2"/>
    <Border ss:Position="Top" ss:LineStyle="Continuous" ss:Weight="2"/>
   </Borders>
   <Font x:Family="Swiss" ss:Size="17" ss:Bold="1"/>
  </Style>
  <Style ss:ID="s25">
   <Alignment ss:Horizontal="Center" ss:Vertical="Center"/>
   <Borders>
    <Border ss:Position="Bottom" ss:LineStyle="Continuous" ss:Weight="2"/>
    <Border ss:Position="Left" ss:LineStyle="Continuous" ss:Weight="2"/>
    <Border ss:Position="Right" ss:LineStyle="Continuous" ss:Weight="2"/>
   </Borders>
   <Font x:Family="Swiss" ss:Size="17" ss:Bold="1"/>
  </Style>
  <Style ss:ID="s26">
   <Alignment ss:Horizontal="Center" ss:Vertical="Center"/>
   <Borders>
    <Border ss:Position="Bottom" ss:LineStyle="Continuous" ss:Weight="2"/>
    <Border ss:Position="Right" ss:LineStyle="Continuous" ss:Weight="2"/>
   </Borders>
   <Font x:Family="Swiss" ss:Size="17" ss:Bold="1"/>
  </Style>
  <Style ss:ID="s27">
   <Font x:Family="Swiss" ss:Size="16" ss:Bold="1"/>
  </Style>
 </Styles>
 <Worksheet ss:Name="Ban Sim UpLoad">
  <Table ss:ExpandedColumnCount="4" ss:ExpandedRowCount="10" x:FullColumns="1"
   x:FullRows="1" ss:StyleID="s21" ss:DefaultRowHeight="15">
   <Column ss:StyleID="s21" ss:AutoFitWidth="0" ss:Width="109.5"/>
   <Column ss:StyleID="s21" ss:Width="137.25"/>
   <Column ss:StyleID="s21" ss:Width="107.25"/>
   <Column ss:StyleID="s21" ss:AutoFitWidth="0" ss:Width="52.5"/>
   <Row ss:AutoFitHeight="0" ss:Height="16.5">
    <Cell ss:StyleID="s22"><Data ss:Type="String">Sim Điện thoại</Data></Cell>
    <Cell ss:StyleID="s22"><Data ss:Type="String">Cách đọc  sim</Data></Cell>
    <Cell ss:StyleID="s22"><Data ss:Type="String">Giá bán</Data></Cell>
    <Cell ss:StyleID="s22"><Data ss:Type="String">Loại sim</Data></Cell>
   </Row>
   <Row ss:AutoFitHeight="0">
    <Cell ss:Index="2" ss:StyleID="s23"/>
    <Cell ss:StyleID="s24"/>
    <Cell><Data ss:Type="Number">1</Data></Cell>
   </Row>
   <Row ss:AutoFitHeight="0">
    <Cell ss:Index="2" ss:StyleID="s25"/>
    <Cell ss:StyleID="s26"/>
    <Cell><Data ss:Type="Number">1</Data></Cell>
   </Row>
   <Row ss:AutoFitHeight="0">
    <Cell ss:Index="2" ss:StyleID="s25"/>
    <Cell ss:StyleID="s26"/>
    <Cell><Data ss:Type="Number">1</Data></Cell>
   </Row>
   <Row ss:AutoFitHeight="0">
    <Cell ss:Index="2" ss:StyleID="s25"/>
    <Cell ss:StyleID="s26"/>
    <Cell><Data ss:Type="Number">1</Data></Cell>
   </Row>
   <Row ss:AutoFitHeight="0">
    <Cell ss:Formula="='[Ho tro nhap lieu so.xls]Sheet1'!R[-4]C"><Data
      ss:Type="String">0908739234</Data></Cell>
    <Cell ss:Formula="='[Ho tro nhap lieu so.xls]Sheet1'!R[-4]C"><Data
      ss:Type="String">0908.739.234</Data></Cell>
    <Cell ss:Formula="='[Ho tro nhap lieu so.xls]Sheet1'!R[-4]C"><Data
      ss:Type="String">600000</Data></Cell>
    <Cell><Data ss:Type="Number">1</Data></Cell>
   </Row>
   <Row ss:AutoFitHeight="0">
    <Cell ss:Formula="='[Ho tro nhap lieu so.xls]Sheet1'!R[-4]C"><Data
      ss:Type="String">0932820929</Data></Cell>
    <Cell ss:Formula="='[Ho tro nhap lieu so.xls]Sheet1'!R[-4]C"><Data
      ss:Type="String">093.282.09.29</Data></Cell>
    <Cell ss:Formula="='[Ho tro nhap lieu so.xls]Sheet1'!R[-4]C"><Data
      ss:Type="String">350000</Data></Cell>
    <Cell><Data ss:Type="Number">1</Data></Cell>
   </Row>
   <Row ss:AutoFitHeight="0">
    <Cell ss:Formula="='[Ho tro nhap lieu so.xls]Sheet1'!R[-4]C"><Data
      ss:Type="String">0937241386</Data></Cell>
    <Cell ss:Formula="='[Ho tro nhap lieu so.xls]Sheet1'!R[-4]C"><Data
      ss:Type="String">0937.24.1386</Data></Cell>
    <Cell ss:Formula="='[Ho tro nhap lieu so.xls]Sheet1'!R[-4]C"><Data
      ss:Type="String">350000</Data></Cell>
    <Cell><Data ss:Type="Number">1</Data></Cell>
   </Row>
   <Row ss:AutoFitHeight="0">
    <Cell ss:Formula="='[Ho tro nhap lieu so.xls]Sheet1'!R[-4]C"><Data
      ss:Type="String">0932816121</Data></Cell>
    <Cell ss:Formula="='[Ho tro nhap lieu so.xls]Sheet1'!R[-4]C"><Data
      ss:Type="String">0932.81.61.21</Data></Cell>
    <Cell ss:Formula="='[Ho tro nhap lieu so.xls]Sheet1'!R[-4]C"><Data
      ss:Type="String">350000</Data></Cell>
    <Cell><Data ss:Type="Number">1</Data></Cell>
   </Row>
   <Row ss:AutoFitHeight="0">
    <Cell ss:Formula="='[Ho tro nhap lieu so.xls]Sheet1'!R[-4]C"><Data
      ss:Type="String">0932819131</Data></Cell>
    <Cell ss:Formula="='[Ho tro nhap lieu so.xls]Sheet1'!R[-4]C"><Data
      ss:Type="String">0932.81.91.31</Data></Cell>
    <Cell ss:Formula="='[Ho tro nhap lieu so.xls]Sheet1'!R[-4]C"><Data
      ss:Type="String">400000</Data></Cell>
    <Cell><Data ss:Type="Number">1</Data></Cell>
   </Row>
  </Table>
  <WorksheetOptions xmlns="urn:schemas-microsoft-com:office:excel">
   <Unsynced/>
   <Print>
    <ValidPrinterInfo/>
    <HorizontalResolution>600</HorizontalResolution>
    <VerticalResolution>600</VerticalResolution>
   </Print>
   <Zoom>85</Zoom>
   <Selected/>
   <Panes>
    <Pane>
     <Number>3</Number>
     <ActiveRow>1</ActiveRow>
     <ActiveCol>3</ActiveCol>
     <RangeSelection>R2C4:R10C4</RangeSelection>
    </Pane>
   </Panes>
   <ProtectObjects>False</ProtectObjects>
   <ProtectScenarios>False</ProtectScenarios>
  </WorksheetOptions>
 </Worksheet>
 <Worksheet ss:Name="Ghi chú">
  <Table ss:ExpandedColumnCount="3" ss:ExpandedRowCount="13" x:FullColumns="1"
   x:FullRows="1">
   <Column ss:Width="24.75"/>
   <Column ss:Width="204.75"/>
   <Row ss:AutoFitHeight="0" ss:Height="20.25">
    <Cell ss:StyleID="s27"><Data ss:Type="Number">1</Data></Cell>
    <Cell ss:StyleID="s27"><Data ss:Type="String">Sim Đẹp Tự Nhiên</Data></Cell>
    <Cell ss:StyleID="s27"/>
   </Row>
   <Row ss:AutoFitHeight="0" ss:Height="20.25">
    <Cell ss:StyleID="s27"><Data ss:Type="Number">2</Data></Cell>
    <Cell ss:StyleID="s27"><Data ss:Type="String">Sim Ngũ-Lục-Quý</Data></Cell>
    <Cell ss:StyleID="s27"/>
   </Row>
   <Row ss:AutoFitHeight="0" ss:Height="20.25">
    <Cell ss:StyleID="s27"><Data ss:Type="Number">3</Data></Cell>
    <Cell ss:StyleID="s27"><Data ss:Type="String">Sim Đẹp Tứ Quý</Data></Cell>
    <Cell ss:StyleID="s27"/>
   </Row>
   <Row ss:AutoFitHeight="0" ss:Height="20.25">
    <Cell ss:StyleID="s27"><Data ss:Type="Number">4</Data></Cell>
    <Cell ss:StyleID="s27"><Data ss:Type="String">Sim Đẹp Taxi</Data></Cell>
    <Cell ss:StyleID="s27"/>
   </Row>
   <Row ss:AutoFitHeight="0" ss:Height="20.25">
    <Cell ss:StyleID="s27"><Data ss:Type="Number">5</Data></Cell>
    <Cell ss:StyleID="s27"><Data ss:Type="String">Sim Đẹp Tam Hoa</Data></Cell>
    <Cell ss:StyleID="s27"/>
   </Row>
   <Row ss:AutoFitHeight="0" ss:Height="20.25">
    <Cell ss:StyleID="s27"><Data ss:Type="Number">6</Data></Cell>
    <Cell ss:StyleID="s27"><Data ss:Type="String">Sim Đẹp Số Tiến</Data></Cell>
    <Cell ss:StyleID="s27"/>
   </Row>
   <Row ss:AutoFitHeight="0" ss:Height="20.25">
    <Cell ss:StyleID="s27"><Data ss:Type="Number">7</Data></Cell>
    <Cell ss:StyleID="s27"><Data ss:Type="String">Sim Đẹp Lộc Phát</Data></Cell>
    <Cell ss:StyleID="s27"/>
   </Row>
   <Row ss:AutoFitHeight="0" ss:Height="20.25">
    <Cell ss:StyleID="s27"><Data ss:Type="Number">8</Data></Cell>
    <Cell ss:StyleID="s27"><Data ss:Type="String">Sim Đẹp Thần Tài</Data></Cell>
    <Cell ss:StyleID="s27"/>
   </Row>
   <Row ss:AutoFitHeight="0" ss:Height="20.25">
    <Cell ss:StyleID="s27"><Data ss:Type="Number">9</Data></Cell>
    <Cell ss:StyleID="s27"><Data ss:Type="String">Sim Đẹp Gánh Lặp Kép</Data></Cell>
    <Cell ss:StyleID="s27"/>
   </Row>
   <Row ss:AutoFitHeight="0" ss:Height="20.25">
    <Cell ss:StyleID="s27"><Data ss:Type="Number">10</Data></Cell>
    <Cell ss:StyleID="s27"><Data ss:Type="String">Sim Đẹp Năm Sinh</Data></Cell>
    <Cell ss:StyleID="s27"/>
   </Row>
   <Row ss:AutoFitHeight="0" ss:Height="20.25">
    <Cell ss:StyleID="s27"><Data ss:Type="Number">11</Data></Cell>
    <Cell ss:StyleID="s27"><Data ss:Type="String">Sim Đẹp Dễ Nhớ Độc Đáo</Data></Cell>
    <Cell ss:StyleID="s27"/>
   </Row>
   <Row ss:AutoFitHeight="0" ss:Height="20.25">
    <Cell ss:StyleID="s27"><Data ss:Type="Number">12</Data></Cell>
    <Cell ss:StyleID="s27"><Data ss:Type="String">Sim Thổ Địa</Data></Cell>
    <Cell ss:StyleID="s27"/>
   </Row>
   <Row ss:AutoFitHeight="0" ss:Height="20.25">
    <Cell ss:StyleID="s27"><Data ss:Type="Number">13</Data></Cell>
    <Cell ss:StyleID="s27"><Data ss:Type="String">Sim Số Cặp</Data></Cell>
    <Cell ss:StyleID="s27"/>
   </Row>
  </Table>
  <WorksheetOptions xmlns="urn:schemas-microsoft-com:office:excel">
   <PageSetup>
    <Header x:Margin="0.3"/>
    <Footer x:Margin="0.3"/>
    <PageMargins x:Bottom="0.75" x:Left="0.7" x:Right="0.7" x:Top="0.75"/>
   </PageSetup>
   <Print>
    <ValidPrinterInfo/>
    <HorizontalResolution>300</HorizontalResolution>
    <VerticalResolution>300</VerticalResolution>
   </Print>
   <Panes>
    <Pane>
     <Number>3</Number>
     <ActiveRow>4</ActiveRow>
     <ActiveCol>1</ActiveCol>
    </Pane>
   </Panes>
   <ProtectObjects>False</ProtectObjects>
   <ProtectScenarios>False</ProtectScenarios>
  </WorksheetOptions>
 </Worksheet>
</Workbook>
