<?xml version="1.0"?>
<?mso-application progid="Excel.Sheet"?>
<Workbook xmlns="urn:schemas-microsoft-com:office:spreadsheet"
 xmlns:o="urn:schemas-microsoft-com:office:office"
 xmlns:x="urn:schemas-microsoft-com:office:excel"
 xmlns:ss="urn:schemas-microsoft-com:office:spreadsheet"
 xmlns:html="http://www.w3.org/TR/REC-html40">
 <DocumentProperties xmlns="urn:schemas-microsoft-com:office:office">
  <Author>ServerQLHS</Author>
  <LastAuthor>admin</LastAuthor>
  <Created>2011-04-26T07:44:25Z</Created>
  <LastSaved>2012-08-02T07:12:00Z</LastSaved>
  <Company>PTT</Company>
  <Version>11.5606</Version>
 </DocumentProperties>
 <OfficeDocumentSettings xmlns="urn:schemas-microsoft-com:office:office">
  <AllowPNG/>
 </OfficeDocumentSettings>
 <ExcelWorkbook xmlns="urn:schemas-microsoft-com:office:excel">
  <WindowHeight>9240</WindowHeight>
  <WindowWidth>15600</WindowWidth>
  <WindowTopX>0</WindowTopX>
  <WindowTopY>30</WindowTopY>
  <ProtectStructure>False</ProtectStructure>
  <ProtectWindows>False</ProtectWindows>
 </ExcelWorkbook>
 <Styles>
  <Style ss:ID="Default" ss:Name="Normal">
   <Alignment ss:Vertical="Bottom"/>
   <Borders/>
   <Font/>
   <Interior/>
   <NumberFormat/>
   <Protection/>
  </Style>
  <Style ss:ID="s21">
   <Font x:Family="Swiss" ss:Size="12"/>
  </Style>
  <Style ss:ID="s22">
   <Alignment ss:Horizontal="Center" ss:Vertical="Center"/>
   <Borders>
    <Border ss:Position="Bottom" ss:LineStyle="Continuous" ss:Weight="1"/>
    <Border ss:Position="Left" ss:LineStyle="Continuous" ss:Weight="1"/>
    <Border ss:Position="Right" ss:LineStyle="Continuous" ss:Weight="1"/>
    <Border ss:Position="Top" ss:LineStyle="Continuous" ss:Weight="1"/>
   </Borders>
   <Font x:Family="Swiss" ss:Size="12" ss:Color="#FF0000" ss:Bold="1"/>
  </Style>
  <Style ss:ID="s23">
   <Alignment ss:Horizontal="Center" ss:Vertical="Center"/>
   <Borders>
    <Border ss:Position="Bottom" ss:LineStyle="Continuous" ss:Weight="2"/>
    <Border ss:Position="Left" ss:LineStyle="Continuous" ss:Weight="2"/>
    <Border ss:Position="Right" ss:LineStyle="Continuous" ss:Weight="2"/>
    <Border ss:Position="Top" ss:LineStyle="Continuous" ss:Weight="2"/>
   </Borders>
   <Font x:Family="Swiss" ss:Size="17" ss:Bold="1"/>
  </Style>
  <Style ss:ID="s24">
   <Alignment ss:Horizontal="Center" ss:Vertical="Center"/>
   <Borders>
    <Border ss:Position="Bottom" ss:LineStyle="Continuous" ss:Weight="2"/>
    <Border ss:Position="Right" ss:LineStyle="Continuous" ss:Weight="2"/>
    <Border ss:Position="Top" ss:LineStyle="Continuous" ss:Weight="2"/>
   </Borders>
   <Font x:Family="Swiss" ss:Size="17" ss:Bold="1"/>
  </Style>
  <Style ss:ID="s25">
   <Alignment ss:Horizontal="Center" ss:Vertical="Center"/>
   <Borders>
    <Border ss:Position="Bottom" ss:LineStyle="Continuous" ss:Weight="2"/>
    <Border ss:Position="Left" ss:LineStyle="Continuous" ss:Weight="2"/>
    <Border ss:Position="Right" ss:LineStyle="Continuous" ss:Weight="2"/>
   </Borders>
   <Font x:Family="Swiss" ss:Size="17" ss:Bold="1"/>
  </Style>
  <Style ss:ID="s26">
   <Alignment ss:Horizontal="Center" ss:Vertical="Center"/>
   <Borders>
    <Border ss:Position="Bottom" ss:LineStyle="Continuous" ss:Weight="2"/>
    <Border ss:Position="Right" ss:LineStyle="Continuous" ss:Weight="2"/>
   </Borders>
   <Font x:Family="Swiss" ss:Size="17" ss:Bold="1"/>
  </Style>
  <Style ss:ID="s27">
   <Font x:Family="Swiss" ss:Size="16" ss:Bold="1"/>
  </Style>
  <Style ss:ID="s28">
   <Alignment ss:Horizontal="Center" ss:Vertical="Center" ss:ShrinkToFit="1"/>
   <Borders>
    <Border ss:Position="Left" ss:LineStyle="Continuous" ss:Weight="1"/>
    <Border ss:Position="Right" ss:LineStyle="Continuous" ss:Weight="1"/>
   </Borders>
   <Font ss:FontName="Arial Black" x:Family="Swiss" ss:Size="16"/>
   <Interior/>
   <NumberFormat ss:Format="@"/>
  </Style>
  <Style ss:ID="s29">
   <Alignment ss:Horizontal="Center" ss:Vertical="Center" ss:ShrinkToFit="1"/>
   <Borders>
    <Border ss:Position="Left" ss:LineStyle="Continuous" ss:Weight="1"/>
    <Border ss:Position="Right" ss:LineStyle="Continuous" ss:Weight="1"/>
   </Borders>
   <Font ss:FontName="Arial Black" x:Family="Swiss" ss:Size="16" ss:Bold="1"/>
   <Interior/>
  </Style>
  <Style ss:ID="s30">
   <Alignment ss:Horizontal="Center" ss:Vertical="Center" ss:ShrinkToFit="1"/>
   <Borders>
    <Border ss:Position="Left" ss:LineStyle="Continuous" ss:Weight="1"/>
    <Border ss:Position="Right" ss:LineStyle="Continuous" ss:Weight="1"/>
   </Borders>
   <Font ss:FontName="Arial Black" x:Family="Swiss" ss:Size="16"/>
   <Interior/>
  </Style>
  <Style ss:ID="s31">
   <Alignment ss:Horizontal="Center" ss:Vertical="Center" ss:ShrinkToFit="1"/>
   <Borders>
    <Border ss:Position="Left" ss:LineStyle="Continuous" ss:Weight="1"/>
    <Border ss:Position="Right" ss:LineStyle="Continuous" ss:Weight="1"/>
   </Borders>
   <Font ss:FontName="Arial Black" x:Family="Swiss" ss:Size="16"/>
  </Style>
  <Style ss:ID="s32">
   <Alignment ss:Horizontal="Center" ss:Vertical="Center" ss:ShrinkToFit="1"/>
   <Font ss:FontName="Arial Black" x:Family="Swiss" ss:Size="16"/>
  </Style>
  <Style ss:ID="s33">
   <Alignment ss:Horizontal="Center" ss:Vertical="Center" ss:ShrinkToFit="1"/>
   <Borders>
    <Border ss:Position="Left" ss:LineStyle="Continuous" ss:Weight="1"/>
    <Border ss:Position="Right" ss:LineStyle="Continuous" ss:Weight="1"/>
   </Borders>
   <Font ss:FontName="Arial Black" x:Family="Swiss" ss:Size="16" ss:Bold="1"/>
  </Style>
  <Style ss:ID="s34">
   <Alignment ss:Horizontal="Center" ss:Vertical="Center" ss:ShrinkToFit="1"/>
   <Borders>
    <Border ss:Position="Right" ss:LineStyle="Continuous" ss:Weight="1"/>
   </Borders>
   <Font ss:FontName="Arial Black" x:Family="Swiss" ss:Size="16" ss:Bold="1"/>
  </Style>
  <Style ss:ID="s35">
   <Alignment ss:Horizontal="Center" ss:Vertical="Center" ss:ShrinkToFit="1"/>
   <Font ss:FontName="Arial Black" x:Family="Swiss" ss:Size="16"/>
   <NumberFormat ss:Format="@"/>
  </Style>
  <Style ss:ID="s36">
   <Alignment ss:Horizontal="Center" ss:Vertical="Center" ss:ShrinkToFit="1"/>
   <Borders>
    <Border ss:Position="Left" ss:LineStyle="Continuous" ss:Weight="1"/>
    <Border ss:Position="Right" ss:LineStyle="Continuous" ss:Weight="1"/>
   </Borders>
   <Font ss:FontName="Arial Black" x:Family="Swiss" ss:Size="14" ss:Bold="1"/>
   <Interior ss:Color="#C0C0C0" ss:Pattern="Solid"/>
   <NumberFormat ss:Format="@"/>
  </Style>
  <Style ss:ID="s37">
   <Alignment ss:Horizontal="Center" ss:Vertical="Center" ss:ShrinkToFit="1"/>
   <Borders>
    <Border ss:Position="Left" ss:LineStyle="Continuous" ss:Weight="1"/>
    <Border ss:Position="Right" ss:LineStyle="Continuous" ss:Weight="1"/>
   </Borders>
   <Font ss:FontName="Arial Black" x:Family="Swiss" ss:Size="14"/>
   <Interior ss:Color="#C0C0C0" ss:Pattern="Solid"/>
   <NumberFormat ss:Format="@"/>
  </Style>
  <Style ss:ID="s38">
   <Alignment ss:Horizontal="Center" ss:Vertical="Center" ss:ShrinkToFit="1"/>
   <Borders>
    <Border ss:Position="Left" ss:LineStyle="Continuous" ss:Weight="1"/>
    <Border ss:Position="Right" ss:LineStyle="Continuous" ss:Weight="1"/>
   </Borders>
   <Font ss:FontName="Arial Black" x:Family="Swiss" ss:Size="14" ss:Bold="1"/>
   <Interior/>
   <NumberFormat ss:Format="@"/>
  </Style>
 </Styles>
 <Worksheet ss:Name="Ban Sim UpLoad">
  <Table ss:ExpandedColumnCount="4" ss:ExpandedRowCount="26" x:FullColumns="1"
   x:FullRows="1" ss:StyleID="s21" ss:DefaultRowHeight="15">
   <Column ss:StyleID="s21" ss:Width="138.75"/>
   <Column ss:StyleID="s21" ss:Width="137.25"/>
   <Column ss:StyleID="s21" ss:Width="107.25"/>
   <Column ss:StyleID="s21" ss:AutoFitWidth="0" ss:Width="52.5"/>
   <Row ss:AutoFitHeight="0" ss:Height="16.5">
    <Cell ss:StyleID="s22"><Data ss:Type="String">Sim Điện thoại</Data></Cell>
    <Cell ss:StyleID="s22"><Data ss:Type="String">Cách đọc  sim</Data></Cell>
    <Cell ss:StyleID="s22"><Data ss:Type="String">Giá bán</Data></Cell>
    <Cell ss:StyleID="s22"><Data ss:Type="String">Loại sim</Data></Cell>
   </Row>
   <Row ss:AutoFitHeight="0">
    <Cell ss:Index="2" ss:StyleID="s23"/>
    <Cell ss:StyleID="s24"/>
    <Cell><Data ss:Type="Number">1</Data></Cell>
   </Row>
   <Row ss:AutoFitHeight="0">
    <Cell ss:Index="2" ss:StyleID="s25"/>
    <Cell ss:StyleID="s26"/>
    <Cell><Data ss:Type="Number">1</Data></Cell>
   </Row>
   <Row ss:AutoFitHeight="0">
    <Cell ss:Index="2" ss:StyleID="s25"/>
    <Cell ss:StyleID="s26"/>
    <Cell><Data ss:Type="Number">1</Data></Cell>
   </Row>
   <Row ss:AutoFitHeight="0">
    <Cell ss:Index="2" ss:StyleID="s25"/>
    <Cell ss:StyleID="s26"/>
    <Cell><Data ss:Type="Number">1</Data></Cell>
   </Row>
   <Row ss:AutoFitHeight="0"/>
   <Row ss:AutoFitHeight="0">
    <Cell ss:StyleID="s28"><Data ss:Type="String">0936154999</Data></Cell>
    <Cell ss:StyleID="s28"><Data ss:Type="String">0936.154.999</Data></Cell>
    <Cell ss:StyleID="s36"><Data ss:Type="String">4800000</Data></Cell>
   </Row>
   <Row ss:AutoFitHeight="0">
    <Cell ss:StyleID="s28"><Data ss:Type="String">0906485333</Data></Cell>
    <Cell ss:StyleID="s28"><Data ss:Type="String">0906.485.333</Data></Cell>
    <Cell ss:StyleID="s36"><Data ss:Type="String">1800000</Data></Cell>
   </Row>
   <Row ss:AutoFitHeight="0">
    <Cell ss:StyleID="s28"><Data ss:Type="String">0932828280</Data></Cell>
    <Cell ss:StyleID="s28"><Data ss:Type="String">093.28.28.28.0</Data></Cell>
    <Cell ss:StyleID="s36"><Data ss:Type="String">2200000</Data></Cell>
   </Row>
   <Row ss:AutoFitHeight="0">
    <Cell ss:StyleID="s28"><Data ss:Type="String">0934178866</Data></Cell>
    <Cell ss:StyleID="s28"><Data ss:Type="String">0934.17.88.66</Data></Cell>
    <Cell ss:StyleID="s36"><Data ss:Type="String">1800000</Data></Cell>
   </Row>
   <Row ss:AutoFitHeight="0">
    <Cell ss:StyleID="s28"><Data ss:Type="String">0937571981</Data></Cell>
    <Cell ss:StyleID="s28"><Data ss:Type="String">0937.5.7.1981</Data></Cell>
    <Cell ss:StyleID="s37"><Data ss:Type="String">800000</Data></Cell>
   </Row>
   <Row ss:AutoFitHeight="0">
    <Cell ss:StyleID="s28"><Data ss:Type="String">0937571983</Data></Cell>
    <Cell ss:StyleID="s28"><Data ss:Type="String">0937.5.7.1983</Data></Cell>
    <Cell ss:StyleID="s37"><Data ss:Type="String">800000</Data></Cell>
   </Row>
   <Row ss:AutoFitHeight="0">
    <Cell ss:StyleID="s28"><Data ss:Type="String">0937571984</Data></Cell>
    <Cell ss:StyleID="s28"><Data ss:Type="String">0937.5.7.1984</Data></Cell>
    <Cell ss:StyleID="s37"><Data ss:Type="String">800000</Data></Cell>
   </Row>
   <Row ss:AutoFitHeight="0">
    <Cell ss:StyleID="s29"><Data ss:Type="Number">937927474</Data></Cell>
    <Cell ss:StyleID="s29"><Data ss:Type="String">0937.92.74.74</Data></Cell>
    <Cell ss:StyleID="s37"><Data ss:Type="String">800000</Data></Cell>
   </Row>
   <Row ss:AutoFitHeight="0">
    <Cell ss:StyleID="s29"><Data ss:Type="Number">938024040</Data></Cell>
    <Cell ss:StyleID="s29"><Data ss:Type="String">0938.02.40.40</Data></Cell>
    <Cell ss:StyleID="s36"><Data ss:Type="String">1000000</Data></Cell>
   </Row>
   <Row ss:AutoFitHeight="0">
    <Cell ss:StyleID="s28"><Data ss:Type="String">0908739234</Data></Cell>
    <Cell ss:StyleID="s28"><Data ss:Type="String">0908.739.234</Data></Cell>
    <Cell ss:StyleID="s37"><Data ss:Type="String">600000</Data></Cell>
   </Row>
   <Row ss:AutoFitHeight="0">
    <Cell ss:StyleID="s29"><Data ss:Type="Number">932820929</Data></Cell>
    <Cell ss:StyleID="s29"><Data ss:Type="String">093.282.09.29</Data></Cell>
    <Cell ss:StyleID="s37"><Data ss:Type="String">350000</Data></Cell>
   </Row>
   <Row ss:AutoFitHeight="0">
    <Cell ss:StyleID="s30"><Data ss:Type="Number">937241386</Data></Cell>
    <Cell ss:StyleID="s30"><Data ss:Type="String">0937.24.1386</Data></Cell>
    <Cell ss:StyleID="s37"><Data ss:Type="String">350000</Data></Cell>
   </Row>
   <Row ss:AutoFitHeight="0">
    <Cell ss:StyleID="s31"><Data ss:Type="Number">932816121</Data></Cell>
    <Cell ss:StyleID="s31"><Data ss:Type="String">0932.81.61.21</Data></Cell>
    <Cell ss:StyleID="s37"><Data ss:Type="String">350000</Data></Cell>
   </Row>
   <Row ss:AutoFitHeight="0">
    <Cell ss:StyleID="s31"><Data ss:Type="Number">932819131</Data></Cell>
    <Cell ss:StyleID="s31"><Data ss:Type="String">0932.81.91.31</Data></Cell>
    <Cell ss:StyleID="s37"><Data ss:Type="String">400000</Data></Cell>
   </Row>
   <Row ss:AutoFitHeight="0">
    <Cell ss:StyleID="s32"><Data ss:Type="Number">932828680</Data></Cell>
    <Cell ss:StyleID="s32"><Data ss:Type="String">093.28.28.68.0</Data></Cell>
    <Cell ss:StyleID="s37"><Data ss:Type="String">1200000</Data></Cell>
   </Row>
   <Row ss:AutoFitHeight="0">
    <Cell ss:StyleID="s33"><Data ss:Type="Number">1263087979</Data></Cell>
    <Cell ss:StyleID="s33"><Data ss:Type="String">1263.08.79.79</Data></Cell>
    <Cell ss:StyleID="s37"><Data ss:Type="String">400000</Data></Cell>
   </Row>
   <Row ss:AutoFitHeight="0">
    <Cell ss:StyleID="s34"><Data ss:Type="Number">1264083939</Data></Cell>
    <Cell ss:StyleID="s34"><Data ss:Type="String">1264.08.39.39</Data></Cell>
    <Cell ss:StyleID="s37"><Data ss:Type="String">400000</Data></Cell>
   </Row>
   <Row ss:AutoFitHeight="0">
    <Cell ss:StyleID="s35"><Data ss:Type="String">1217368368</Data></Cell>
    <Cell ss:StyleID="s35"><Data ss:Type="String">1217.368.368</Data></Cell>
    <Cell ss:StyleID="s36"><Data ss:Type="String">3500000</Data></Cell>
   </Row>
   <Row ss:AutoFitHeight="0">
    <Cell ss:StyleID="s31"><Data ss:Type="Number">908877884</Data></Cell>
    <Cell ss:StyleID="s31"><Data ss:Type="String">090.88.77.88.4</Data></Cell>
    <Cell ss:StyleID="s38"><Data ss:Type="String">1500000</Data></Cell>
   </Row>
   <Row ss:AutoFitHeight="0">
    <Cell ss:StyleID="s31"><Data ss:Type="Number">932966579</Data></Cell>
    <Cell ss:StyleID="s31"><Data ss:Type="String">0932.966.579</Data></Cell>
    <Cell ss:StyleID="s38"><Data ss:Type="String">1500000</Data></Cell>
   </Row>
  </Table>
  <WorksheetOptions xmlns="urn:schemas-microsoft-com:office:excel">
   <Unsynced/>
   <Print>
    <ValidPrinterInfo/>
    <HorizontalResolution>600</HorizontalResolution>
    <VerticalResolution>600</VerticalResolution>
   </Print>
   <Zoom>200</Zoom>
   <Selected/>
   <TopRowVisible>14</TopRowVisible>
   <Panes>
    <Pane>
     <Number>3</Number>
     <ActiveRow>26</ActiveRow>
    </Pane>
   </Panes>
   <ProtectObjects>False</ProtectObjects>
   <ProtectScenarios>False</ProtectScenarios>
  </WorksheetOptions>
 </Worksheet>
 <Worksheet ss:Name="Ghi chú">
  <Table ss:ExpandedColumnCount="3" ss:ExpandedRowCount="13" x:FullColumns="1"
   x:FullRows="1">
   <Column ss:Width="24.75"/>
   <Column ss:Width="204.75"/>
   <Row ss:AutoFitHeight="0" ss:Height="20.25">
    <Cell ss:StyleID="s27"><Data ss:Type="Number">1</Data></Cell>
    <Cell ss:StyleID="s27"><Data ss:Type="String">Sim Đẹp Tự Nhiên</Data></Cell>
    <Cell ss:StyleID="s27"/>
   </Row>
   <Row ss:AutoFitHeight="0" ss:Height="20.25">
    <Cell ss:StyleID="s27"><Data ss:Type="Number">2</Data></Cell>
    <Cell ss:StyleID="s27"><Data ss:Type="String">Sim Ngũ-Lục-Quý</Data></Cell>
    <Cell ss:StyleID="s27"/>
   </Row>
   <Row ss:AutoFitHeight="0" ss:Height="20.25">
    <Cell ss:StyleID="s27"><Data ss:Type="Number">3</Data></Cell>
    <Cell ss:StyleID="s27"><Data ss:Type="String">Sim Đẹp Tứ Quý</Data></Cell>
    <Cell ss:StyleID="s27"/>
   </Row>
   <Row ss:AutoFitHeight="0" ss:Height="20.25">
    <Cell ss:StyleID="s27"><Data ss:Type="Number">4</Data></Cell>
    <Cell ss:StyleID="s27"><Data ss:Type="String">Sim Đẹp Taxi</Data></Cell>
    <Cell ss:StyleID="s27"/>
   </Row>
   <Row ss:AutoFitHeight="0" ss:Height="20.25">
    <Cell ss:StyleID="s27"><Data ss:Type="Number">5</Data></Cell>
    <Cell ss:StyleID="s27"><Data ss:Type="String">Sim Đẹp Tam Hoa</Data></Cell>
    <Cell ss:StyleID="s27"/>
   </Row>
   <Row ss:AutoFitHeight="0" ss:Height="20.25">
    <Cell ss:StyleID="s27"><Data ss:Type="Number">6</Data></Cell>
    <Cell ss:StyleID="s27"><Data ss:Type="String">Sim Đẹp Số Tiến</Data></Cell>
    <Cell ss:StyleID="s27"/>
   </Row>
   <Row ss:AutoFitHeight="0" ss:Height="20.25">
    <Cell ss:StyleID="s27"><Data ss:Type="Number">7</Data></Cell>
    <Cell ss:StyleID="s27"><Data ss:Type="String">Sim Đẹp Lộc Phát</Data></Cell>
    <Cell ss:StyleID="s27"/>
   </Row>
   <Row ss:AutoFitHeight="0" ss:Height="20.25">
    <Cell ss:StyleID="s27"><Data ss:Type="Number">8</Data></Cell>
    <Cell ss:StyleID="s27"><Data ss:Type="String">Sim Đẹp Thần Tài</Data></Cell>
    <Cell ss:StyleID="s27"/>
   </Row>
   <Row ss:AutoFitHeight="0" ss:Height="20.25">
    <Cell ss:StyleID="s27"><Data ss:Type="Number">9</Data></Cell>
    <Cell ss:StyleID="s27"><Data ss:Type="String">Sim Đẹp Gánh Lặp Kép</Data></Cell>
    <Cell ss:StyleID="s27"/>
   </Row>
   <Row ss:AutoFitHeight="0" ss:Height="20.25">
    <Cell ss:StyleID="s27"><Data ss:Type="Number">10</Data></Cell>
    <Cell ss:StyleID="s27"><Data ss:Type="String">Sim Đẹp Năm Sinh</Data></Cell>
    <Cell ss:StyleID="s27"/>
   </Row>
   <Row ss:AutoFitHeight="0" ss:Height="20.25">
    <Cell ss:StyleID="s27"><Data ss:Type="Number">11</Data></Cell>
    <Cell ss:StyleID="s27"><Data ss:Type="String">Sim Đẹp Dễ Nhớ Độc Đáo</Data></Cell>
    <Cell ss:StyleID="s27"/>
   </Row>
   <Row ss:AutoFitHeight="0" ss:Height="20.25">
    <Cell ss:StyleID="s27"><Data ss:Type="Number">12</Data></Cell>
    <Cell ss:StyleID="s27"><Data ss:Type="String">Sim Thổ Địa</Data></Cell>
    <Cell ss:StyleID="s27"/>
   </Row>
   <Row ss:AutoFitHeight="0" ss:Height="20.25">
    <Cell ss:StyleID="s27"><Data ss:Type="Number">13</Data></Cell>
    <Cell ss:StyleID="s27"><Data ss:Type="String">Sim Số Cặp</Data></Cell>
    <Cell ss:StyleID="s27"/>
   </Row>
  </Table>
  <WorksheetOptions xmlns="urn:schemas-microsoft-com:office:excel">
   <PageSetup>
    <Header x:Margin="0.3"/>
    <Footer x:Margin="0.3"/>
    <PageMargins x:Bottom="0.75" x:Left="0.7" x:Right="0.7" x:Top="0.75"/>
   </PageSetup>
   <Print>
    <ValidPrinterInfo/>
    <HorizontalResolution>300</HorizontalResolution>
    <VerticalResolution>300</VerticalResolution>
   </Print>
   <Panes>
    <Pane>
     <Number>3</Number>
     <ActiveRow>16</ActiveRow>
     <ActiveCol>1</ActiveCol>
    </Pane>
   </Panes>
   <ProtectObjects>False</ProtectObjects>
   <ProtectScenarios>False</ProtectScenarios>
  </WorksheetOptions>
 </Worksheet>
</Workbook>
